{"aact_m": 1.3004672306, "sphings_r": 0.0417928422, "val_L_e": 0.3541823118, "C10164_c": 0.0620064345, "HC02024_r": 0.065758455, "fum_m": 0.0375993637, "hdcea_e": 0.0397197091, "adrnl_e": 0.0001468886, "cit_c": 0.6595175738, "4hpro_LT_r": 0.11026451400000001, "chol_m": 0.1170272943, "4h2oglt_c": 0.0493925172, "C06199_l": 0.28714887559999996, "trp_L_c": 0.462248196, "stcrn_m": 0.0380637172, "pyr_m": 0.7087204767, "carn_c": 0.1787808816, "chsterol_n": 1.0238195804999999, "lys_L_m": 0.6975368279, "g6p_r": 0.21599071739999998, "arg_L_e": 0.0606242554, "acgam_l": 0.0046341995, "c4crn_m": 0.014621113, "C01601_c": 0.0184530739, "hom_L_e": 0.001856336, "hxan_e": 0.0138612071, "lnlccrn_m": 0.047963918200000004, "im4ac_c": 0.0135532875, "urate_e": 0.2493206278, "g3p_c": 0.058411459299999996, "hdd2crn_c": 0.014749211399999998, "glu_L_r": 0.18851304160000001, "nac_c": 0.6658861547, "asp_D_e": 0.0972502424, "thrnt_c": 0.035220623900000005, "C01507_c": 0.046903762800000005, "12ppd_R_c": 0.5305621940999999, "5oxpro_e": 1.6755588412, "fuc_L_e": 0.0088969637, "arab_L_c": 0.0106635136, "vacccrn_m": 0.08874643, "CE6205_c": 0.0998993442, "pram_c": 0.6209902463, "ipdp_c": 0.0044307846, "met_L_m": 0.1803908575, "ile_L_e": 0.0332799134, "hyptaur_c": 0.0043344617, "rbt_e": 0.043433132199999995, "ocdca_c": 0.4015886948, "Lpipecol_x": 0.035483022, "c10crn_e": 0.038302879, "dhdascb_c": 0.0146709053, "gal_c": 0.0280139119, "phe_L_l": 0.4759073313, "urea_m": 10.8792323277, "glx_m": 0.024073266, "glc_D_c": 17.2180340622, "gln_L_e": 0.3300540273, "glcur_c": 0.0090103079, "crn_e": 0.0755621284, "c6crn_x": 0.0063753128000000004, "gua_e": 0.0135660898, "dchac_r": 0.1178901325, "4mop_c": 0.0497620983, "sarcs_m": 0.0203051478, "anth_e": 0.0124627571, "andrstndn_c": 0.012335763100000001, "1p2cbxl_x": 0.2505824308, "2coum_c": 0.0169457311, "thr_L_e": 0.7706175169, "bilirub_r": 0.0344783142, "5hoxindoa_c": 0.0095990042, "ddeccrn_m": 0.0274313367, "3mop_m": 0.0754196684, "xylt_e": 0.007133254499999999, "sphs1p_e": 0.0136012552, "gudac_c": 0.009378161999999999, "succ_r": 0.0237510923, "ala_D_c": 9.5379877874, "prgstrn_e": 0.0085199301, "3hmp_m": 0.5526466924, "dmnoncrn_x": 0.0054548299, "oaa_x": 0.1418825249, "rib_D_c": 0.0522865721, "gly_m": 2.3636629169, "citr_L_m": 0.7087410541, "glyclt_x": 0.0120461171, "acnam_l": 0.0028217584000000003, "creat_m": 0.2089321484, "tyr_L_l": 0.12075241689999999, "oxa_c": 170.9475892995, "Lcystin_c": 0.0260819395, "ivcrn_c": 0.1210036881, "dhap_x": 0.0228433018, "bz_r": 0.016113762900000002, "lneldc_e": 0.050484617300000006, "C02356_c": 0.1509046207, "pchol_hs_c": 0.4399169456, "asn_L_c": 0.035380118599999996, "6pgc_c": 0.0370095676, "ser_L_x": 0.7115155535, "leu_L_m": 1.7420999132, "25hvitd3_c": 0.0156298869, "gcald_c": 0.3186333732, "glyald_m": 0.011659161999999999, "thm_e": 0.0153599587, "c8crn_x": 0.017218292, "pcollg5hlys_c": 0.0528315249, "srb_L_c": 0.0248541669, "5htrp_e": 0.0070489244999999996, "pmtcrn_m": 0.0117394389, "CE2537_c": 0.1387628398, "cyst_L_m": 0.0873201912, "3mob_c": 0.0071402227000000006, "ru5p_D_c": 0.0168271695, "cys_L_m": 0.0502138036, "2mcacn_c": 0.0075117395, "pro_D_l": 3.6202792582, "pser_L_c": 0.0093296163, "pac_m": 0.38534050950000004, "inost_r": 0.22157805949999998, "ttdca_e": 0.0818700374, "orn_m": 0.36425896869999996, "acrn_x": 0.0143289475, "ttdcea_c": 0.0101870489, "fru_e": 0.017143559, "ura_c": 0.038517627900000004, "lac_D_c": 25.3251372075, "glyc_c": 0.3167249224, "ocdcea_r": 0.007183267199999999, "ttdcrn_c": 0.0118017854}