{"aact_m": 0.7133679631000001, "sphings_r": 0.020532933, "val_L_e": 0.6399909451, "C10164_c": 0.0723626249, "HC02024_r": 0.0806655585, "fum_m": 0.0360149377, "hdcea_e": 0.1233853004, "adrnl_e": 0.0022012579, "cit_c": 1.1700193705, "4hpro_LT_r": 0.12053829140000001, "chol_m": 0.0637714311, "4h2oglt_c": 0.035490777200000004, "C06199_l": 0.4003537325, "trp_L_c": 0.787516563, "stcrn_m": 0.09534665099999999, "pyr_m": 0.9890936358, "carn_c": 0.1453657584, "chsterol_n": 1.6373234800999998, "lys_L_m": 0.7326395055, "g6p_r": 0.0585374424, "arg_L_e": 0.0605620058, "acgam_l": 0.006275323, "c4crn_m": 0.0171686637, "C01601_c": 0.0355371521, "hom_L_e": 0.0038556646999999998, "hxan_e": 0.045182002699999994, "lnlccrn_m": 0.21560337079999997, "im4ac_c": 0.012372263100000001, "urate_e": 0.3644687596, "g3p_c": 0.0470171683, "hdd2crn_c": 0.051587989400000006, "glu_L_r": 0.42324932579999996, "nac_c": 0.0956081505, "asp_D_e": 0.0832600898, "thrnt_c": 0.1642992536, "C01507_c": 0.0083602391, "12ppd_R_c": 0.7830791403, "5oxpro_e": 2.2900882619, "fuc_L_e": 0.006943859399999999, "arab_L_c": 0.0106304513, "vacccrn_m": 0.2956342308, "CE6205_c": 0.0197791375, "pram_c": 0.6597885839000001, "ipdp_c": 0.005367348, "met_L_m": 0.2187790525, "ile_L_e": 0.0473630203, "hyptaur_c": 0.0068082672, "rbt_e": 0.0378981975, "ocdca_c": 1.2053983857, "Lpipecol_x": 0.1862716409, "c10crn_e": 0.2097755611, "dhdascb_c": 0.0219884956, "gal_c": 0.0400867238, "phe_L_l": 0.6905700851000001, "urea_m": 19.7055232182, "glx_m": 0.0377526004, "glc_D_c": 31.5805077433, "gln_L_e": 0.3227786373, "glcur_c": 0.0089331789, "crn_e": 0.039875666000000004, "c6crn_x": 0.0250213164, "gua_e": 0.017766560900000002, "dchac_r": 0.112318802, "4mop_c": 0.0584247837, "sarcs_m": 0.09047391210000001, "anth_e": 0.012855515, "andrstndn_c": 0.0188653799, "1p2cbxl_x": 0.3102800555, "2coum_c": 0.0206998317, "thr_L_e": 0.7258432573, "bilirub_r": 0.0867670551, "5hoxindoa_c": 0.0108176802, "ddeccrn_m": 0.10896945849999999, "3mop_m": 0.1423350231, "xylt_e": 0.0117063842, "sphs1p_e": 0.0584384802, "gudac_c": 0.0100535801, "succ_r": 0.041738703599999996, "ala_D_c": 10.8552499533, "prgstrn_e": 0.024994481800000003, "3hmp_m": 4.8771630078, "dmnoncrn_x": 0.014455150900000002, "oaa_x": 0.10477677369999999, "rib_D_c": 0.0434382404, "gly_m": 1.3491906597, "citr_L_m": 0.6766368655, "glyclt_x": 0.021751255, "acnam_l": 0.0087144379, "creat_m": 0.48929978490000003, "tyr_L_l": 0.1547055684, "oxa_c": 145.8466851149, "Lcystin_c": 0.0343118801, "ivcrn_c": 0.0399071389, "dhap_x": 0.0257873411, "bz_r": 0.022164453599999998, "lneldc_e": 0.1416830416, "C02356_c": 0.4777327353, "pchol_hs_c": 0.3172617475, "asn_L_c": 0.080423737, "6pgc_c": 0.0261296591, "ser_L_x": 1.0962957334, "leu_L_m": 3.2978270144, "25hvitd3_c": 0.047039482199999996, "gcald_c": 0.5336915601, "glyald_m": 0.0059554785999999995, "thm_e": 0.0025698267, "c8crn_x": 0.0690447998, "pcollg5hlys_c": 0.0814420553, "srb_L_c": 0.0216476139, "5htrp_e": 0.014201866899999999, "pmtcrn_m": 0.007328336600000001, "CE2537_c": 0.11015744359999999, "cyst_L_m": 0.0721454726, "3mob_c": 0.011663421799999999, "ru5p_D_c": 0.0322974473, "cys_L_m": 0.0689364547, "2mcacn_c": 0.0095467179, "pro_D_l": 5.6088623223, "pser_L_c": 0.010677004399999999, "pac_m": 0.4270768143, "inost_r": 0.2340924398, "ttdca_e": 0.2862216903, "orn_m": 0.7137483810999999, "acrn_x": 0.0086728233, "ttdcea_c": 0.016174365700000002, "fru_e": 0.054320603099999996, "ura_c": 0.0565779151, "lac_D_c": 99.7344232716, "glyc_c": 0.8669269042000001, "ocdcea_r": 0.0384388103, "ttdcrn_c": 0.0404137636}