{"aact_m": 0.8286172843999999, "sphings_r": 0.032494361, "val_L_e": 0.6668252514999999, "C10164_c": 0.1045016603, "HC02024_r": 0.0382913777, "fum_m": 0.0451160715, "hdcea_e": 0.0572674566, "adrnl_e": 0.0021910698, "cit_c": 0.6656803546, "4hpro_LT_r": 0.11288500439999999, "chol_m": 0.0950327532, "4h2oglt_c": 0.0322252532, "C06199_l": 0.4016352171, "trp_L_c": 0.5682601689, "stcrn_m": 0.0877175061, "pyr_m": 2.3939789783000003, "carn_c": 0.2534631, "chsterol_n": 0.9798510012999999, "lys_L_m": 1.1048571193999999, "g6p_r": 0.0656651571, "arg_L_e": 0.0567777413, "acgam_l": 0.0051791104999999995, "c4crn_m": 0.030164807000000002, "C01601_c": 0.0158237114, "hom_L_e": 0.025229444, "hxan_e": 0.0321061983, "lnlccrn_m": 0.0773846567, "im4ac_c": 0.011728491399999999, "urate_e": 0.1879132827, "g3p_c": 0.06622612139999999, "hdd2crn_c": 0.0209122859, "glu_L_r": 0.1256411012, "nac_c": 0.2678866643, "asp_D_e": 0.049576163300000003, "thrnt_c": 0.0220759657, "C01507_c": 0.044491667699999994, "12ppd_R_c": 0.5701833056000001, "5oxpro_e": 1.5226627603999998, "fuc_L_e": 0.011556045, "arab_L_c": 0.0068016265000000005, "vacccrn_m": 0.1212882616, "CE6205_c": 0.04401244519999999, "pram_c": 0.0, "ipdp_c": 0.0043783610999999995, "met_L_m": 0.3172069155, "ile_L_e": 0.024183347200000004, "hyptaur_c": 0.015073053999999999, "rbt_e": 0.0365557793, "ocdca_c": 0.5423369107, "Lpipecol_x": 0.0451350404, "c10crn_e": 0.0381792191, "dhdascb_c": 0.015760063, "gal_c": 0.0592555861, "phe_L_l": 0.6571419142, "urea_m": 11.058020105799999, "glx_m": 0.0354244391, "glc_D_c": 23.402070025900002, "gln_L_e": 0.4705194213, "glcur_c": 0.009539999, "crn_e": 0.038289853900000004, "c6crn_x": 0.0092267294, "gua_e": 0.0269836386, "dchac_r": 0.0983489673, "4mop_c": 0.0726693163, "sarcs_m": 0.0894813807, "anth_e": 0.005783424499999999, "andrstndn_c": 0.0075808822, "1p2cbxl_x": 0.2326789867, "2coum_c": 0.028902779700000002, "thr_L_e": 0.8635131446, "bilirub_r": 0.0323228353, "5hoxindoa_c": 0.0099578616, "ddeccrn_m": 0.033449801, "3mop_m": 0.08584135300000001, "xylt_e": 0.007673274599999999, "sphs1p_e": 0.039335410099999996, "gudac_c": 0.010477112700000001, "succ_r": 0.0243922799, "ala_D_c": 33.5874127813, "prgstrn_e": 0.0087820965, "3hmp_m": 0.9681961683, "dmnoncrn_x": 0.0035552175, "oaa_x": 0.11821920890000001, "rib_D_c": 0.08757301220000001, "gly_m": 1.5745958401, "citr_L_m": 0.6928166197, "glyclt_x": 0.0088676044, "acnam_l": 0.010323401500000001, "creat_m": 0.2497729473, "tyr_L_l": 0.20765921980000002, "oxa_c": 86.4411670624, "Lcystin_c": 0.0408924312, "ivcrn_c": 0.0268403926, "dhap_x": 0.028062223900000002, "bz_r": 0.023887853900000002, "lneldc_e": 0.0461148783, "C02356_c": 0.7477950181999999, "pchol_hs_c": 0.1803999698, "asn_L_c": 0.1038257238, "6pgc_c": 0.0225490011, "ser_L_x": 0.8888760123, "leu_L_m": 2.0177125896, "25hvitd3_c": 0.0273071946, "gcald_c": 0.3992386468, "glyald_m": 0.0113543898, "thm_e": 0.0096292634, "c8crn_x": 0.013939990900000001, "pcollg5hlys_c": 0.1130210383, "srb_L_c": 0.0384919028, "5htrp_e": 0.0100483333, "pmtcrn_m": 0.0107610779, "CE2537_c": 0.22825537969999998, "cyst_L_m": 0.21693622129999998, "3mob_c": 0.009354079, "ru5p_D_c": 0.009179078, "cys_L_m": 0.1014243397, "2mcacn_c": 0.0074568511, "pro_D_l": 12.4298187247, "pser_L_c": 0.010491497800000001, "pac_m": 0.3939110037, "inost_r": 0.369165353, "ttdca_e": 0.3238431208, "orn_m": 0.6312576047, "acrn_x": 0.007676169300000001, "ttdcea_c": 0.0189188032, "fru_e": 1.0182770086, "ura_c": 0.0414172631, "lac_D_c": 84.2481606173, "glyc_c": 0.6756722092, "ocdcea_r": 0.0230875714, "ttdcrn_c": 0.0198370643}