{"aact_m": 0.4818519385, "sphings_r": 0.0279900758, "val_L_e": 0.5686361898, "C10164_c": 0.049238060199999996, "HC02024_r": 0.0791688703, "fum_m": 0.0311711002, "hdcea_e": 0.022003985099999998, "adrnl_e": 0.034185039, "cit_c": 1.6033303139, "4hpro_LT_r": 0.12134443550000001, "chol_m": 0.0872755494, "4h2oglt_c": 0.0378780571, "C06199_l": 0.4849201122, "trp_L_c": 0.38426945840000004, "stcrn_m": 0.0652816614, "pyr_m": 1.3620431068, "carn_c": 0.4061400951, "chsterol_n": 0.8174559795, "lys_L_m": 1.1438285716, "g6p_r": 0.061862331799999996, "arg_L_e": 0.0383014194, "acgam_l": 0.0051386904, "c4crn_m": 0.1004304234, "C01601_c": 0.0248273874, "hom_L_e": 0.015446208999999999, "hxan_e": 0.0750861015, "lnlccrn_m": 0.1543010383, "im4ac_c": 0.3158255887, "urate_e": 0.9138342564, "g3p_c": 0.0607512003, "hdd2crn_c": 0.0365318654, "glu_L_r": 0.3551495962, "nac_c": 0.260443142, "asp_D_e": 0.11863781080000001, "thrnt_c": 0.0123411041, "C01507_c": 0.1206684925, "12ppd_R_c": 0.49227388590000004, "5oxpro_e": 2.3335932678, "fuc_L_e": 0.0120699121, "arab_L_c": 0.0304750771, "vacccrn_m": 0.2435821646, "CE6205_c": 0.018067849, "pram_c": 0.8226606259, "ipdp_c": 0.0046141442, "met_L_m": 0.2728541526, "ile_L_e": 0.0338199785, "hyptaur_c": 0.0061486566, "rbt_e": 0.1193073255, "ocdca_c": 0.5554027553, "Lpipecol_x": 0.0566874977, "c10crn_e": 0.42022469560000003, "dhdascb_c": 0.0270225804, "gal_c": 0.0246825318, "phe_L_l": 0.8115858466, "urea_m": 47.980238481899995, "glx_m": 0.1892732656, "glc_D_c": 3.2628999369, "gln_L_e": 0.5750244408, "glcur_c": 0.031820697200000005, "crn_e": 0.0477971479, "c6crn_x": 0.0446349134, "gua_e": 0.0216586104, "dchac_r": 0.11552706060000001, "4mop_c": 0.0363821464, "sarcs_m": 0.1006019731, "anth_e": 0.0053042792, "andrstndn_c": 0.06419279, "1p2cbxl_x": 0.6297865393, "2coum_c": 0.0291390731, "thr_L_e": 0.6988973095000001, "bilirub_r": 0.0541836283, "5hoxindoa_c": 0.0109826344, "ddeccrn_m": 0.1189508683, "3mop_m": 0.08583692130000001, "xylt_e": 0.0106585413, "sphs1p_e": 0.11832573800000001, "gudac_c": 0.0101399143, "succ_r": 0.038253707000000005, "ala_D_c": 12.292748546199999, "prgstrn_e": 0.0413544602, "3hmp_m": 3.1644447902999997, "dmnoncrn_x": 0.0260357271, "oaa_x": 0.1052607916, "rib_D_c": 0.10789106470000001, "gly_m": 2.0968980125, "citr_L_m": 0.6710861567, "glyclt_x": 0.0017897873, "acnam_l": 0.014234079699999999, "creat_m": 0.3022257552, "tyr_L_l": 0.2174387384, "oxa_c": 71.23515999, "Lcystin_c": 0.0634477685, "ivcrn_c": 0.0136856405, "dhap_x": 0.0252388634, "bz_r": 0.0240203293, "lneldc_e": 0.1133632464, "C02356_c": 0.5390532364, "pchol_hs_c": 0.039972903500000004, "asn_L_c": 0.1008375199, "6pgc_c": 0.0303825202, "ser_L_x": 0.8905829176000001, "leu_L_m": 3.2956710885000002, "25hvitd3_c": 0.0326662527, "gcald_c": 0.8982003545, "glyald_m": 0.0059710378000000005, "thm_e": 0.0673424911, "c8crn_x": 0.15585464289999998, "pcollg5hlys_c": 0.0628639012, "srb_L_c": 0.0494925441, "5htrp_e": 0.0123736908, "pmtcrn_m": 0.0042572766, "CE2537_c": 0.3141166401, "cyst_L_m": 0.0141111304, "3mob_c": 0.0081157381, "ru5p_D_c": 0.0069037743, "cys_L_m": 0.1211503216, "2mcacn_c": 0.009237127099999999, "pro_D_l": 9.289771528200001, "pser_L_c": 0.0103011714, "pac_m": 0.4419026385, "inost_r": 0.9719814443000001, "ttdca_e": 0.0871318841, "orn_m": 0.8773367768000001, "acrn_x": 0.0171586335, "ttdcea_c": 0.0031204867, "fru_e": 0.17191539739999998, "ura_c": 0.0728338538, "lac_D_c": 96.5253060861, "glyc_c": 0.2686977818, "ocdcea_r": 0.0118129449, "ttdcrn_c": 0.042977592599999996}