{"aact_m": 1.0510769167, "sphings_r": 0.0261704857, "val_L_e": 0.6028257505, "C10164_c": 0.06357646230000001, "HC02024_r": 0.0569114964, "fum_m": 0.0397805377, "hdcea_e": 0.0063204001, "adrnl_e": 0.011141606100000001, "cit_c": 0.6342468095, "4hpro_LT_r": 0.11715104779999999, "chol_m": 0.0521049082, "4h2oglt_c": 0.0391994607, "C06199_l": 0.518912921, "trp_L_c": 0.6258609068, "stcrn_m": 0.0526981956, "pyr_m": 1.1859302543999999, "carn_c": 0.1814966601, "chsterol_n": 1.238653228, "lys_L_m": 1.1649843385, "g6p_r": 0.057777138799999996, "arg_L_e": 0.032152873, "acgam_l": 0.0044631424, "c4crn_m": 0.0153790266, "C01601_c": 0.0394124145, "hom_L_e": 0.0027211859999999996, "hxan_e": 0.0356002006, "lnlccrn_m": 0.0815651058, "im4ac_c": 0.0073228766, "urate_e": 0.5243018403999999, "g3p_c": 0.0540611675, "hdd2crn_c": 0.0191625759, "glu_L_r": 0.1231918687, "nac_c": 0.1840411715, "asp_D_e": 0.0435868039, "thrnt_c": 0.0156525974, "C01507_c": 0.010417710699999999, "12ppd_R_c": 0.5293330197999999, "5oxpro_e": 1.0714389845, "fuc_L_e": 0.0078309069, "arab_L_c": 0.011889603600000001, "vacccrn_m": 0.1331761111, "CE6205_c": 0.056328305999999995, "pram_c": 0.0, "ipdp_c": 0.0049873587, "met_L_m": 0.3057838627, "ile_L_e": 0.0385338228, "hyptaur_c": 0.0096138804, "rbt_e": 0.0320197951, "ocdca_c": 0.26564008559999996, "Lpipecol_x": 0.0366206673, "c10crn_e": 0.0458422646, "dhdascb_c": 0.015235459, "gal_c": 0.061759731500000005, "phe_L_l": 0.7943239608, "urea_m": 20.6276709735, "glx_m": 0.0306019633, "glc_D_c": 0.7065710976, "gln_L_e": 0.2880609911, "glcur_c": 0.0057750815, "crn_e": 0.0983522089, "c6crn_x": 0.0083692423, "gua_e": 0.022772376, "dchac_r": 0.10736644199999999, "4mop_c": 0.071489508, "sarcs_m": 0.0903389341, "anth_e": 0.0113469706, "andrstndn_c": 0.0156191812, "1p2cbxl_x": 0.2580700659, "2coum_c": 0.0333018443, "thr_L_e": 0.9929620026, "bilirub_r": 0.0242928171, "5hoxindoa_c": 0.0105921733, "ddeccrn_m": 0.0311311925, "3mop_m": 0.0336941119, "xylt_e": 0.0050835329999999995, "sphs1p_e": 0.0574464708, "gudac_c": 0.010569371499999999, "succ_r": 0.019412711200000002, "ala_D_c": 10.3554120424, "prgstrn_e": 0.0076674856, "3hmp_m": 0.8538669769, "dmnoncrn_x": 0.006704172800000001, "oaa_x": 0.1076124356, "rib_D_c": 0.045097564900000005, "gly_m": 1.0975449690999999, "citr_L_m": 0.7105442926000001, "glyclt_x": 0.0099853472, "acnam_l": 0.0088917891, "creat_m": 0.2735422218, "tyr_L_l": 0.24784959920000002, "oxa_c": 140.49331948219998, "Lcystin_c": 0.0687504922, "ivcrn_c": 0.059047253200000004, "dhap_x": 0.023038811699999998, "bz_r": 0.0275551422, "lneldc_e": 0.1171058245, "C02356_c": 0.5269071181, "pchol_hs_c": 0.11399881460000001, "asn_L_c": 0.0751574809, "6pgc_c": 0.0278964011, "ser_L_x": 1.0288103697, "leu_L_m": 4.5139766714, "25hvitd3_c": 0.020052571, "gcald_c": 0.6016927679, "glyald_m": 0.0121556378, "thm_e": 0.011238033100000001, "c8crn_x": 0.0164881464, "pcollg5hlys_c": 0.0693727853, "srb_L_c": 0.021907445, "5htrp_e": 0.0095196498, "pmtcrn_m": 0.0034473704999999997, "CE2537_c": 0.1226801277, "cyst_L_m": 0.039639741299999996, "3mob_c": 0.0088749517, "ru5p_D_c": 0.013032760800000001, "cys_L_m": 0.1181798131, "2mcacn_c": 0.007960638, "pro_D_l": 7.0018312407000005, "pser_L_c": 0.0085079808, "pac_m": 0.41218900810000003, "inost_r": 0.2674069559, "ttdca_e": 0.0323569257, "orn_m": 0.9699359895999999, "acrn_x": 0.013601502, "ttdcea_c": 0.010280863199999999, "fru_e": 0.8825838954999999, "ura_c": 0.0396236489, "lac_D_c": 46.9647805959, "glyc_c": 0.2958753966, "ocdcea_r": 0.0030667833, "ttdcrn_c": 0.015895989699999998}