{"aact_m": 0.9774226422, "sphings_r": 0.0353224126, "val_L_e": 0.5004758645, "C10164_c": 0.04462076809999999, "HC02024_r": 0.060373449, "fum_m": 0.026583412200000003, "hdcea_e": 0.005059656, "adrnl_e": 0.0030554033, "cit_c": 1.006654285, "4hpro_LT_r": 0.1153317164, "chol_m": 0.0299437908, "4h2oglt_c": 0.0456485872, "C06199_l": 0.4574184229, "trp_L_c": 0.449074731, "stcrn_m": 0.0426255387, "pyr_m": 0.9675810465000001, "carn_c": 0.1901678959, "chsterol_n": 1.3859188965, "lys_L_m": 1.1138285772, "g6p_r": 0.0433718592, "arg_L_e": 0.0634413549, "acgam_l": 0.0045109137, "c4crn_m": 0.0227544432, "C01601_c": 0.018731701200000003, "hom_L_e": 0.0042284046, "hxan_e": 0.0154613752, "lnlccrn_m": 0.0884844737, "im4ac_c": 0.0506593751, "urate_e": 0.23247019030000002, "g3p_c": 0.0506422768, "hdd2crn_c": 0.0147035104, "glu_L_r": 0.1951989269, "nac_c": 0.2736546524, "asp_D_e": 0.056070282199999995, "thrnt_c": 0.048318544000000005, "C01507_c": 0.1870151885, "12ppd_R_c": 0.3548937147, "5oxpro_e": 1.3952340958000002, "fuc_L_e": 0.0063084273, "arab_L_c": 0.0190059476, "vacccrn_m": 0.09803193880000001, "CE6205_c": 0.0550965534, "pram_c": 0.0001512299, "ipdp_c": 0.0043451869, "met_L_m": 0.20962360440000002, "ile_L_e": 0.017955143700000002, "hyptaur_c": 0.007415136700000001, "rbt_e": 0.0618822313, "ocdca_c": 0.2761065191, "Lpipecol_x": 0.4808280539, "c10crn_e": 0.055727848499999996, "dhdascb_c": 0.0183027285, "gal_c": 0.0198739611, "phe_L_l": 0.680211676, "urea_m": 18.4184621802, "glx_m": 0.0529135017, "glc_D_c": 27.1790032831, "gln_L_e": 0.38158995240000004, "glcur_c": 0.0082193412, "crn_e": 0.039278805699999995, "c6crn_x": 0.008426989499999999, "gua_e": 0.0169607342, "dchac_r": 0.1092909694, "4mop_c": 0.0312943052, "sarcs_m": 0.05457719, "anth_e": 0.0028556865000000002, "andrstndn_c": 0.022512069300000003, "1p2cbxl_x": 0.2635099006, "2coum_c": 0.0253059444, "thr_L_e": 0.7215226337, "bilirub_r": 0.030782892599999997, "5hoxindoa_c": 0.011450884, "ddeccrn_m": 0.026368282200000003, "3mop_m": 0.07182276209999999, "xylt_e": 0.0055132289, "sphs1p_e": 0.0438570462, "gudac_c": 0.010866750900000001, "succ_r": 0.0120456075, "ala_D_c": 24.6665756498, "prgstrn_e": 0.011489446100000002, "3hmp_m": 1.1211412032999999, "dmnoncrn_x": 0.0059740426, "oaa_x": 0.1074567118, "rib_D_c": 0.050726900899999997, "gly_m": 3.8200001197000004, "citr_L_m": 0.659644442, "glyclt_x": 0.0016625704999999999, "acnam_l": 0.0074066035, "creat_m": 0.225638096, "tyr_L_l": 0.1823323243, "oxa_c": 43.0172264295, "Lcystin_c": 0.0715375271, "ivcrn_c": 0.0487384534, "dhap_x": 0.022838749900000004, "bz_r": 0.0219099056, "lneldc_e": 0.1159448425, "C02356_c": 0.4409482486, "pchol_hs_c": 0.22676348719999997, "asn_L_c": 0.1200819804, "6pgc_c": 0.0366377269, "ser_L_x": 1.3592833757, "leu_L_m": 2.5435455838, "25hvitd3_c": 0.0141903507, "gcald_c": 0.44561083, "glyald_m": 0.0039707773, "thm_e": 0.0174735774, "c8crn_x": 0.0208545708, "pcollg5hlys_c": 0.0700692445, "srb_L_c": 0.0320904716, "5htrp_e": 0.0104795375, "pmtcrn_m": 0.0033410809, "CE2537_c": 0.1298051705, "cyst_L_m": 0.0639595664, "3mob_c": 0.0046326498, "ru5p_D_c": 0.010846957800000001, "cys_L_m": 0.1093559332, "2mcacn_c": 0.008562394499999999, "pro_D_l": 9.851074346499999, "pser_L_c": 0.0094873784, "pac_m": 0.46909003409999994, "inost_r": 0.42914092579999996, "ttdca_e": 0.0314815823, "orn_m": 0.9541743601999999, "acrn_x": 0.0080447604, "ttdcea_c": 0.0126110141, "fru_e": 0.2048837811, "ura_c": 0.047157062300000004, "lac_D_c": 52.2571241552, "glyc_c": 0.2482350672, "ocdcea_r": 0.0025657223, "ttdcrn_c": 0.0121812355}