{"aact_m": 0.8169541004, "sphings_r": 0.0203908789, "val_L_e": 0.4775080497, "C10164_c": 0.1301202564, "HC02024_r": 0.037969377900000004, "fum_m": 0.0533591009, "hdcea_e": 0.014307961499999999, "adrnl_e": 0.0011965652, "cit_c": 1.5291329982, "4hpro_LT_r": 0.1106500124, "chol_m": 0.0541501957, "4h2oglt_c": 0.0342168874, "C06199_l": 0.4868043639, "trp_L_c": 0.6482906732, "stcrn_m": 0.0492206922, "pyr_m": 1.9187130696999999, "carn_c": 0.30307992829999997, "chsterol_n": 2.1610978150999998, "lys_L_m": 1.4535709592, "g6p_r": 0.0774234472, "arg_L_e": 0.0360196345, "acgam_l": 0.006060513399999999, "c4crn_m": 0.0090305142, "C01601_c": 0.012591968600000001, "hom_L_e": 0.005816806, "hxan_e": 0.0294370926, "lnlccrn_m": 0.07745523530000001, "im4ac_c": 0.021469583599999998, "urate_e": 0.5068061843, "g3p_c": 0.047639385, "hdd2crn_c": 0.0235950639, "glu_L_r": 0.08174721160000001, "nac_c": 0.17536460510000002, "asp_D_e": 0.0534937923, "thrnt_c": 0.0742871861, "C01507_c": 0.010722573899999999, "12ppd_R_c": 0.5220912791, "5oxpro_e": 1.3262399952, "fuc_L_e": 0.0118809797, "arab_L_c": 0.0062296975, "vacccrn_m": 0.1399856391, "CE6205_c": 0.015344831000000001, "pram_c": 0.5585285317, "ipdp_c": 0.0036035086, "met_L_m": 0.1880733224, "ile_L_e": 0.0592846734, "hyptaur_c": 0.011872209, "rbt_e": 0.039938571, "ocdca_c": 0.5473468264, "Lpipecol_x": 0.0453800545, "c10crn_e": 0.1007709111, "dhdascb_c": 0.0230625434, "gal_c": 0.0483034055, "phe_L_l": 0.9058374856999999, "urea_m": 32.6710098761, "glx_m": 0.0511520076, "glc_D_c": 62.1655644719, "gln_L_e": 0.3773215735, "glcur_c": 0.012779465700000001, "crn_e": 0.0401732207, "c6crn_x": 0.0116718929, "gua_e": 0.013465508400000001, "dchac_r": 0.0612657792, "4mop_c": 0.0760150237, "sarcs_m": 0.1295488429, "anth_e": 0.0067169637, "andrstndn_c": 0.030466867400000004, "1p2cbxl_x": 0.2844328073, "2coum_c": 0.0153359092, "thr_L_e": 0.74315374, "bilirub_r": 0.0662978812, "5hoxindoa_c": 0.0092366463, "ddeccrn_m": 0.048527224699999996, "3mop_m": 0.0388202366, "xylt_e": 0.007012059100000001, "sphs1p_e": 0.0446196192, "gudac_c": 0.009228084899999999, "succ_r": 0.042182245599999994, "ala_D_c": 19.114544698699998, "prgstrn_e": 0.0197274586, "3hmp_m": 1.4162420991, "dmnoncrn_x": 0.0082225658, "oaa_x": 0.10548729949999999, "rib_D_c": 0.11259298400000001, "gly_m": 1.9280549125, "citr_L_m": 0.6448690607, "glyclt_x": 0.0105666119, "acnam_l": 0.0189513026, "creat_m": 0.4324274508, "tyr_L_l": 0.11288486460000001, "oxa_c": 105.8756692845, "Lcystin_c": 0.08062991230000001, "ivcrn_c": 0.0298819078, "dhap_x": 0.023148817400000004, "bz_r": 0.023230475499999997, "lneldc_e": 0.0186911706, "C02356_c": 0.7194767933, "pchol_hs_c": 0.1250487464, "asn_L_c": 0.1021312459, "6pgc_c": 0.0246949185, "ser_L_x": 1.2383358178, "leu_L_m": 2.9884863051, "25hvitd3_c": 0.0169095349, "gcald_c": 0.7041421444, "glyald_m": 0.0164528301, "thm_e": 0.0133344054, "c8crn_x": 0.032507901299999996, "pcollg5hlys_c": 0.0650311002, "srb_L_c": 0.027316717799999998, "5htrp_e": 0.0173313373, "pmtcrn_m": 0.004076855, "CE2537_c": 0.3405170981, "cyst_L_m": 0.0377474751, "3mob_c": 0.014699910600000001, "ru5p_D_c": 0.0150289475, "cys_L_m": 0.12416571369999999, "2mcacn_c": 0.0079403493, "pro_D_l": 9.6476008716, "pser_L_c": 0.0085437427, "pac_m": 0.3776533278, "inost_r": 0.4134179019, "ttdca_e": 0.054359120999999996, "orn_m": 1.4081586082, "acrn_x": 0.0131755518, "ttdcea_c": 0.013379708, "fru_e": 0.0908914155, "ura_c": 0.061520726799999995, "lac_D_c": 97.34347151909999, "glyc_c": 0.6017094489, "ocdcea_r": 0.0086856795, "ttdcrn_c": 0.0185160891}