{"aact_m": 0.3317751142, "sphings_r": 0.0234606166, "val_L_e": 0.3329243384, "C10164_c": 0.12359901570000001, "HC02024_r": 0.0651161588, "fum_m": 0.0620408871, "hdcea_e": 0.09321393359999999, "adrnl_e": 0.0065867964, "cit_c": 0.6575408157, "4hpro_LT_r": 0.107091503, "chol_m": 0.0446905951, "4h2oglt_c": 0.036714575299999996, "C06199_l": 0.27385249559999997, "trp_L_c": 0.6317353663, "stcrn_m": 0.030610412000000004, "pyr_m": 0.6027342841, "carn_c": 0.16239563699999998, "chsterol_n": 2.0765159117, "lys_L_m": 0.8261251877, "g6p_r": 0.0423244926, "arg_L_e": 0.057905547300000006, "acgam_l": 0.006996154599999999, "c4crn_m": 0.0169895849, "C01601_c": 0.0206871023, "hom_L_e": 0.0043449189000000004, "hxan_e": 0.0145455521, "lnlccrn_m": 0.06518299450000001, "im4ac_c": 0.0145111351, "urate_e": 0.40134700659999994, "g3p_c": 0.04804233769999999, "hdd2crn_c": 0.021533269, "glu_L_r": 0.09918961300000001, "nac_c": 0.1872350088, "asp_D_e": 0.0355641222, "thrnt_c": 0.12001839119999999, "C01507_c": 0.032783668700000004, "12ppd_R_c": 0.6686796804999999, "5oxpro_e": 1.1305462843, "fuc_L_e": 0.009850778499999999, "arab_L_c": 0.0029249224, "vacccrn_m": 0.09232924599999999, "CE6205_c": 0.0082787638, "pram_c": 0.6233480619, "ipdp_c": 0.003457302, "met_L_m": 0.16320789759999998, "ile_L_e": 0.0281408465, "hyptaur_c": 0.0061360399, "rbt_e": 0.043241774299999994, "ocdca_c": 0.7483315856999999, "Lpipecol_x": 0.031246153500000002, "c10crn_e": 0.12651083859999998, "dhdascb_c": 0.0116595771, "gal_c": 0.0392269967, "phe_L_l": 0.5008124662, "urea_m": 18.507669978800003, "glx_m": 0.039761432, "glc_D_c": 23.0154161798, "gln_L_e": 0.2851157353, "glcur_c": 0.0093534379, "crn_e": 0.07206419509999999, "c6crn_x": 0.0195849462, "gua_e": 0.011479856399999998, "dchac_r": 0.072008695, "4mop_c": 0.045444355199999995, "sarcs_m": 0.1565527356, "anth_e": 0.011297728200000001, "andrstndn_c": 0.0184648389, "1p2cbxl_x": 0.24644849530000001, "2coum_c": 0.0188273529, "thr_L_e": 0.8949652548999999, "bilirub_r": 0.115263329, "5hoxindoa_c": 0.0100634121, "ddeccrn_m": 0.0442190085, "3mop_m": 0.0826371566, "xylt_e": 0.0073716852, "sphs1p_e": 0.025532080899999997, "gudac_c": 0.010555098999999998, "succ_r": 0.0790718961, "ala_D_c": 9.0653893101, "prgstrn_e": 0.021473601000000002, "3hmp_m": 1.2584386521, "dmnoncrn_x": 0.0104103439, "oaa_x": 0.0925325414, "rib_D_c": 0.0527239773, "gly_m": 2.7651958821, "citr_L_m": 0.6884914252, "glyclt_x": 0.0158595221, "acnam_l": 0.0125013413, "creat_m": 0.24708616690000001, "tyr_L_l": 0.1324178796, "oxa_c": 160.99649519940002, "Lcystin_c": 0.0431869826, "ivcrn_c": 0.0126257229, "dhap_x": 0.0216692348, "bz_r": 0.0177405696, "lneldc_e": 0.0203991156, "C02356_c": 0.3436554525, "pchol_hs_c": 0.052078971200000004, "asn_L_c": 0.0718626836, "6pgc_c": 0.0314026492, "ser_L_x": 1.3071328077, "leu_L_m": 2.1487304113, "25hvitd3_c": 0.0140700161, "gcald_c": 0.45583963520000004, "glyald_m": 0.005294263299999999, "thm_e": 0.0085469012, "c8crn_x": 0.0383558921, "pcollg5hlys_c": 0.0653865517, "srb_L_c": 0.0138577752, "5htrp_e": 0.0264256439, "pmtcrn_m": 0.0027081647999999997, "CE2537_c": 0.15784008730000001, "cyst_L_m": 0.0443873486, "3mob_c": 0.0080929125, "ru5p_D_c": 0.0200507826, "cys_L_m": 0.06515911349999999, "2mcacn_c": 0.008319311, "pro_D_l": 4.1688160576, "pser_L_c": 0.009117250600000001, "pac_m": 0.44028135450000006, "inost_r": 0.3103146107, "ttdca_e": 0.1634994066, "orn_m": 0.6058424622999999, "acrn_x": 0.013037765900000001, "ttdcea_c": 0.0116120834, "fru_e": 0.042566220700000004, "ura_c": 0.0319888665, "lac_D_c": 24.3341162702, "glyc_c": 0.7721752096, "ocdcea_r": 0.025469183700000002, "ttdcrn_c": 0.015778950700000002}