{"aact_m": 0.8176450890000001, "sphings_r": 0.0196548183, "val_L_e": 0.3349410898, "C10164_c": 0.0478635591, "HC02024_r": 0.1229240252, "fum_m": 0.034312488700000005, "hdcea_e": 0.14986090789999998, "adrnl_e": 0.011879625800000002, "cit_c": 0.46947643380000004, "4hpro_LT_r": 0.11994357630000001, "chol_m": 0.046076629699999996, "4h2oglt_c": 0.0386390721, "C06199_l": 0.3674199463, "trp_L_c": 0.4854744854, "stcrn_m": 0.0470222657, "pyr_m": 1.2677155120999999, "carn_c": 0.1975672547, "chsterol_n": 1.5055669241999998, "lys_L_m": 0.7578811915000001, "g6p_r": 0.06775524990000001, "arg_L_e": 0.0346065205, "acgam_l": 0.0050349206, "c4crn_m": 0.023684772000000003, "C01601_c": 0.0358843611, "hom_L_e": 0.0038860632, "hxan_e": 0.0287285828, "lnlccrn_m": 0.09095601539999999, "im4ac_c": 0.014768718500000002, "urate_e": 0.5830482817, "g3p_c": 0.0366403295, "hdd2crn_c": 0.023124623100000002, "glu_L_r": 0.3053779273, "nac_c": 0.26571922859999997, "asp_D_e": 0.0609888862, "thrnt_c": 0.0372239382, "C01507_c": 0.0131918377, "12ppd_R_c": 0.5973784721000001, "5oxpro_e": 1.4211497465, "fuc_L_e": 0.0079205855, "arab_L_c": 0.0160716918, "vacccrn_m": 0.1375070924, "CE6205_c": 0.0131760379, "pram_c": 0.6632089170000001, "ipdp_c": 0.0051418821, "met_L_m": 0.1622779895, "ile_L_e": 0.0417363647, "hyptaur_c": 0.0040839289, "rbt_e": 0.0358296948, "ocdca_c": 1.0897712528, "Lpipecol_x": 0.2091421923, "c10crn_e": 0.0760658296, "dhdascb_c": 0.0095721232, "gal_c": 0.028584741299999997, "phe_L_l": 0.7046501299, "urea_m": 10.9967904641, "glx_m": 0.038509421, "glc_D_c": 28.037037386399998, "gln_L_e": 0.2634628643, "glcur_c": 0.0071779889000000005, "crn_e": 0.0548215757, "c6crn_x": 0.0121363436, "gua_e": 0.011318010600000001, "dchac_r": 0.0944480368, "4mop_c": 0.064061651, "sarcs_m": 0.0514199785, "anth_e": 0.0114878587, "andrstndn_c": 0.012435941200000002, "1p2cbxl_x": 0.19026376039999998, "2coum_c": 0.0192468231, "thr_L_e": 0.6256493099, "bilirub_r": 0.08438197189999999, "5hoxindoa_c": 0.012777511100000001, "ddeccrn_m": 0.03110634, "3mop_m": 0.0857243736, "xylt_e": 0.0082647672, "sphs1p_e": 0.0420562256, "gudac_c": 0.0109378822, "succ_r": 0.0164098541, "ala_D_c": 7.4032982471, "prgstrn_e": 0.008948182800000001, "3hmp_m": 1.2241487015999999, "dmnoncrn_x": 0.0036870441999999996, "oaa_x": 0.0900415474, "rib_D_c": 0.0436469046, "gly_m": 0.6293819854, "citr_L_m": 0.6862661187000001, "glyclt_x": 0.0077795376, "acnam_l": 0.0068525755, "creat_m": 0.162665556, "tyr_L_l": 0.1386308806, "oxa_c": 144.0959942853, "Lcystin_c": 0.038838683799999996, "ivcrn_c": 0.0235067967, "dhap_x": 0.0233259909, "bz_r": 0.0202968733, "lneldc_e": 0.17387165, "C02356_c": 0.3042840276, "pchol_hs_c": 0.063957181, "asn_L_c": 0.0626594173, "6pgc_c": 0.030912866299999998, "ser_L_x": 0.8184116668000001, "leu_L_m": 2.9058805796, "25hvitd3_c": 0.0246694417, "gcald_c": 0.3520346442, "glyald_m": 0.007331579300000001, "thm_e": 0.0039566363, "c8crn_x": 0.024501372400000002, "pcollg5hlys_c": 0.09644332970000001, "srb_L_c": 0.016950835600000002, "5htrp_e": 0.014016411599999999, "pmtcrn_m": 0.0030514749, "CE2537_c": 0.1397782141, "cyst_L_m": 0.0300154714, "3mob_c": 0.0135514217, "ru5p_D_c": 0.0232941601, "cys_L_m": 0.0874025885, "2mcacn_c": 0.009694386999999999, "pro_D_l": 6.997851134299999, "pser_L_c": 0.0093236298, "pac_m": 0.4689189271, "inost_r": 0.2538940505, "ttdca_e": 0.3595987439, "orn_m": 0.6850648776999999, "acrn_x": 0.015868542, "ttdcea_c": 0.0078677877, "fru_e": 0.0694586651, "ura_c": 0.0242403294, "lac_D_c": 45.950508316000004, "glyc_c": 1.5677459452000002, "ocdcea_r": 0.061093607800000005, "ttdcrn_c": 0.014451448600000001}