{"aact_m": 0.36805889909999995, "sphings_r": 0.0378956181, "val_L_e": 0.4098201856, "C10164_c": 0.0619843317, "HC02024_r": 0.09089723890000001, "fum_m": 0.048632404000000004, "hdcea_e": 0.0441783311, "adrnl_e": 0.020378245700000002, "cit_c": 0.7624346701000001, "4hpro_LT_r": 0.11896648289999999, "chol_m": 0.071510696, "4h2oglt_c": 0.043225909800000004, "C06199_l": 0.35578087420000004, "trp_L_c": 0.5011599918, "stcrn_m": 0.0702587589, "pyr_m": 0.6216209383, "carn_c": 0.1815268279, "chsterol_n": 1.3844323272999999, "lys_L_m": 1.2001462501, "g6p_r": 0.0483861555, "arg_L_e": 0.034340995299999996, "acgam_l": 0.0046623467, "c4crn_m": 0.025693596800000003, "C01601_c": 0.0240404596, "hom_L_e": 0.0040360984, "hxan_e": 0.0179808383, "lnlccrn_m": 0.0614867446, "im4ac_c": 0.035982869199999996, "urate_e": 0.8306565465000001, "g3p_c": 0.055395602300000006, "hdd2crn_c": 0.0436670907, "glu_L_r": 0.0418165773, "nac_c": 0.5152795168, "asp_D_e": 0.028739334100000003, "thrnt_c": 0.0164813431, "C01507_c": 0.0180645621, "12ppd_R_c": 0.6787140762999999, "5oxpro_e": 1.1728180404000002, "fuc_L_e": 0.011851732299999999, "arab_L_c": 0.0050551288, "vacccrn_m": 0.1942711912, "CE6205_c": 0.020364001899999998, "pram_c": 0.533240986, "ipdp_c": 0.0047551419, "met_L_m": 0.2349704134, "ile_L_e": 0.0469119404, "hyptaur_c": 0.010910461100000001, "rbt_e": 0.0482604621, "ocdca_c": 0.5211971525, "Lpipecol_x": 0.043990931, "c10crn_e": 0.3083182532, "dhdascb_c": 0.0192068573, "gal_c": 0.0347048124, "phe_L_l": 0.585454744, "urea_m": 36.1850592902, "glx_m": 0.041032378700000004, "glc_D_c": 3.2088502816, "gln_L_e": 0.4134968606, "glcur_c": 0.009653684899999999, "crn_e": 0.0697764189, "c6crn_x": 0.0241466815, "gua_e": 0.018597287, "dchac_r": 0.1175537448, "4mop_c": 0.0573525724, "sarcs_m": 0.0918507609, "anth_e": 0.0093084689, "andrstndn_c": 0.0396113035, "1p2cbxl_x": 0.3352593137, "2coum_c": 0.0235108429, "thr_L_e": 0.8904772833, "bilirub_r": 0.078101634, "5hoxindoa_c": 0.010722575, "ddeccrn_m": 0.11641136980000001, "3mop_m": 0.036923121600000004, "xylt_e": 0.0078487225, "sphs1p_e": 0.0400606277, "gudac_c": 0.009949670400000001, "succ_r": 0.041939282599999995, "ala_D_c": 8.4448248292, "prgstrn_e": 0.02971341, "3hmp_m": 1.3839997506000001, "dmnoncrn_x": 0.016289944299999998, "oaa_x": 0.11340093039999999, "rib_D_c": 0.0649304388, "gly_m": 2.2605780625, "citr_L_m": 0.7181904278, "glyclt_x": 0.005677221800000001, "acnam_l": 0.013679071299999998, "creat_m": 0.116359572, "tyr_L_l": 0.1744130744, "oxa_c": 133.4995308788, "Lcystin_c": 0.08591546789999999, "ivcrn_c": 0.024473817400000004, "dhap_x": 0.0229554845, "bz_r": 0.0205379804, "lneldc_e": 0.052330231799999995, "C02356_c": 0.6898932547, "pchol_hs_c": 0.0497099643, "asn_L_c": 0.0802525509, "6pgc_c": 0.035926327, "ser_L_x": 0.9854357932, "leu_L_m": 2.7137436917, "25hvitd3_c": 0.0280685627, "gcald_c": 0.8276182296, "glyald_m": 0.0176022848, "thm_e": 0.022479129900000002, "c8crn_x": 0.0898542056, "pcollg5hlys_c": 0.0642869312, "srb_L_c": 0.0219700883, "5htrp_e": 0.009116035, "pmtcrn_m": 0.0044068257, "CE2537_c": 0.1694578455, "cyst_L_m": 0.1683695183, "3mob_c": 0.0078239045, "ru5p_D_c": 0.013022569199999999, "cys_L_m": 0.0893068604, "2mcacn_c": 0.0083000191, "pro_D_l": 10.7142008434, "pser_L_c": 0.0098069039, "pac_m": 0.45576680490000004, "inost_r": 0.25281729940000003, "ttdca_e": 0.0976580826, "orn_m": 0.9062749088, "acrn_x": 0.0144305052, "ttdcea_c": 0.0172850181, "fru_e": 0.0273292357, "ura_c": 0.052391933700000004, "lac_D_c": 15.596073733199999, "glyc_c": 0.6225698843, "ocdcea_r": 0.012136975800000002, "ttdcrn_c": 0.034979421000000004}