{"aact_m": 0.3277978003, "sphings_r": 0.0322384822, "val_L_e": 0.363799198, "C10164_c": 0.0263411803, "HC02024_r": 0.10766368130000001, "fum_m": 0.0171997808, "hdcea_e": 0.0592615383, "adrnl_e": 0.0052162591, "cit_c": 0.5408721453, "4hpro_LT_r": 0.1364068114, "chol_m": 0.1739692296, "4h2oglt_c": 0.04297629519999999, "C06199_l": 0.35435015329999997, "trp_L_c": 0.4778409521, "stcrn_m": 0.0555521342, "pyr_m": 1.8326100981, "carn_c": 0.1264591611, "chsterol_n": 1.0457272901, "lys_L_m": 0.9297005305, "g6p_r": 0.06811347599999999, "arg_L_e": 0.061628160599999995, "acgam_l": 0.0060996209999999995, "c4crn_m": 0.0395080781, "C01601_c": 0.0178923553, "hom_L_e": 0.0237159167, "hxan_e": 0.0030547577, "lnlccrn_m": 0.1957051578, "im4ac_c": 0.0158208192, "urate_e": 0.1774281376, "g3p_c": 0.10616368970000001, "hdd2crn_c": 0.0185251121, "glu_L_r": 0.1886167388, "nac_c": 0.33309816579999996, "asp_D_e": 0.049544325800000004, "thrnt_c": 0.024489824700000003, "C01507_c": 0.1331687657, "12ppd_R_c": 0.5293779361, "5oxpro_e": 1.33933235, "fuc_L_e": 0.0070976062, "arab_L_c": 0.0108546428, "vacccrn_m": 0.20520634769999999, "CE6205_c": 0.012301206499999998, "pram_c": 0.5515733826, "ipdp_c": 0.005630538, "met_L_m": 0.1982337961, "ile_L_e": 0.0226591632, "hyptaur_c": 0.008524121899999999, "rbt_e": 0.054609579299999995, "ocdca_c": 0.6424191659, "Lpipecol_x": 1.1002099786, "c10crn_e": 0.0215146896, "dhdascb_c": 0.0108601327, "gal_c": 0.0092103418, "phe_L_l": 0.6383961496, "urea_m": 26.25280406, "glx_m": 0.0374980236, "glc_D_c": 29.9642141361, "gln_L_e": 0.3255841556, "glcur_c": 0.0025781864000000002, "crn_e": 0.010700946299999998, "c6crn_x": 0.0075586055, "gua_e": 0.0163714312, "dchac_r": 0.09740924449999999, "4mop_c": 0.0382342124, "sarcs_m": 0.1274590355, "anth_e": 0.0017309122, "andrstndn_c": 0.0087302755, "1p2cbxl_x": 0.2489027544, "2coum_c": 0.0223311837, "thr_L_e": 1.1028384806, "bilirub_r": 0.0351289642, "5hoxindoa_c": 0.0138427125, "ddeccrn_m": 0.0126612501, "3mop_m": 0.0564853656, "xylt_e": 0.0055820908, "sphs1p_e": 0.1118500114, "gudac_c": 0.011786006299999999, "succ_r": 0.015319656499999999, "ala_D_c": 11.491454075999998, "prgstrn_e": 0.0042996466, "3hmp_m": 1.0668280823, "dmnoncrn_x": 0.0022955732, "oaa_x": 0.10235842789999999, "rib_D_c": 0.0314663807, "gly_m": 2.427621346, "citr_L_m": 0.6498215345, "glyclt_x": 0.0073336841000000005, "acnam_l": 0.0168488204, "creat_m": 0.23950689600000002, "tyr_L_l": 0.1662990936, "oxa_c": 28.1780303331, "Lcystin_c": 0.031103163700000002, "ivcrn_c": 0.0095978746, "dhap_x": 0.026403497400000003, "bz_r": 0.0207386288, "lneldc_e": 0.099585089, "C02356_c": 0.3317858732, "pchol_hs_c": 0.073478949, "asn_L_c": 0.10079838140000001, "6pgc_c": 0.0365442068, "ser_L_x": 1.4255709167, "leu_L_m": 2.3851654144, "25hvitd3_c": 0.0415650736, "gcald_c": 0.7095981423000001, "glyald_m": 0.0097699154, "thm_e": 0.0088112724, "c8crn_x": 0.0094256054, "pcollg5hlys_c": 0.0853126347, "srb_L_c": 0.016242403, "5htrp_e": 0.0083719493, "pmtcrn_m": 0.012006791599999999, "CE2537_c": 0.08635423310000001, "cyst_L_m": 0.0264181883, "3mob_c": 0.0092576163, "ru5p_D_c": 0.0116426272, "cys_L_m": 0.0873004274, "2mcacn_c": 0.010187250699999999, "pro_D_l": 9.3803269255, "pser_L_c": 0.0097575032, "pac_m": 0.49230311509999997, "inost_r": 0.2337420563, "ttdca_e": 0.274884275, "orn_m": 1.2960353128, "acrn_x": 0.0095616338, "ttdcea_c": 0.0098013744, "fru_e": 0.0502529507, "ura_c": 0.0280741683, "lac_D_c": 61.2710933763, "glyc_c": 1.1837984254, "ocdcea_r": 0.0164885964, "ttdcrn_c": 0.0202115617}