{"aact_m": 0.5337824674, "sphings_r": 0.0158031211, "val_L_e": 0.2728764316, "C10164_c": 0.06219594690000001, "HC02024_r": 0.0407560066, "fum_m": 0.0474537518, "hdcea_e": 0.048747527199999995, "adrnl_e": 0.0017568276999999999, "cit_c": 1.0959773826, "4hpro_LT_r": 0.0962753208, "chol_m": 0.022796626400000002, "4h2oglt_c": 0.0415990826, "C06199_l": 0.4043395024, "trp_L_c": 0.7529104498, "stcrn_m": 0.0479260544, "pyr_m": 1.5095926799000001, "carn_c": 0.1620701534, "chsterol_n": 1.211373704, "lys_L_m": 1.0575216111, "g6p_r": 0.041598741099999996, "arg_L_e": 0.0717346808, "acgam_l": 0.0051841439, "c4crn_m": 0.0498489102, "C01601_c": 0.0208889659, "hom_L_e": 0.0220287434, "hxan_e": 0.0217094335, "lnlccrn_m": 0.08902256310000001, "im4ac_c": 0.027332316699999998, "urate_e": 0.8913674486, "g3p_c": 0.029955834100000002, "hdd2crn_c": 0.0326448633, "glu_L_r": 0.112179054, "nac_c": 0.20379315879999998, "asp_D_e": 0.053505533099999995, "thrnt_c": 0.049553800599999996, "C01507_c": 0.0093231779, "12ppd_R_c": 0.5002333169, "5oxpro_e": 1.4930283178000001, "fuc_L_e": 0.0071404445999999995, "arab_L_c": 0.011802730400000001, "vacccrn_m": 0.1994179778, "CE6205_c": 0.018516518200000002, "pram_c": 0.556974878, "ipdp_c": 0.0040827582, "met_L_m": 0.2095956463, "ile_L_e": 0.029977501, "hyptaur_c": 0.0034257325, "rbt_e": 0.046833173, "ocdca_c": 0.6594868676, "Lpipecol_x": 0.0623207689, "c10crn_e": 0.243598464, "dhdascb_c": 0.019045124, "gal_c": 0.023277640899999997, "phe_L_l": 0.6902992289000001, "urea_m": 41.1791645067, "glx_m": 0.0822762213, "glc_D_c": 29.376848232399997, "gln_L_e": 0.2969254686, "glcur_c": 0.0133601684, "crn_e": 0.021883063799999998, "c6crn_x": 0.0303559241, "gua_e": 0.0157796325, "dchac_r": 0.0566710891, "4mop_c": 0.0632719194, "sarcs_m": 0.1135963515, "anth_e": 0.010872517, "andrstndn_c": 0.011815095500000001, "1p2cbxl_x": 0.3293850425, "2coum_c": 0.0326233509, "thr_L_e": 0.6619415176, "bilirub_r": 0.0641976131, "5hoxindoa_c": 0.011010486699999999, "ddeccrn_m": 0.09855876390000001, "3mop_m": 0.031507104300000005, "xylt_e": 0.012131503100000001, "sphs1p_e": 0.0483025361, "gudac_c": 0.0104583886, "succ_r": 0.0348726616, "ala_D_c": 12.9527249209, "prgstrn_e": 0.0339702255, "3hmp_m": 1.1167991259999999, "dmnoncrn_x": 0.0258927892, "oaa_x": 0.1010257367, "rib_D_c": 0.0523869712, "gly_m": 1.5687581609, "citr_L_m": 0.6574951725, "glyclt_x": 0.007201613000000001, "acnam_l": 0.008965187900000001, "creat_m": 0.17079914079999997, "tyr_L_l": 0.2385337484, "oxa_c": 134.347753039, "Lcystin_c": 0.0563526461, "ivcrn_c": 0.0320812821, "dhap_x": 0.0219855975, "bz_r": 0.0229059819, "lneldc_e": 0.0181761673, "C02356_c": 0.5613353439000001, "pchol_hs_c": 0.0445092451, "asn_L_c": 0.0810851185, "6pgc_c": 0.034171238799999996, "ser_L_x": 0.5776463456, "leu_L_m": 2.6143881082, "25hvitd3_c": 0.0235093775, "gcald_c": 0.7991113053, "glyald_m": 0.0170814199, "thm_e": 0.0133795354, "c8crn_x": 0.0778824074, "pcollg5hlys_c": 0.0915950672, "srb_L_c": 0.022332696699999998, "5htrp_e": 0.0096801298, "pmtcrn_m": 0.0019667382, "CE2537_c": 0.1448185306, "cyst_L_m": 0.0535168038, "3mob_c": 0.011931938700000002, "ru5p_D_c": 0.013223766299999998, "cys_L_m": 0.1099934908, "2mcacn_c": 0.0083167876, "pro_D_l": 6.5834861462, "pser_L_c": 0.0084376773, "pac_m": 0.43303763619999996, "inost_r": 0.3116094343, "ttdca_e": 0.1939445864, "orn_m": 1.1901290805, "acrn_x": 0.0108926371, "ttdcea_c": 0.0077878025, "fru_e": 0.0543674888, "ura_c": 0.0513665813, "lac_D_c": 70.0635011994, "glyc_c": 0.48494501289999997, "ocdcea_r": 0.015474824, "ttdcrn_c": 0.0299792017}