{"aact_m": 1.2372679895999998, "sphings_r": 0.0307554345, "val_L_e": 0.5587061593, "C10164_c": 0.061618200000000005, "HC02024_r": 0.0972709809, "fum_m": 0.0406806167, "hdcea_e": 0.0149136228, "adrnl_e": 0.0042227409, "cit_c": 1.356395271, "4hpro_LT_r": 0.12788678380000001, "chol_m": 0.1153086722, "4h2oglt_c": 0.042223517300000006, "C06199_l": 0.3958178781, "trp_L_c": 0.49812004810000005, "stcrn_m": 0.067618421, "pyr_m": 1.2204168007, "carn_c": 0.45903315450000004, "chsterol_n": 1.6269625483, "lys_L_m": 2.2307743572, "g6p_r": 0.0772643073, "arg_L_e": 0.0685715641, "acgam_l": 0.0061539284, "c4crn_m": 0.0272503602, "C01601_c": 0.033912615699999996, "hom_L_e": 0.0032786403000000003, "hxan_e": 0.016438668400000002, "lnlccrn_m": 0.1242286919, "im4ac_c": 0.027017584700000003, "urate_e": 0.37323213450000003, "g3p_c": 0.0740296233, "hdd2crn_c": 0.0317410484, "glu_L_r": 0.10321198849999999, "nac_c": 0.4475072565, "asp_D_e": 0.0467640993, "thrnt_c": 0.0394275984, "C01507_c": 0.0099794521, "12ppd_R_c": 0.5598072422, "5oxpro_e": 1.2501991408, "fuc_L_e": 0.0163475321, "arab_L_c": 0.015112684099999999, "vacccrn_m": 0.1464809875, "CE6205_c": 0.0686371323, "pram_c": 0.0, "ipdp_c": 0.0046322362, "met_L_m": 0.1882049859, "ile_L_e": 0.0404151325, "hyptaur_c": 0.007286971, "rbt_e": 0.0440812705, "ocdca_c": 0.3604219071, "Lpipecol_x": 0.15593445820000001, "c10crn_e": 0.1372957166, "dhdascb_c": 0.021925927400000003, "gal_c": 0.0685136551, "phe_L_l": 0.6503709356, "urea_m": 34.7502626518, "glx_m": 0.0548194212, "glc_D_c": 6.5070714939, "gln_L_e": 0.31581619, "glcur_c": 0.0076394439, "crn_e": 0.0228865385, "c6crn_x": 0.012251618999999998, "gua_e": 0.013632647, "dchac_r": 0.11118021619999999, "4mop_c": 0.0623711667, "sarcs_m": 0.0594975091, "anth_e": 0.015798555500000002, "andrstndn_c": 0.0095676589, "1p2cbxl_x": 0.22909461600000003, "2coum_c": 0.0169484706, "thr_L_e": 0.71669898, "bilirub_r": 0.095896584, "5hoxindoa_c": 0.010925472, "ddeccrn_m": 0.0609410637, "3mop_m": 0.0626392346, "xylt_e": 0.0090130722, "sphs1p_e": 0.0449341542, "gudac_c": 0.0104506744, "succ_r": 0.039374392700000004, "ala_D_c": 10.971012328199999, "prgstrn_e": 0.0151168391, "3hmp_m": 0.8010580539, "dmnoncrn_x": 0.010189724300000001, "oaa_x": 0.123484495, "rib_D_c": 0.14475929810000002, "gly_m": 1.9888529330000002, "citr_L_m": 0.676205899, "glyclt_x": 0.0043352331, "acnam_l": 0.0130281842, "creat_m": 0.2509490974, "tyr_L_l": 0.1266634676, "oxa_c": 172.1995912546, "Lcystin_c": 0.0540362275, "ivcrn_c": 0.08169597599999999, "dhap_x": 0.024961178100000002, "bz_r": 0.0206792735, "lneldc_e": 0.316824664, "C02356_c": 0.3456570176, "pchol_hs_c": 0.47139221880000004, "asn_L_c": 0.08942386029999999, "6pgc_c": 0.0308772193, "ser_L_x": 1.1568093601, "leu_L_m": 2.6140733384, "25hvitd3_c": 0.022657719, "gcald_c": 0.6193202648, "glyald_m": 0.0081710714, "thm_e": 0.0260084764, "c8crn_x": 0.0430052079, "pcollg5hlys_c": 0.09635082619999999, "srb_L_c": 0.0342000107, "5htrp_e": 0.013994284199999998, "pmtcrn_m": 0.0047022439, "CE2537_c": 0.49282895509999997, "cyst_L_m": 0.09183280699999999, "3mob_c": 0.0098736298, "ru5p_D_c": 0.009674185600000001, "cys_L_m": 0.0991594562, "2mcacn_c": 0.0079330907, "pro_D_l": 7.2425723841, "pser_L_c": 0.010111397099999999, "pac_m": 0.4381060706, "inost_r": 0.34496789170000003, "ttdca_e": 0.056663313300000004, "orn_m": 0.8216055336, "acrn_x": 0.014450328600000001, "ttdcea_c": 0.0149573525, "fru_e": 0.1626370728, "ura_c": 0.0597197249, "lac_D_c": 71.551859249, "glyc_c": 0.3281406128, "ocdcea_r": 0.0098981125, "ttdcrn_c": 0.0234552898}