{"aact_m": 0.3062514403, "sphings_r": 0.0317389892, "val_L_e": 0.5565535989, "C10164_c": 0.0920609028, "HC02024_r": 0.0934299067, "fum_m": 0.0551434744, "hdcea_e": 0.1843025091, "adrnl_e": 0.0089574983, "cit_c": 0.9554407398, "4hpro_LT_r": 0.1241167647, "chol_m": 0.1106291905, "4h2oglt_c": 0.0433910342, "C06199_l": 0.3696057275, "trp_L_c": 0.8657377964, "stcrn_m": 0.063579052, "pyr_m": 0.9984037095, "carn_c": 0.1494637793, "chsterol_n": 1.8949386918, "lys_L_m": 1.7262925991999998, "g6p_r": 0.0817741946, "arg_L_e": 0.069637577, "acgam_l": 0.0078248002, "c4crn_m": 0.0175184169, "C01601_c": 0.0263345027, "hom_L_e": 0.0024471502, "hxan_e": 0.0502423623, "lnlccrn_m": 0.1392328026, "im4ac_c": 0.0148338342, "urate_e": 0.392201456, "g3p_c": 0.056137486900000005, "hdd2crn_c": 0.0359589876, "glu_L_r": 0.8440704055, "nac_c": 0.1738368412, "asp_D_e": 0.22803842929999998, "thrnt_c": 0.08770074050000001, "C01507_c": 0.010735588400000001, "12ppd_R_c": 0.8103622537, "5oxpro_e": 4.470348209, "fuc_L_e": 0.0095573305, "arab_L_c": 0.0504975916, "vacccrn_m": 0.1760391804, "CE6205_c": 0.0102767959, "pram_c": 0.5930579952, "ipdp_c": 0.0044187512, "met_L_m": 0.2740205103, "ile_L_e": 0.0504115345, "hyptaur_c": 0.0014406266, "rbt_e": 0.0596263353, "ocdca_c": 1.4086743256999998, "Lpipecol_x": 0.0497290032, "c10crn_e": 0.0681701407, "dhdascb_c": 0.014355606299999999, "gal_c": 0.0122671607, "phe_L_l": 0.8930952020999999, "urea_m": 30.388195083600003, "glx_m": 0.0578428521, "glc_D_c": 24.434144441799997, "gln_L_e": 0.21638764289999998, "glcur_c": 0.0335061616, "crn_e": 0.0329596963, "c6crn_x": 0.0122753967, "gua_e": 0.017336018999999998, "dchac_r": 0.0656938846, "4mop_c": 0.0620894947, "sarcs_m": 0.4141970575, "anth_e": 0.0012373926, "andrstndn_c": 0.0032869244000000002, "1p2cbxl_x": 0.2863803956, "2coum_c": 0.0219683946, "thr_L_e": 1.2459508868, "bilirub_r": 0.0010757327, "5hoxindoa_c": 0.017028799999999997, "ddeccrn_m": 0.05466822650000001, "3mop_m": 0.034279340299999995, "xylt_e": 0.0128017522, "sphs1p_e": 0.043536007300000006, "gudac_c": 0.0096916815, "succ_r": 0.079914218, "ala_D_c": 20.5267031168, "prgstrn_e": 0.0150791833, "3hmp_m": 1.5482783199, "dmnoncrn_x": 0.0031701638, "oaa_x": 0.10545864279999999, "rib_D_c": 0.0685225667, "gly_m": 4.5097972477, "citr_L_m": 0.7083453361, "glyclt_x": 0.0043010879, "acnam_l": 0.0185034499, "creat_m": 0.1953445466, "tyr_L_l": 0.1571586327, "oxa_c": 18.500378753499998, "Lcystin_c": 0.0516469813, "ivcrn_c": 0.0143514621, "dhap_x": 0.024455810499999998, "bz_r": 0.0187437329, "lneldc_e": 0.055428892599999995, "C02356_c": 0.5363335575, "pchol_hs_c": 0.2755166464, "asn_L_c": 0.04549240190000001, "6pgc_c": 0.035918297, "ser_L_x": 1.8720421156, "leu_L_m": 4.0348597511, "25hvitd3_c": 0.024148372999999997, "gcald_c": 0.475845597, "glyald_m": 0.0169228168, "thm_e": 0.0132223672, "c8crn_x": 0.024622921699999998, "pcollg5hlys_c": 0.0655641894, "srb_L_c": 0.027867852000000002, "5htrp_e": 0.021831690600000002, "pmtcrn_m": 0.013028233, "CE2537_c": 0.2124115846, "cyst_L_m": 0.0649711868, "3mob_c": 0.0131524096, "ru5p_D_c": 0.06261622830000001, "cys_L_m": 0.057769550499999996, "2mcacn_c": 0.0104484383, "pro_D_l": 9.828080465900001, "pser_L_c": 0.013429154799999999, "pac_m": 0.5305492821, "inost_r": 0.48099966520000004, "ttdca_e": 0.3145688232, "orn_m": 1.8627689694, "acrn_x": 0.0089086486, "ttdcea_c": 0.0170255648, "fru_e": 0.0638456549, "ura_c": 0.0370752993, "lac_D_c": 171.4278635321, "glyc_c": 0.8592436279000001, "ocdcea_r": 0.0298726396, "ttdcrn_c": 0.025429348900000003}