{"aact_m": 0.5880261197, "sphings_r": 0.0326270675, "val_L_e": 0.2849199497, "C10164_c": 0.0780970006, "HC02024_r": 0.08550973519999999, "fum_m": 0.0485245587, "hdcea_e": 0.06794202419999999, "adrnl_e": 0.0021544625, "cit_c": 1.0396760577, "4hpro_LT_r": 0.1135427441, "chol_m": 0.0835821689, "4h2oglt_c": 0.0357451386, "C06199_l": 0.2475567363, "trp_L_c": 0.8099740858, "stcrn_m": 0.055628152699999996, "pyr_m": 1.1610420822, "carn_c": 0.1309678687, "chsterol_n": 1.7639621291999998, "lys_L_m": 1.1778780259000001, "g6p_r": 0.0544036499, "arg_L_e": 0.0737347891, "acgam_l": 0.0068622893, "c4crn_m": 0.0446460792, "C01601_c": 0.035453835499999996, "hom_L_e": 0.0078903495, "hxan_e": 0.0613902349, "lnlccrn_m": 0.1005906932, "im4ac_c": 0.050206996, "urate_e": 0.43473230549999997, "g3p_c": 0.058702353799999996, "hdd2crn_c": 0.0186823913, "glu_L_r": 0.3029944582, "nac_c": 0.2353955636, "asp_D_e": 0.070923402, "thrnt_c": 0.07170408660000001, "C01507_c": 0.0064017327, "12ppd_R_c": 0.6469690706, "5oxpro_e": 2.6584172707, "fuc_L_e": 0.0080479581, "arab_L_c": 0.0088172917, "vacccrn_m": 0.1359575425, "CE6205_c": 0.0168112028, "pram_c": 0.0, "ipdp_c": 0.0040854564000000005, "met_L_m": 0.2209020195, "ile_L_e": 0.0330474963, "hyptaur_c": 0.0030149721999999995, "rbt_e": 0.0383153142, "ocdca_c": 0.5709175514, "Lpipecol_x": 0.2032119834, "c10crn_e": 0.0513664534, "dhdascb_c": 0.014784405, "gal_c": 0.0204985982, "phe_L_l": 0.6408064161, "urea_m": 65.651075068, "glx_m": 0.0626235509, "glc_D_c": 12.265584934300001, "gln_L_e": 0.3055258735, "glcur_c": 0.0061975083, "crn_e": 0.0687038489, "c6crn_x": 0.0107094974, "gua_e": 0.0113948966, "dchac_r": 0.1073935292, "4mop_c": 0.053287473700000004, "sarcs_m": 0.1426095206, "anth_e": 0.0076392223, "andrstndn_c": 0.0163872815, "1p2cbxl_x": 0.20976448420000002, "2coum_c": 0.0175380026, "thr_L_e": 1.2757318568, "bilirub_r": 0.1101048191, "5hoxindoa_c": 0.0103835968, "ddeccrn_m": 0.0301762267, "3mop_m": 0.0343853639, "xylt_e": 0.0057976209, "sphs1p_e": 0.0464862354, "gudac_c": 0.010369774200000001, "succ_r": 0.0343114022, "ala_D_c": 16.0500371775, "prgstrn_e": 0.0087446507, "3hmp_m": 1.0947880105, "dmnoncrn_x": 0.0042131186, "oaa_x": 0.09723524800000001, "rib_D_c": 0.0594952685, "gly_m": 5.204302575, "citr_L_m": 0.7131410861, "glyclt_x": 0.0104044134, "acnam_l": 0.0051627886, "creat_m": 0.0972180041, "tyr_L_l": 0.1222112147, "oxa_c": 102.91802388030001, "Lcystin_c": 0.0752228845, "ivcrn_c": 0.0270971738, "dhap_x": 0.021868335699999998, "bz_r": 0.013115943400000002, "lneldc_e": 0.1750426505, "C02356_c": 0.45330889950000003, "pchol_hs_c": 0.0857855627, "asn_L_c": 0.1468559725, "6pgc_c": 0.0279306172, "ser_L_x": 1.6480592363, "leu_L_m": 2.5031715252, "25hvitd3_c": 0.013444804599999999, "gcald_c": 0.7634379986, "glyald_m": 0.0105910873, "thm_e": 0.0099136869, "c8crn_x": 0.0194637222, "pcollg5hlys_c": 0.06861725169999999, "srb_L_c": 0.0145790633, "5htrp_e": 0.0126113049, "pmtcrn_m": 0.0051405054, "CE2537_c": 0.1599643418, "cyst_L_m": 0.0522272167, "3mob_c": 0.0087124944, "ru5p_D_c": 0.014769643600000002, "cys_L_m": 0.0872265911, "2mcacn_c": 0.008036805, "pro_D_l": 6.713460314700001, "pser_L_c": 0.0087091189, "pac_m": 0.413245901, "inost_r": 0.2999583622, "ttdca_e": 0.19844368989999997, "orn_m": 0.8829000493000001, "acrn_x": 0.0133284296, "ttdcea_c": 0.005442123399999999, "fru_e": 0.34461260109999997, "ura_c": 0.037907715099999996, "lac_D_c": 54.7724306187, "glyc_c": 0.7640398423, "ocdcea_r": 0.020408859799999998, "ttdcrn_c": 0.012616009099999999}