{"aact_m": 0.8548339557, "sphings_r": 0.0289725707, "val_L_e": 0.4060221828, "C10164_c": 0.058440424299999995, "HC02024_r": 0.06354006849999999, "fum_m": 0.0362976616, "hdcea_e": 0.0077401994, "adrnl_e": 0.0020309863, "cit_c": 0.7903237190000001, "4hpro_LT_r": 0.09622318710000001, "chol_m": 0.08329847309999999, "4h2oglt_c": 0.0375576477, "C06199_l": 0.2981156372, "trp_L_c": 0.499294715, "stcrn_m": 0.0580841308, "pyr_m": 1.2512379739, "carn_c": 0.10205401800000001, "chsterol_n": 1.4847418453, "lys_L_m": 0.6869786367, "g6p_r": 0.0362012796, "arg_L_e": 0.0462703421, "acgam_l": 0.0049386759, "c4crn_m": 0.0218780345, "C01601_c": 0.017811599299999998, "hom_L_e": 0.0071005792, "hxan_e": 0.0091172123, "lnlccrn_m": 0.0600125314, "im4ac_c": 0.0113058993, "urate_e": 0.2102224141, "g3p_c": 0.042348413099999996, "hdd2crn_c": 0.0164918778, "glu_L_r": 0.2208053146, "nac_c": 0.4627078257, "asp_D_e": 0.0441533135, "thrnt_c": 0.0263137516, "C01507_c": 0.006698705, "12ppd_R_c": 0.5335834496999999, "5oxpro_e": 1.4294812375, "fuc_L_e": 0.008988998599999999, "arab_L_c": 0.0030139265000000003, "vacccrn_m": 0.1129824369, "CE6205_c": 0.0803298605, "pram_c": 0.417171222, "ipdp_c": 0.0044509434999999995, "met_L_m": 0.1709667633, "ile_L_e": 0.021388482400000002, "hyptaur_c": 0.0059564336, "rbt_e": 0.0478165251, "ocdca_c": 0.34030132939999996, "Lpipecol_x": 0.0229002998, "c10crn_e": 0.052690044400000004, "dhdascb_c": 0.0152437056, "gal_c": 0.0235090261, "phe_L_l": 0.4854672807, "urea_m": 24.1496072625, "glx_m": 0.044887332099999996, "glc_D_c": 15.028869756199999, "gln_L_e": 0.2362788292, "glcur_c": 0.0050255029, "crn_e": 0.044052478099999993, "c6crn_x": 0.0069225799, "gua_e": 0.012593631999999999, "dchac_r": 0.09471589289999999, "4mop_c": 0.0530206971, "sarcs_m": 0.0849649668, "anth_e": 0.0120886352, "andrstndn_c": 0.020490706, "1p2cbxl_x": 0.2365583819, "2coum_c": 0.020473773400000003, "thr_L_e": 0.6150692549, "bilirub_r": 0.0416145109, "5hoxindoa_c": 0.0090414552, "ddeccrn_m": 0.0307814298, "3mop_m": 0.0295200908, "xylt_e": 0.0075734478, "sphs1p_e": 0.0369224271, "gudac_c": 0.0093260349, "succ_r": 0.029214917400000002, "ala_D_c": 8.3549842154, "prgstrn_e": 0.009431651, "3hmp_m": 0.7517799998, "dmnoncrn_x": 0.0057523067, "oaa_x": 0.1013553017, "rib_D_c": 0.0563049797, "gly_m": 4.0678474758, "citr_L_m": 0.6575137275999999, "glyclt_x": 0.0083606992, "acnam_l": 0.0095145037, "creat_m": 0.14598741099999998, "tyr_L_l": 0.1464215041, "oxa_c": 151.776126198, "Lcystin_c": 0.0747572873, "ivcrn_c": 0.0609995056, "dhap_x": 0.021253575099999998, "bz_r": 0.0160129715, "lneldc_e": 0.056253721, "C02356_c": 0.4091013693, "pchol_hs_c": 0.2512892972, "asn_L_c": 0.0800300503, "6pgc_c": 0.0300534592, "ser_L_x": 1.3591007886000002, "leu_L_m": 2.2865328746999998, "25hvitd3_c": 0.0171648088, "gcald_c": 0.47519440450000006, "glyald_m": 0.010734505600000001, "thm_e": 0.0106347067, "c8crn_x": 0.0184550532, "pcollg5hlys_c": 0.0479716358, "srb_L_c": 0.0146542276, "5htrp_e": 0.0090399612, "pmtcrn_m": 0.0029680314, "CE2537_c": 0.1431580071, "cyst_L_m": 0.044213606600000004, "3mob_c": 0.0096186709, "ru5p_D_c": 0.012298881599999999, "cys_L_m": 0.0833402638, "2mcacn_c": 0.007470905799999999, "pro_D_l": 7.5685108448000005, "pser_L_c": 0.0087554222, "pac_m": 0.3941754346, "inost_r": 0.2621041994, "ttdca_e": 0.0330904781, "orn_m": 0.6410318434000001, "acrn_x": 0.0085873822, "ttdcea_c": 0.0066488769, "fru_e": 0.2161433352, "ura_c": 0.0410787432, "lac_D_c": 29.650124881500002, "glyc_c": 0.156400047, "ocdcea_r": 0.0036001852, "ttdcrn_c": 0.0130410999}