{"aact_m": 0.8839566114, "sphings_r": 0.0413675984, "val_L_e": 0.30540791079999996, "C10164_c": 0.0569154864, "HC02024_r": 0.0674064471, "fum_m": 0.0318262569, "hdcea_e": 0.0693727174, "adrnl_e": 0.0007694210000000001, "cit_c": 0.5317837949, "4hpro_LT_r": 0.11239203240000001, "chol_m": 0.08442120689999999, "4h2oglt_c": 0.044273502699999995, "C06199_l": 0.4015268097, "trp_L_c": 0.7286404106000001, "stcrn_m": 0.046572265700000004, "pyr_m": 1.2422218812, "carn_c": 0.2126652049, "chsterol_n": 1.4772352835, "lys_L_m": 1.0355865288, "g6p_r": 0.0639534538, "arg_L_e": 0.0592527134, "acgam_l": 0.0040147329, "c4crn_m": 0.018562109099999998, "C01601_c": 0.0212005155, "hom_L_e": 0.009448871800000001, "hxan_e": 0.009338464599999999, "lnlccrn_m": 0.044103545599999995, "im4ac_c": 0.0119825766, "urate_e": 0.5980359081000001, "g3p_c": 0.053422796200000004, "hdd2crn_c": 0.024240796000000002, "glu_L_r": 0.5104364363, "nac_c": 0.5888153461, "asp_D_e": 0.09018394210000001, "thrnt_c": 0.0247022541, "C01507_c": 0.0063877021, "12ppd_R_c": 0.5265530544, "5oxpro_e": 2.7646312352, "fuc_L_e": 0.0109008223, "arab_L_c": 0.0100000959, "vacccrn_m": 0.1020520678, "CE6205_c": 0.0429960545, "pram_c": 0.5727736827000001, "ipdp_c": 0.0045939977000000005, "met_L_m": 0.232051619, "ile_L_e": 0.0530652862, "hyptaur_c": 0.0007780653999999999, "rbt_e": 0.0461555232, "ocdca_c": 0.695731012, "Lpipecol_x": 0.0342807602, "c10crn_e": 0.0584950183, "dhdascb_c": 0.011624249, "gal_c": 0.0278264758, "phe_L_l": 0.7485136283, "urea_m": 28.9594749718, "glx_m": 0.026420082, "glc_D_c": 4.6564406201, "gln_L_e": 0.3112275777, "glcur_c": 0.009757843, "crn_e": 0.06402332, "c6crn_x": 0.011565146399999999, "gua_e": 0.0166266977, "dchac_r": 0.1175153308, "4mop_c": 0.0695141946, "sarcs_m": 0.0377049199, "anth_e": 0.0128606222, "andrstndn_c": 0.019460186299999998, "1p2cbxl_x": 0.257163404, "2coum_c": 0.030693278799999998, "thr_L_e": 0.731461202, "bilirub_r": 0.0496336037, "5hoxindoa_c": 0.0110949253, "ddeccrn_m": 0.036713584900000006, "3mop_m": 0.0448975155, "xylt_e": 0.0086741962, "sphs1p_e": 0.019936373700000003, "gudac_c": 0.0100391531, "succ_r": 0.0320820915, "ala_D_c": 13.0867794252, "prgstrn_e": 0.010577867900000001, "3hmp_m": 1.2149792319, "dmnoncrn_x": 0.0044165391, "oaa_x": 0.11867183699999999, "rib_D_c": 0.11858955130000001, "gly_m": 4.792766819100001, "citr_L_m": 0.6641737167, "glyclt_x": 0.0075990948, "acnam_l": 0.00044355919999999996, "creat_m": 0.08981567230000001, "tyr_L_l": 0.22552988370000002, "oxa_c": 176.5572377964, "Lcystin_c": 0.029683517200000002, "ivcrn_c": 0.0838477946, "dhap_x": 0.0219424424, "bz_r": 0.0213746261, "lneldc_e": 0.0494808423, "C02356_c": 0.3026153763, "pchol_hs_c": 0.3070369574, "asn_L_c": 0.07843095309999999, "6pgc_c": 0.035999760299999996, "ser_L_x": 0.7741069554000001, "leu_L_m": 3.3121535583, "25hvitd3_c": 0.0201496816, "gcald_c": 0.4838595332, "glyald_m": 0.0030733178, "thm_e": 0.0026736493, "c8crn_x": 0.0246184333, "pcollg5hlys_c": 0.0779938682, "srb_L_c": 0.021870149199999998, "5htrp_e": 0.0040856041, "pmtcrn_m": 0.007693579399999999, "CE2537_c": 0.3517050586, "cyst_L_m": 0.09687292380000001, "3mob_c": 0.009369392399999999, "ru5p_D_c": 0.0251772467, "cys_L_m": 0.0698321928, "2mcacn_c": 0.0090154354, "pro_D_l": 5.597991954299999, "pser_L_c": 0.0094633316, "pac_m": 0.44340488, "inost_r": 0.2451295686, "ttdca_e": 0.08832198599999999, "orn_m": 0.5810246264, "acrn_x": 0.014945633100000001, "ttdcea_c": 0.013135521599999998, "fru_e": 0.038623170400000004, "ura_c": 0.0320904622, "lac_D_c": 67.2321815565, "glyc_c": 0.4343980815, "ocdcea_r": 0.0186091383, "ttdcrn_c": 0.016149196100000002}