{"aact_m": 0.6014367785, "sphings_r": 0.026337029799999998, "val_L_e": 0.420553206, "C10164_c": 0.0293345524, "HC02024_r": 0.1154641913, "fum_m": 0.0119307744, "hdcea_e": 0.0427283983, "adrnl_e": 0.0312837092, "cit_c": 1.2524830142, "4hpro_LT_r": 0.1332509272, "chol_m": 0.0532584514, "4h2oglt_c": 0.0846495755, "C06199_l": 0.4931553915, "trp_L_c": 0.6463886828000001, "stcrn_m": 0.0603645245, "pyr_m": 0.47410535229999995, "carn_c": 0.4171322315, "chsterol_n": 1.4692659169, "lys_L_m": 0.6864770048000001, "g6p_r": 0.6476929894, "arg_L_e": 0.0712910931, "acgam_l": 0.0044097935, "c4crn_m": 0.0206077641, "C01601_c": 0.0356492057, "hom_L_e": 0.0020655694, "hxan_e": 0.0160380382, "lnlccrn_m": 0.1110695583, "im4ac_c": 0.0085784464, "urate_e": 0.10227315099999999, "g3p_c": 0.10571708449999999, "hdd2crn_c": 0.0357206318, "glu_L_r": 0.092791758, "nac_c": 0.1474671783, "asp_D_e": 0.0364101727, "thrnt_c": 0.07718651139999999, "C01507_c": 0.0064370752000000005, "12ppd_R_c": 0.4501674704, "5oxpro_e": 1.1535045472, "fuc_L_e": 0.0156996534, "arab_L_c": 0.0144320914, "vacccrn_m": 0.1780535, "CE6205_c": 0.0107047875, "pram_c": 0.7016005609999999, "ipdp_c": 0.0051089664000000005, "met_L_m": 0.2030526018, "ile_L_e": 0.0304025473, "hyptaur_c": 0.0028413703000000003, "rbt_e": 0.0412409813, "ocdca_c": 0.6639571532, "Lpipecol_x": 0.1944510625, "c10crn_e": 0.2300324875, "dhdascb_c": 0.0258976238, "gal_c": 0.0910945133, "phe_L_l": 0.6841847241, "urea_m": 25.115562382600004, "glx_m": 0.0391592237, "glc_D_c": 2.5915702907, "gln_L_e": 0.5583290567, "glcur_c": 0.0082348159, "crn_e": 0.030744772400000002, "c6crn_x": 0.024942349500000002, "gua_e": 0.018171438999999998, "dchac_r": 0.1149575409, "4mop_c": 0.0549943235, "sarcs_m": 0.0699962071, "anth_e": 0.0097654397, "andrstndn_c": 0.0092502444, "1p2cbxl_x": 0.22523946329999997, "2coum_c": 0.0287989188, "thr_L_e": 0.5324789303, "bilirub_r": 0.205453642, "5hoxindoa_c": 0.0136454492, "ddeccrn_m": 0.09098989810000001, "3mop_m": 0.0651981763, "xylt_e": 0.0111794228, "sphs1p_e": 0.0736958408, "gudac_c": 0.0107387344, "succ_r": 0.013161665, "ala_D_c": 9.8533696786, "prgstrn_e": 0.0329578977, "3hmp_m": 1.8418176884, "dmnoncrn_x": 0.0126827005, "oaa_x": 0.1078940076, "rib_D_c": 0.1430615627, "gly_m": 0.5654325817, "citr_L_m": 0.6720478682, "glyclt_x": 0.0256824836, "acnam_l": 0.0088280136, "creat_m": 0.13478735990000001, "tyr_L_l": 0.22571306359999999, "oxa_c": 115.6701158452, "Lcystin_c": 0.0927993413, "ivcrn_c": 0.0181965406, "dhap_x": 0.0355647785, "bz_r": 0.0239629153, "lneldc_e": 1.2237608964, "C02356_c": 0.631178985, "pchol_hs_c": 0.0560081434, "asn_L_c": 0.078793207, "6pgc_c": 0.033502617400000004, "ser_L_x": 1.0773779372, "leu_L_m": 2.6996866863999998, "25hvitd3_c": 0.0378118902, "gcald_c": 0.8029404520000001, "glyald_m": 0.0087442065, "thm_e": 0.0082869029, "c8crn_x": 0.09438838390000001, "pcollg5hlys_c": 0.08731751369999999, "srb_L_c": 0.0252071621, "5htrp_e": 0.003098536, "pmtcrn_m": 0.009295422099999999, "CE2537_c": 0.460565681, "cyst_L_m": 0.013045723600000001, "3mob_c": 0.0100855065, "ru5p_D_c": 0.012960068600000001, "cys_L_m": 0.08961015929999999, "2mcacn_c": 0.0115583093, "pro_D_l": 6.583117316900001, "pser_L_c": 0.0096352308, "pac_m": 0.4921714471, "inost_r": 0.3185015902, "ttdca_e": 0.1334863742, "orn_m": 0.43788196799999995, "acrn_x": 0.013103403999999999, "ttdcea_c": 0.008468440899999999, "fru_e": 0.06617216349999999, "ura_c": 0.0711250884, "lac_D_c": 31.8725132222, "glyc_c": 0.7140819747, "ocdcea_r": 0.0160514857, "ttdcrn_c": 0.0404889868}