{"aact_m": 0.4917365763, "sphings_r": 0.029061771400000002, "val_L_e": 0.7816909913, "C10164_c": 0.0826650091, "HC02024_r": 0.058982361100000005, "fum_m": 0.0657477333, "hdcea_e": 0.0095236526, "adrnl_e": 0.013445080900000001, "cit_c": 0.9344869128, "4hpro_LT_r": 0.1252993189, "chol_m": 0.0761234129, "4h2oglt_c": 0.0566740506, "C06199_l": 0.6333473750999999, "trp_L_c": 0.9852033937000001, "stcrn_m": 0.0383349666, "pyr_m": 0.8806897317, "carn_c": 0.14106645339999999, "chsterol_n": 1.6095276924000002, "lys_L_m": 0.7100957756, "g6p_r": 0.066387671, "arg_L_e": 0.029203805299999996, "acgam_l": 0.0066929906, "c4crn_m": 0.0267485639, "C01601_c": 0.0140537, "hom_L_e": 0.0162771003, "hxan_e": 0.1035269767, "lnlccrn_m": 0.0455467363, "im4ac_c": 0.0371884983, "urate_e": 0.309373318, "g3p_c": 0.064294903, "hdd2crn_c": 0.0132341559, "glu_L_r": 0.1010191652, "nac_c": 0.0701254737, "asp_D_e": 0.0468785854, "thrnt_c": 0.0450488582, "C01507_c": 0.0088236266, "12ppd_R_c": 0.9592097025, "5oxpro_e": 1.0097900528000001, "fuc_L_e": 0.0158647427, "arab_L_c": 0.007868054000000001, "vacccrn_m": 0.0863448733, "CE6205_c": 0.0159526898, "pram_c": 0.9264066531999999, "ipdp_c": 0.0048946321999999995, "met_L_m": 0.3559122999, "ile_L_e": 0.0174469503, "hyptaur_c": 0.0382469944, "rbt_e": 0.0362923684, "ocdca_c": 0.2368767365, "Lpipecol_x": 0.0550118593, "c10crn_e": 0.0460158459, "dhdascb_c": 0.0171116701, "gal_c": 0.0431600457, "phe_L_l": 0.8570370162000001, "urea_m": 19.8933040544, "glx_m": 0.052009074, "glc_D_c": 37.3820703114, "gln_L_e": 0.17010801190000002, "glcur_c": 0.0060467365, "crn_e": 0.1735134419, "c6crn_x": 0.0096085014, "gua_e": 0.0165732455, "dchac_r": 0.1122580101, "4mop_c": 0.08856501060000001, "sarcs_m": 0.1535549364, "anth_e": 0.0042651810999999994, "andrstndn_c": 0.0297004679, "1p2cbxl_x": 0.20826404899999998, "2coum_c": 0.0199136674, "thr_L_e": 1.1425883595, "bilirub_r": 0.0366823819, "5hoxindoa_c": 0.0136299486, "ddeccrn_m": 0.0366013144, "3mop_m": 0.1155218692, "xylt_e": 0.0111808571, "sphs1p_e": 0.045437798700000004, "gudac_c": 0.012241531299999999, "succ_r": 0.0396203772, "ala_D_c": 14.025475993099999, "prgstrn_e": 0.0104925417, "3hmp_m": 1.2224830643, "dmnoncrn_x": 0.0067870638, "oaa_x": 0.13323378789999998, "rib_D_c": 0.0461295737, "gly_m": 0.38856956200000003, "citr_L_m": 0.6783332915000001, "glyclt_x": 0.008880347299999999, "acnam_l": 0.1113816198, "creat_m": 0.4276388351, "tyr_L_l": 0.1522059955, "oxa_c": 91.86018823959999, "Lcystin_c": 0.0347026046, "ivcrn_c": 0.0227277577, "dhap_x": 0.024820754, "bz_r": 0.0271931046, "lneldc_e": 0.23690902600000002, "C02356_c": 0.3901813034, "pchol_hs_c": 0.2176089642, "asn_L_c": 0.0976212847, "6pgc_c": 0.043432932699999996, "ser_L_x": 1.5832251239, "leu_L_m": 4.8435595243, "25hvitd3_c": 0.018291651699999998, "gcald_c": 0.6070385039, "glyald_m": 0.020191983, "thm_e": 0.0269290967, "c8crn_x": 0.021299938900000003, "pcollg5hlys_c": 0.0611299573, "srb_L_c": 0.018690523100000002, "5htrp_e": 0.031802076400000004, "pmtcrn_m": 0.018891474499999998, "CE2537_c": 0.1275974413, "cyst_L_m": 0.1370123778, "3mob_c": 0.0127482854, "ru5p_D_c": 0.0097257637, "cys_L_m": 0.0820676597, "2mcacn_c": 0.010555066100000001, "pro_D_l": 9.1759945451, "pser_L_c": 0.0109875641, "pac_m": 0.4964687448, "inost_r": 0.27556784149999997, "ttdca_e": 0.0314260087, "orn_m": 0.4150916548, "acrn_x": 0.0182188201, "ttdcea_c": 0.0212798363, "fru_e": 0.2912622591, "ura_c": 0.0426445887, "lac_D_c": 56.8254536446, "glyc_c": 0.3641248468, "ocdcea_r": 0.0037320544, "ttdcrn_c": 0.0170375747}