{"aact_m": 0.5296256461, "sphings_r": 0.0262959156, "val_L_e": 0.43855947100000003, "C10164_c": 0.10365328089999999, "HC02024_r": 0.0662016359, "fum_m": 0.0582375367, "hdcea_e": 0.0146194175, "adrnl_e": 0.0040827120000000005, "cit_c": 0.8986083506, "4hpro_LT_r": 0.11202318859999999, "chol_m": 0.042362152, "4h2oglt_c": 0.0356925123, "C06199_l": 0.46588894770000006, "trp_L_c": 0.6357141135000001, "stcrn_m": 0.04253839190000001, "pyr_m": 1.5106497362, "carn_c": 0.2624065426, "chsterol_n": 2.0633872419, "lys_L_m": 1.1637667765000002, "g6p_r": 0.0783961268, "arg_L_e": 0.0472697174, "acgam_l": 0.0067888973, "c4crn_m": 0.1679177282, "C01601_c": 0.017747026399999997, "hom_L_e": 0.0114262577, "hxan_e": 0.034728122, "lnlccrn_m": 0.10502750599999999, "im4ac_c": 0.0210268394, "urate_e": 0.4701362696, "g3p_c": 0.049808684400000004, "hdd2crn_c": 0.0187111379, "glu_L_r": 0.1546316918, "nac_c": 0.2176807522, "asp_D_e": 0.047260888499999994, "thrnt_c": 0.0312823167, "C01507_c": 0.011363373700000002, "12ppd_R_c": 0.6148614493, "5oxpro_e": 1.3644488632, "fuc_L_e": 0.011193699599999999, "arab_L_c": 0.0040576184, "vacccrn_m": 0.1391320052, "CE6205_c": 0.0121796721, "pram_c": 0.6095344926, "ipdp_c": 0.0041412434, "met_L_m": 0.2292291612, "ile_L_e": 0.057342649800000006, "hyptaur_c": 0.0119124991, "rbt_e": 0.038765502599999994, "ocdca_c": 0.3992207455, "Lpipecol_x": 0.0406560875, "c10crn_e": 0.055501761100000005, "dhdascb_c": 0.0198590824, "gal_c": 0.0559364931, "phe_L_l": 0.871087099, "urea_m": 24.5373815514, "glx_m": 0.042874389000000006, "glc_D_c": 14.029107877000001, "gln_L_e": 0.3656690672, "glcur_c": 0.0087542226, "crn_e": 0.041858642, "c6crn_x": 0.0088706615, "gua_e": 0.015377884, "dchac_r": 0.0692403223, "4mop_c": 0.0722184517, "sarcs_m": 0.1206216361, "anth_e": 0.012736364299999999, "andrstndn_c": 0.014498957600000001, "1p2cbxl_x": 0.3112602738, "2coum_c": 0.0214411882, "thr_L_e": 0.8318874175, "bilirub_r": 0.09095682949999999, "5hoxindoa_c": 0.0103687308, "ddeccrn_m": 0.029355407799999997, "3mop_m": 0.04224765230000001, "xylt_e": 0.006176354300000001, "sphs1p_e": 0.05075665, "gudac_c": 0.0102595269, "succ_r": 0.0409699762, "ala_D_c": 17.207451466600002, "prgstrn_e": 0.0142873824, "3hmp_m": 1.0901453735, "dmnoncrn_x": 0.0058892684, "oaa_x": 0.1078575228, "rib_D_c": 0.0960588894, "gly_m": 2.2933560836, "citr_L_m": 0.6910934234, "glyclt_x": 0.0084387032, "acnam_l": 0.0133643019, "creat_m": 0.3911196622, "tyr_L_l": 0.1531949945, "oxa_c": 171.54867949459998, "Lcystin_c": 0.0549098985, "ivcrn_c": 0.0238708502, "dhap_x": 0.0241450677, "bz_r": 0.0234546583, "lneldc_e": 0.0272431065, "C02356_c": 0.5446164793, "pchol_hs_c": 0.11626113019999999, "asn_L_c": 0.08871819980000001, "6pgc_c": 0.026565164199999998, "ser_L_x": 0.9786234674, "leu_L_m": 3.5145842720999996, "25hvitd3_c": 0.017454149199999998, "gcald_c": 0.7050630419, "glyald_m": 0.0180738443, "thm_e": 0.0272041927, "c8crn_x": 0.021119378199999997, "pcollg5hlys_c": 0.0752084484, "srb_L_c": 0.0278668423, "5htrp_e": 0.0158940369, "pmtcrn_m": 0.0035659801, "CE2537_c": 0.2817939115, "cyst_L_m": 0.0416198219, "3mob_c": 0.010526410900000002, "ru5p_D_c": 0.0161180364, "cys_L_m": 0.1227046666, "2mcacn_c": 0.0084842359, "pro_D_l": 10.4446358547, "pser_L_c": 0.009463702, "pac_m": 0.4231822507, "inost_r": 0.37104198829999996, "ttdca_e": 0.063982354, "orn_m": 1.4820401848, "acrn_x": 0.0135536404, "ttdcea_c": 0.008631808199999999, "fru_e": 0.0613561258, "ura_c": 0.050528734699999994, "lac_D_c": 73.6289152814, "glyc_c": 0.37113325420000004, "ocdcea_r": 0.004824499, "ttdcrn_c": 0.014580316299999998}