{"aact_m": 0.49471728060000003, "sphings_r": 0.0281003864, "val_L_e": 0.3240327783, "C10164_c": 0.0676658571, "HC02024_r": 0.0721382009, "fum_m": 0.0470451856, "hdcea_e": 0.029494385499999998, "adrnl_e": 0.001481719, "cit_c": 0.7992341868, "4hpro_LT_r": 0.10788496619999999, "chol_m": 0.038848711200000004, "4h2oglt_c": 0.039343899700000004, "C06199_l": 0.4022589985, "trp_L_c": 0.7698694940999999, "stcrn_m": 0.059450822699999996, "pyr_m": 1.2046127053, "carn_c": 0.1609359191, "chsterol_n": 1.6271427313999998, "lys_L_m": 0.8785502686, "g6p_r": 0.0560634835, "arg_L_e": 0.0631518334, "acgam_l": 0.0049082386, "c4crn_m": 0.0715639642, "C01601_c": 0.0162911526, "hom_L_e": 0.011007408799999998, "hxan_e": 0.0193094356, "lnlccrn_m": 0.0874689442, "im4ac_c": 0.0110776932, "urate_e": 0.3872444826, "g3p_c": 0.0483378153, "hdd2crn_c": 0.0213798699, "glu_L_r": 0.2375538959, "nac_c": 0.2543434178, "asp_D_e": 0.0575374604, "thrnt_c": 0.0612607384, "C01507_c": 0.0080855223, "12ppd_R_c": 0.5090884525, "5oxpro_e": 1.3587454806, "fuc_L_e": 0.0109739733, "arab_L_c": 0.009518829, "vacccrn_m": 0.139039906, "CE6205_c": 0.0151731125, "pram_c": 0.0, "ipdp_c": 0.0043005373, "met_L_m": 0.2055314109, "ile_L_e": 0.0445834253, "hyptaur_c": 0.0097169684, "rbt_e": 0.0358324381, "ocdca_c": 0.5097501068, "Lpipecol_x": 0.0435912506, "c10crn_e": 0.08680486300000001, "dhdascb_c": 0.010844134299999999, "gal_c": 0.0269235077, "phe_L_l": 0.7084203616, "urea_m": 16.6320172622, "glx_m": 0.060458490499999996, "glc_D_c": 41.584391336399996, "gln_L_e": 0.3189981819, "glcur_c": 0.0069036871, "crn_e": 0.0307949606, "c6crn_x": 0.0165442001, "gua_e": 0.0126293529, "dchac_r": 0.0945862492, "4mop_c": 0.0666572604, "sarcs_m": 0.1006965707, "anth_e": 0.0143081863, "andrstndn_c": 0.0090766013, "1p2cbxl_x": 0.2700043031, "2coum_c": 0.0196841895, "thr_L_e": 0.6514950039, "bilirub_r": 0.0658403565, "5hoxindoa_c": 0.010564803999999999, "ddeccrn_m": 0.043396839400000005, "3mop_m": 0.0428267113, "xylt_e": 0.0057726418000000005, "sphs1p_e": 0.042115675199999994, "gudac_c": 0.0103244421, "succ_r": 0.0399235405, "ala_D_c": 11.9906506642, "prgstrn_e": 0.013554443400000001, "3hmp_m": 0.9638184741, "dmnoncrn_x": 0.0062831208, "oaa_x": 0.1002626561, "rib_D_c": 0.0421725497, "gly_m": 1.7309772786000002, "citr_L_m": 0.6321598310000001, "glyclt_x": 0.0126781148, "acnam_l": 0.0167860343, "creat_m": 0.15335189119999998, "tyr_L_l": 0.143883926, "oxa_c": 186.2162502148, "Lcystin_c": 0.0496770709, "ivcrn_c": 0.0270822912, "dhap_x": 0.020863984, "bz_r": 0.0196927966, "lneldc_e": 0.17020060350000002, "C02356_c": 0.2637953885, "pchol_hs_c": 0.0841123949, "asn_L_c": 0.0902543792, "6pgc_c": 0.0316359153, "ser_L_x": 1.0069420287000002, "leu_L_m": 2.6934702907, "25hvitd3_c": 0.0211429129, "gcald_c": 0.4256198671, "glyald_m": 0.0129186054, "thm_e": 0.0019155678, "c8crn_x": 0.0312427292, "pcollg5hlys_c": 0.0913067409, "srb_L_c": 0.0154065766, "5htrp_e": 0.0187343903, "pmtcrn_m": 0.0024377588, "CE2537_c": 0.1317925307, "cyst_L_m": 0.2652409616, "3mob_c": 0.0144614276, "ru5p_D_c": 0.0149573797, "cys_L_m": 0.0929460574, "2mcacn_c": 0.0086194084, "pro_D_l": 5.9916633720000005, "pser_L_c": 0.0083038003, "pac_m": 0.4181033838, "inost_r": 0.32633630329999996, "ttdca_e": 0.12196388050000001, "orn_m": 0.6913024445, "acrn_x": 0.026286720099999997, "ttdcea_c": 0.0116798067, "fru_e": 0.027118415400000002, "ura_c": 0.0315542225, "lac_D_c": 41.9409950035, "glyc_c": 0.6269609457, "ocdcea_r": 0.012524271399999998, "ttdcrn_c": 0.0177845302}