{"aact_m": 0.9558026303, "sphings_r": 0.0328763948, "val_L_e": 0.35178956240000003, "C10164_c": 0.024402629500000002, "HC02024_r": 0.1621157167, "fum_m": 0.009103029200000001, "hdcea_e": 0.0542971005, "adrnl_e": 0.0028658313, "cit_c": 0.5772156662, "4hpro_LT_r": 0.1413595339, "chol_m": 0.10554974460000001, "4h2oglt_c": 0.061600471, "C06199_l": 0.6948483220999999, "trp_L_c": 0.5489091248, "stcrn_m": 0.0299322406, "pyr_m": 0.6165891185, "carn_c": 0.2075506803, "chsterol_n": 0.7429762065000001, "lys_L_m": 0.46783754909999997, "g6p_r": 0.05722170769999999, "arg_L_e": 0.0296854806, "acgam_l": 0.0029046531, "c4crn_m": 0.0275992333, "C01601_c": 0.035245426499999996, "hom_L_e": 0.0091498659, "hxan_e": 0.0077867266, "lnlccrn_m": 0.0341933789, "im4ac_c": 0.006049388199999999, "urate_e": 0.1921283876, "g3p_c": 0.1270249198, "hdd2crn_c": 0.0214007515, "glu_L_r": 0.5844835638, "nac_c": 0.1367417382, "asp_D_e": 0.14944822900000002, "thrnt_c": 0.0075607977, "C01507_c": 0.0064983420999999994, "12ppd_R_c": 0.5319962082, "5oxpro_e": 2.8516951789, "fuc_L_e": 0.0105579251, "arab_L_c": 0.2742684171, "vacccrn_m": 0.0971065112, "CE6205_c": 0.0112255897, "pram_c": 0.6501952243, "ipdp_c": 0.0035421004, "met_L_m": 0.2577418629, "ile_L_e": 0.0425217518, "hyptaur_c": 9.74698322678389e-05, "rbt_e": 0.0310486011, "ocdca_c": 1.0197391679, "Lpipecol_x": 0.0527689554, "c10crn_e": 0.0625707031, "dhdascb_c": 0.0138555565, "gal_c": 0.0392939008, "phe_L_l": 1.3733766679, "urea_m": 21.503193950500002, "glx_m": 0.0193676862, "glc_D_c": 1.8396558084999999, "gln_L_e": 0.2868824013, "glcur_c": 0.0075594351, "crn_e": 0.0710718531, "c6crn_x": 0.0168487582, "gua_e": 0.0213691494, "dchac_r": 0.1753216272, "4mop_c": 0.0717227583, "sarcs_m": 0.0489718537, "anth_e": 0.0089091073, "andrstndn_c": 0.0235636069, "1p2cbxl_x": 0.2342971341, "2coum_c": 0.0495364399, "thr_L_e": 0.8245191573, "bilirub_r": 0.017438331499999998, "5hoxindoa_c": 0.0151381326, "ddeccrn_m": 0.0376217019, "3mop_m": 0.1645008205, "xylt_e": 0.0058376881, "sphs1p_e": 0.035325757799999996, "gudac_c": 0.0108790513, "succ_r": 0.017585243799999997, "ala_D_c": 16.6153463183, "prgstrn_e": 0.0094316912, "3hmp_m": 2.3742306725, "dmnoncrn_x": 0.005660964399999999, "oaa_x": 0.0813240354, "rib_D_c": 0.047184227599999996, "gly_m": 0.4841645714, "citr_L_m": 0.6523684953, "glyclt_x": 0.0090790166, "acnam_l": 0.0008448225999999999, "creat_m": 0.2528986392, "tyr_L_l": 0.38679060020000006, "oxa_c": 99.24353077219999, "Lcystin_c": 0.026408972000000003, "ivcrn_c": 0.0130176453, "dhap_x": 0.0240281615, "bz_r": 0.0377847475, "lneldc_e": 0.0661068772, "C02356_c": 0.39205580170000004, "pchol_hs_c": 0.2722252551, "asn_L_c": 0.0430620656, "6pgc_c": 0.0301465971, "ser_L_x": 0.9607289866, "leu_L_m": 5.4139423646000004, "25hvitd3_c": 0.0201820898, "gcald_c": 0.7593979484000001, "glyald_m": 0.007442369599999999, "thm_e": 0.0061358333, "c8crn_x": 0.034107949900000004, "pcollg5hlys_c": 0.0877632243, "srb_L_c": 0.0172202202, "5htrp_e": 0.0008701088, "pmtcrn_m": 0.0040067125, "CE2537_c": 0.1762385493, "cyst_L_m": 0.07742002769999999, "3mob_c": 0.0128362372, "ru5p_D_c": 0.023642009500000002, "cys_L_m": 0.0771349269, "2mcacn_c": 0.0150781194, "pro_D_l": 8.5219435213, "pser_L_c": 0.0102470075, "pac_m": 0.5050696268, "inost_r": 0.19240330379999998, "ttdca_e": 0.110105526, "orn_m": 0.6180418957, "acrn_x": 0.0205311585, "ttdcea_c": 0.0241936577, "fru_e": 0.0950606107, "ura_c": 0.034672937200000004, "lac_D_c": 52.8472340933, "glyc_c": 0.8031012317, "ocdcea_r": 0.0173169209, "ttdcrn_c": 0.0193948164}