{"aact_m": 0.230025536, "sphings_r": 0.023737482799999998, "val_L_e": 0.4383746961, "C10164_c": 0.0742455212, "HC02024_r": 0.0509843879, "fum_m": 0.052400815700000006, "hdcea_e": 0.2361282146, "adrnl_e": 0.0150458439, "cit_c": 0.5467869027000001, "4hpro_LT_r": 0.10726891300000001, "chol_m": 0.1146847497, "4h2oglt_c": 0.043327688200000006, "C06199_l": 0.44477285060000005, "trp_L_c": 0.9977345755, "stcrn_m": 0.034652624, "pyr_m": 1.8647673837, "carn_c": 0.08615407289999999, "chsterol_n": 1.9276825602, "lys_L_m": 1.053550499, "g6p_r": 0.06283779540000001, "arg_L_e": 0.06179375980000001, "acgam_l": 0.0053118272, "c4crn_m": 0.0312530824, "C01601_c": 0.0135569366, "hom_L_e": 0.0222442443, "hxan_e": 0.0106687855, "lnlccrn_m": 0.1670823683, "im4ac_c": 0.0357809561, "urate_e": 0.5859762422, "g3p_c": 0.0451194129, "hdd2crn_c": 0.024313252900000002, "glu_L_r": 0.2615228418, "nac_c": 0.43485478380000003, "asp_D_e": 0.0756787243, "thrnt_c": 0.0489657446, "C01507_c": 0.0105883637, "12ppd_R_c": 0.6681346921, "5oxpro_e": 1.76123897, "fuc_L_e": 0.0076027533999999996, "arab_L_c": 0.010271772, "vacccrn_m": 0.18100397, "CE6205_c": 0.013553041399999998, "pram_c": 0.5418145704999999, "ipdp_c": 0.0031487417, "met_L_m": 0.2799888951, "ile_L_e": 0.06195559900000001, "hyptaur_c": 0.0205441689, "rbt_e": 0.04625809559999999, "ocdca_c": 0.7233378811, "Lpipecol_x": 0.44540740100000004, "c10crn_e": 0.0276607582, "dhdascb_c": 0.0071209805000000004, "gal_c": 0.021354466000000003, "phe_L_l": 0.7917141735, "urea_m": 18.0513667241, "glx_m": 0.0323090861, "glc_D_c": 12.5463248375, "gln_L_e": 0.24153564239999997, "glcur_c": 0.0063785328, "crn_e": 0.0296022631, "c6crn_x": 0.0061286178000000005, "gua_e": 0.0207727575, "dchac_r": 0.0359002098, "4mop_c": 0.07564722759999999, "sarcs_m": 0.1470307477, "anth_e": 0.008544960400000001, "andrstndn_c": 0.0164340343, "1p2cbxl_x": 0.22396266, "2coum_c": 0.034454960800000003, "thr_L_e": 1.2358123792, "bilirub_r": 0.0326160929, "5hoxindoa_c": 0.0105894115, "ddeccrn_m": 0.0248879269, "3mop_m": 0.0776864953, "xylt_e": 0.006405109399999999, "sphs1p_e": 0.0568494543, "gudac_c": 0.0116263971, "succ_r": 0.0561904751, "ala_D_c": 17.720695023, "prgstrn_e": 0.0053119857, "3hmp_m": 1.335743959, "dmnoncrn_x": 0.0042737245, "oaa_x": 0.1236955842, "rib_D_c": 0.028700919100000003, "gly_m": 1.8745453641999998, "citr_L_m": 0.6334631722999999, "glyclt_x": 0.005545215, "acnam_l": 0.0168573375, "creat_m": 0.2032470171, "tyr_L_l": 0.2404551826, "oxa_c": 116.84302808700001, "Lcystin_c": 0.0347404286, "ivcrn_c": 0.0233658575, "dhap_x": 0.023262890699999997, "bz_r": 0.001080867, "lneldc_e": 0.0206410401, "C02356_c": 0.7779850633, "pchol_hs_c": 0.0502863032, "asn_L_c": 0.12779115300000002, "6pgc_c": 0.035980924500000004, "ser_L_x": 1.4471435058000002, "leu_L_m": 3.8137187366000003, "25hvitd3_c": 0.0217829899, "gcald_c": 0.450258648, "glyald_m": 0.0094474839, "thm_e": 0.011052518899999999, "c8crn_x": 0.0100846031, "pcollg5hlys_c": 0.0628143407, "srb_L_c": 0.0155541642, "5htrp_e": 0.021236682000000003, "pmtcrn_m": 0.0026888565, "CE2537_c": 0.0840535474, "cyst_L_m": 0.0760476309, "3mob_c": 0.013500776, "ru5p_D_c": 0.0272579368, "cys_L_m": 0.1044563634, "2mcacn_c": 0.00749054, "pro_D_l": 7.4724968594000005, "pser_L_c": 0.0091735726, "pac_m": 0.4389903836, "inost_r": 0.3405618866, "ttdca_e": 0.5507012579, "orn_m": 1.9322841676, "acrn_x": 0.0075226934, "ttdcea_c": 0.009709581, "fru_e": 0.08292485919999999, "ura_c": 0.023118666, "lac_D_c": 109.98955564049999, "glyc_c": 2.6847536823, "ocdcea_r": 0.057447215, "ttdcrn_c": 0.0172374566}