{"aact_m": 0.9260519933, "sphings_r": 0.0373509209, "val_L_e": 0.5726059028, "C10164_c": 0.0182761851, "HC02024_r": 0.2068784405, "fum_m": 0.008279845, "hdcea_e": 0.0503907986, "adrnl_e": 0.0012646144, "cit_c": 0.4020701593, "4hpro_LT_r": 0.1372432709, "chol_m": 0.19414663989999997, "4h2oglt_c": 0.060122681500000004, "C06199_l": 0.25665858350000004, "trp_L_c": 0.41725397700000005, "stcrn_m": 0.033504305, "pyr_m": 0.3298654337, "carn_c": 0.1703652729, "chsterol_n": 0.6392303556000001, "lys_L_m": 0.44481767640000003, "g6p_r": 0.045480572000000004, "arg_L_e": 0.061105154800000006, "acgam_l": 0.0030549012, "c4crn_m": 0.0103901923, "C01601_c": 0.042004619699999995, "hom_L_e": 0.0032276406, "hxan_e": 0.0093354632, "lnlccrn_m": 0.0631604054, "im4ac_c": 0.0086868067, "urate_e": 0.3019901875, "g3p_c": 0.1147509438, "hdd2crn_c": 0.022756486099999997, "glu_L_r": 0.4400460353, "nac_c": 0.0973911967, "asp_D_e": 0.0796071525, "thrnt_c": 0.062042342800000004, "C01507_c": 0.021964484, "12ppd_R_c": 0.4451465651, "5oxpro_e": 2.2603156058000002, "fuc_L_e": 0.0089803796, "arab_L_c": 0.008579762, "vacccrn_m": 0.1379574344, "CE6205_c": 0.015084531200000001, "pram_c": 0.6378857868, "ipdp_c": 0.0042049426, "met_L_m": 0.1824120442, "ile_L_e": 0.0550186341, "hyptaur_c": 0.0002513953, "rbt_e": 0.022230215499999997, "ocdca_c": 0.5300834822, "Lpipecol_x": 0.0208283984, "c10crn_e": 0.08419731789999998, "dhdascb_c": 0.0116814654, "gal_c": 0.0448015933, "phe_L_l": 0.40982487079999996, "urea_m": 7.6331875772, "glx_m": 0.025566294500000003, "glc_D_c": 2.9591088958, "gln_L_e": 0.3719067661, "glcur_c": 0.0047356081, "crn_e": 0.13461366019999998, "c6crn_x": 0.010392480899999999, "gua_e": 0.017245415, "dchac_r": 0.1550574132, "4mop_c": 0.0513964619, "sarcs_m": 0.022119253999999998, "anth_e": 0.0106406022, "andrstndn_c": 0.013482449399999999, "1p2cbxl_x": 0.21597352, "2coum_c": 0.0205186173, "thr_L_e": 0.6387878446999999, "bilirub_r": 0.1468008586, "5hoxindoa_c": 0.013396616299999999, "ddeccrn_m": 0.0392598095, "3mop_m": 0.09604753029999999, "xylt_e": 0.0050709940000000005, "sphs1p_e": 0.057242950199999997, "gudac_c": 0.0095389919, "succ_r": 0.0100591497, "ala_D_c": 5.942900617, "prgstrn_e": 0.011905478700000001, "3hmp_m": 2.4527519344999997, "dmnoncrn_x": 0.0069002774, "oaa_x": 0.0841793574, "rib_D_c": 0.0456682937, "gly_m": 0.4299354003, "citr_L_m": 0.7021505986, "glyclt_x": 0.016098130800000002, "acnam_l": 0.0041699181, "creat_m": 0.1582671914, "tyr_L_l": 0.1652484319, "oxa_c": 116.14587323059999, "Lcystin_c": 0.0151302048, "ivcrn_c": 0.0186706918, "dhap_x": 0.0226674658, "bz_r": 0.0175217035, "lneldc_e": 0.0498530733, "C02356_c": 0.3116795861, "pchol_hs_c": 0.16997418579999998, "asn_L_c": 0.026005495400000002, "6pgc_c": 0.0261565057, "ser_L_x": 0.9867502424, "leu_L_m": 2.0194681634, "25hvitd3_c": 0.0277009442, "gcald_c": 0.0196652452, "glyald_m": 0.0081204076, "thm_e": 0.0040253568, "c8crn_x": 0.0337490969, "pcollg5hlys_c": 0.0604869683, "srb_L_c": 0.012762699399999999, "5htrp_e": 0.0016767720000000002, "pmtcrn_m": 0.0070205588, "CE2537_c": 0.1326812551, "cyst_L_m": 0.0333299778, "3mob_c": 0.0081821694, "ru5p_D_c": 0.0251883842, "cys_L_m": 0.0462017997, "2mcacn_c": 0.013531108799999999, "pro_D_l": 4.4547744841000005, "pser_L_c": 0.0089641272, "pac_m": 0.4486197479, "inost_r": 0.11322142369999999, "ttdca_e": 0.0740513489, "orn_m": 0.3296376494, "acrn_x": 0.0139570077, "ttdcea_c": 0.010218650400000001, "fru_e": 0.0264437039, "ura_c": 0.0307786954, "lac_D_c": 11.1145121141, "glyc_c": 0.37431053439999995, "ocdcea_r": 0.0132299331, "ttdcrn_c": 0.0149966119}