{"aact_m": 0.8297971391, "sphings_r": 0.0322312278, "val_L_e": 0.39417494630000005, "C10164_c": 0.030789156600000003, "HC02024_r": 0.21555225670000003, "fum_m": 0.0127379546, "hdcea_e": 0.12822103869999998, "adrnl_e": 0.0015915961999999999, "cit_c": 0.4602882922, "4hpro_LT_r": 0.13004430960000002, "chol_m": 0.10496943710000001, "4h2oglt_c": 0.0577197446, "C06199_l": 0.2803692239, "trp_L_c": 0.4704190111, "stcrn_m": 0.0723803214, "pyr_m": 0.299353973, "carn_c": 0.1605402645, "chsterol_n": 1.357368565, "lys_L_m": 0.5515001934, "g6p_r": 0.0863776218, "arg_L_e": 0.0758172361, "acgam_l": 0.005475310400000001, "c4crn_m": 0.0145042674, "C01601_c": 0.0354296967, "hom_L_e": 0.0039602160999999995, "hxan_e": 0.008398246, "lnlccrn_m": 0.05168148559999999, "im4ac_c": 0.016770371000000003, "urate_e": 0.1478167058, "g3p_c": 0.10238578039999999, "hdd2crn_c": 0.0354360007, "glu_L_r": 1.0493277022, "nac_c": 0.09461349919999999, "asp_D_e": 0.1424050017, "thrnt_c": 0.0708596378, "C01507_c": 0.0090168209, "12ppd_R_c": 0.4988024972, "5oxpro_e": 3.0841148936000002, "fuc_L_e": 0.010614648899999999, "arab_L_c": 0.0033094853, "vacccrn_m": 0.1681112082, "CE6205_c": 0.0119553241, "pram_c": 0.6857911159000001, "ipdp_c": 0.0044335327, "met_L_m": 0.20358297399999997, "ile_L_e": 0.0164945767, "hyptaur_c": 0.0001359526, "rbt_e": 0.0364748854, "ocdca_c": 0.7194716535, "Lpipecol_x": 0.051583376900000005, "c10crn_e": 0.0769297858, "dhdascb_c": 0.011514026, "gal_c": 0.0472930186, "phe_L_l": 0.5407977725, "urea_m": 18.1377425136, "glx_m": 0.0377607068, "glc_D_c": 1.0026021092, "gln_L_e": 0.15579388789999998, "glcur_c": 0.010808660800000001, "crn_e": 0.06345184400000001, "c6crn_x": 0.0134149566, "gua_e": 0.0162270362, "dchac_r": 0.1429244732, "4mop_c": 0.047615434500000005, "sarcs_m": 0.029641998399999998, "anth_e": 0.0130850629, "andrstndn_c": 0.0096855525, "1p2cbxl_x": 0.2352509835, "2coum_c": 0.0213150421, "thr_L_e": 1.1203146049, "bilirub_r": 0.1858378493, "5hoxindoa_c": 0.0097438726, "ddeccrn_m": 0.0415602471, "3mop_m": 0.0475962555, "xylt_e": 0.0069624852, "sphs1p_e": 0.0767681424, "gudac_c": 0.0078709318, "succ_r": 0.0237157621, "ala_D_c": 8.7930589963, "prgstrn_e": 0.0084135779, "3hmp_m": 2.4047959263, "dmnoncrn_x": 0.0055491865, "oaa_x": 0.0885191057, "rib_D_c": 0.052679125199999996, "gly_m": 0.6343158338, "citr_L_m": 0.6662325983, "glyclt_x": 0.022921435, "acnam_l": 0.0067147311, "creat_m": 0.1517021934, "tyr_L_l": 0.17747693850000001, "oxa_c": 135.36036843600002, "Lcystin_c": 0.0255835248, "ivcrn_c": 0.0169996602, "dhap_x": 0.021442117400000002, "bz_r": 0.0171050245, "lneldc_e": 0.07835034519999999, "C02356_c": 0.472144832, "pchol_hs_c": 0.1890574655, "asn_L_c": 0.030420870200000002, "6pgc_c": 0.0195768061, "ser_L_x": 1.2910091247, "leu_L_m": 1.5833407253999998, "25hvitd3_c": 0.0346653315, "gcald_c": 0.6724318681999999, "glyald_m": 0.0172505731, "thm_e": 0.0088270502, "c8crn_x": 0.0449226387, "pcollg5hlys_c": 0.0848308228, "srb_L_c": 0.0148740051, "5htrp_e": 0.0028855694, "pmtcrn_m": 0.0054063418000000005, "CE2537_c": 0.1704701003, "cyst_L_m": 0.018654938200000002, "3mob_c": 0.0066984868, "ru5p_D_c": 0.032028855, "cys_L_m": 0.053887243499999994, "2mcacn_c": 0.010573018, "pro_D_l": 4.5839192361, "pser_L_c": 0.0085517117, "pac_m": 0.3498536989, "inost_r": 0.2390874575, "ttdca_e": 0.1442797574, "orn_m": 0.40312986079999996, "acrn_x": 0.013321972, "ttdcea_c": 0.0167693843, "fru_e": 0.032381551, "ura_c": 0.0309622786, "lac_D_c": 20.6558635379, "glyc_c": 0.3996845957, "ocdcea_r": 0.0172984946, "ttdcrn_c": 0.0248773568}