{"aact_m": 0.8717203245999999, "sphings_r": 0.033893460099999995, "val_L_e": 0.8066254085, "C10164_c": 0.0277713649, "HC02024_r": 0.11850550859999999, "fum_m": 0.015055393700000001, "hdcea_e": 0.052170382599999995, "adrnl_e": 0.0087787647, "cit_c": 0.6474385184, "4hpro_LT_r": 0.1419151893, "chol_m": 0.0379145246, "4h2oglt_c": 0.0460400783, "C06199_l": 0.3295111444, "trp_L_c": 0.5436939697, "stcrn_m": 0.0657775831, "pyr_m": 0.9846902434, "carn_c": 0.24807450550000001, "chsterol_n": 1.4835206547, "lys_L_m": 1.1345299863, "g6p_r": 0.5658210531, "arg_L_e": 0.0464914459, "acgam_l": 0.005553163000000001, "c4crn_m": 0.0, "C01601_c": 0.0261239802, "hom_L_e": 0.0049307307, "hxan_e": 0.021742614599999998, "lnlccrn_m": 0.11937030900000001, "im4ac_c": 0.0170402007, "urate_e": 0.3063265108, "g3p_c": 0.0814945655, "hdd2crn_c": 0.0358260597, "glu_L_r": 0.1968807715, "nac_c": 0.2230606034, "asp_D_e": 0.035376488, "thrnt_c": 0.0358437693, "C01507_c": 0.0638921918, "12ppd_R_c": 0.4645856887, "5oxpro_e": 1.1989548065, "fuc_L_e": 0.012775468799999998, "arab_L_c": 0.010861460600000001, "vacccrn_m": 0.26390950420000003, "CE6205_c": 0.0302403038, "pram_c": 0.6513355377000001, "ipdp_c": 0.0057020753000000006, "met_L_m": 0.1545179253, "ile_L_e": 0.0521906674, "hyptaur_c": 0.0036446594, "rbt_e": 0.0441127688, "ocdca_c": 0.666024824, "Lpipecol_x": 0.0795745629, "c10crn_e": 0.0549843744, "dhdascb_c": 0.013557808999999999, "gal_c": 0.021228184100000002, "phe_L_l": 0.5722674916, "urea_m": 17.9925278402, "glx_m": 0.0493504913, "glc_D_c": 20.369457566199998, "gln_L_e": 0.2721639401, "glcur_c": 0.0057294569, "crn_e": 0.1148272292, "c6crn_x": 0.016108876, "gua_e": 0.0128739193, "dchac_r": 0.1069289036, "4mop_c": 0.0869666376, "sarcs_m": 0.0700903626, "anth_e": 0.0013477638000000001, "andrstndn_c": 0.0214884831, "1p2cbxl_x": 0.161358569, "2coum_c": 0.0133996421, "thr_L_e": 0.4308722691, "bilirub_r": 0.1064891583, "5hoxindoa_c": 0.0143835227, "ddeccrn_m": 0.0304948583, "3mop_m": 0.0235166934, "xylt_e": 0.0074628104, "sphs1p_e": 0.0641600089, "gudac_c": 0.012359420500000001, "succ_r": 0.0111435021, "ala_D_c": 7.7956694945, "prgstrn_e": 0.009651293100000001, "3hmp_m": 1.3681378916999998, "dmnoncrn_x": 0.0074950618, "oaa_x": 0.12236214769999999, "rib_D_c": 0.087756549, "gly_m": 0.6112930182, "citr_L_m": 0.7120814538, "glyclt_x": 0.0258540258, "acnam_l": 0.0059444613, "creat_m": 0.0855135787, "tyr_L_l": 0.1137300858, "oxa_c": 22.360314401900002, "Lcystin_c": 0.0490714074, "ivcrn_c": 0.0576229067, "dhap_x": 0.027421494100000002, "bz_r": 0.0025159026, "lneldc_e": 0.5420474969, "C02356_c": 0.4156894047, "pchol_hs_c": 0.0723312701, "asn_L_c": 0.0491786436, "6pgc_c": 0.0355005348, "ser_L_x": 0.6425209533, "leu_L_m": 3.1987332406, "25hvitd3_c": 0.042818758600000006, "gcald_c": 0.5569504741, "glyald_m": 0.0147831675, "thm_e": 0.0256017467, "c8crn_x": 0.022989846, "pcollg5hlys_c": 0.0844266359, "srb_L_c": 0.023319131400000002, "5htrp_e": 0.004890133499999999, "pmtcrn_m": 0.0973618776, "CE2537_c": 0.24678758739999998, "cyst_L_m": 0.021669055099999997, "3mob_c": 0.018011835900000002, "ru5p_D_c": 0.015126791, "cys_L_m": 0.083316588, "2mcacn_c": 0.0107970139, "pro_D_l": 4.6701687821, "pser_L_c": 0.0092650325, "pac_m": 0.4887943858, "inost_r": 0.25358064129999996, "ttdca_e": 0.080647725, "orn_m": 0.5057587257, "acrn_x": 0.0159699668, "ttdcea_c": 0.0050156095000000005, "fru_e": 0.043996153899999994, "ura_c": 0.0353649271, "lac_D_c": 44.9569628166, "glyc_c": 0.4234027633, "ocdcea_r": 0.0224890871, "ttdcrn_c": 0.026720855800000002}