{"aact_m": 0.7850394973999999, "sphings_r": 0.0212662952, "val_L_e": 0.522067176, "C10164_c": 0.07294862440000001, "HC02024_r": 0.0905703433, "fum_m": 0.0514175272, "hdcea_e": 0.09913040320000001, "adrnl_e": 0.005861406600000001, "cit_c": 1.3405914328, "4hpro_LT_r": 0.1092674708, "chol_m": 0.09228964560000001, "4h2oglt_c": 0.054579664400000005, "C06199_l": 0.5196653933, "trp_L_c": 1.0089418599, "stcrn_m": 0.045338658, "pyr_m": 0.1544481103, "carn_c": 0.2367051226, "chsterol_n": 1.2610658556, "lys_L_m": 1.1227332013, "g6p_r": 0.0770394579, "arg_L_e": 0.0516830319, "acgam_l": 0.004552345300000001, "c4crn_m": 0.0311225208, "C01601_c": 0.0207263296, "hom_L_e": 0.0137185437, "hxan_e": 0.0142659897, "lnlccrn_m": 0.0635803036, "im4ac_c": 0.033210412599999996, "urate_e": 1.0979155078, "g3p_c": 0.0369421806, "hdd2crn_c": 0.019958406, "glu_L_r": 1.4516274003999998, "nac_c": 0.2636280936, "asp_D_e": 0.18198089850000002, "thrnt_c": 0.1265745946, "C01507_c": 0.0148784548, "12ppd_R_c": 0.5095106733, "5oxpro_e": 5.0304945354, "fuc_L_e": 0.010849258700000001, "arab_L_c": 0.0110625698, "vacccrn_m": 0.1119562001, "CE6205_c": 0.0337866473, "pram_c": 0.0, "ipdp_c": 0.004457972199999999, "met_L_m": 0.2967839993, "ile_L_e": 0.0386903096, "hyptaur_c": 0.0003821681, "rbt_e": 0.0375448569, "ocdca_c": 1.1049421057, "Lpipecol_x": 0.033843659500000005, "c10crn_e": 0.1313105897, "dhdascb_c": 0.0150631575, "gal_c": 0.0402504459, "phe_L_l": 0.8021130211, "urea_m": 32.1392851529, "glx_m": 0.0196560291, "glc_D_c": 88.3056147454, "gln_L_e": 0.19454788050000002, "glcur_c": 0.0079010977, "crn_e": 0.0013448435999999999, "c6crn_x": 0.023245475699999997, "gua_e": 0.0167724151, "dchac_r": 0.0809787556, "4mop_c": 0.050009454, "sarcs_m": 0.0076194122, "anth_e": 0.0188035176, "andrstndn_c": 0.0201651918, "1p2cbxl_x": 0.1472768878, "2coum_c": 0.0254404734, "thr_L_e": 0.9275567277, "bilirub_r": 0.0406164719, "5hoxindoa_c": 0.0100887491, "ddeccrn_m": 0.048264507400000004, "3mop_m": 0.073221943, "xylt_e": 0.0093813908, "sphs1p_e": 0.020441654899999998, "gudac_c": 0.009001725, "succ_r": 0.0631148082, "ala_D_c": 16.1428584388, "prgstrn_e": 0.017157068799999998, "3hmp_m": 2.4210400083000003, "dmnoncrn_x": 0.0073987231999999995, "oaa_x": 0.1495971007, "rib_D_c": 0.0628643785, "gly_m": 1.0129986142, "citr_L_m": 0.6540967307, "glyclt_x": 0.0055595845999999996, "acnam_l": 0.022090051099999997, "creat_m": 0.45114982579999996, "tyr_L_l": 0.189653243, "oxa_c": 236.38322798240003, "Lcystin_c": 0.025315495099999998, "ivcrn_c": 0.05729705400000001, "dhap_x": 0.019390883799999998, "bz_r": 0.019503001000000002, "lneldc_e": 0.1543188972, "C02356_c": 0.4592568206, "pchol_hs_c": 0.5666184683, "asn_L_c": 0.0237088076, "6pgc_c": 0.0381793685, "ser_L_x": 0.9896059757, "leu_L_m": 2.9643191938999998, "25hvitd3_c": 0.0235976754, "gcald_c": 0.394312603, "glyald_m": 0.0134344879, "thm_e": 0.011496646899999999, "c8crn_x": 0.0701820209, "pcollg5hlys_c": 0.0815093843, "srb_L_c": 0.0235308575, "5htrp_e": 0.01980789, "pmtcrn_m": 0.0083199688, "CE2537_c": 0.21341658309999997, "cyst_L_m": 0.0371179741, "3mob_c": 0.0112122057, "ru5p_D_c": 0.0493949083, "cys_L_m": 0.0324314354, "2mcacn_c": 0.0082415765, "pro_D_l": 7.074637325199999, "pser_L_c": 0.0078304706, "pac_m": 0.37838773740000003, "inost_r": 0.38836076259999996, "ttdca_e": 0.2752947133, "orn_m": 0.5096206264, "acrn_x": 0.2301864978, "ttdcea_c": 0.0180027877, "fru_e": 0.039958264199999996, "ura_c": 0.0402981673, "lac_D_c": 64.9101284717, "glyc_c": 1.2416301707, "ocdcea_r": 0.0345185805, "ttdcrn_c": 0.0191305534}