{"aact_m": 0.45037895689999996, "sphings_r": 0.0289943299, "val_L_e": 0.38674268729999994, "C10164_c": 0.0474989251, "HC02024_r": 0.0560779783, "fum_m": 0.0342808656, "hdcea_e": 0.0434826013, "adrnl_e": 0.0005415969000000001, "cit_c": 0.36080860439999995, "4hpro_LT_r": 0.104620752, "chol_m": 0.0509102832, "4h2oglt_c": 0.0374875182, "C06199_l": 0.2961781831, "trp_L_c": 0.4670273138, "stcrn_m": 0.033454950899999995, "pyr_m": 0.2618316209, "carn_c": 0.1589130208, "chsterol_n": 1.0807807854, "lys_L_m": 0.7515167892, "g6p_r": 0.071735772, "arg_L_e": 0.0527386771, "acgam_l": 0.004124846, "c4crn_m": 0.0222495486, "C01601_c": 0.0182982098, "hom_L_e": 0.0022827049, "hxan_e": 0.0196343736, "lnlccrn_m": 0.0728413786, "im4ac_c": 0.0089445645, "urate_e": 0.3787974554, "g3p_c": 0.041428163500000004, "hdd2crn_c": 0.0243013485, "glu_L_r": 0.12546709949999998, "nac_c": 0.6491927076, "asp_D_e": 0.024569225299999997, "thrnt_c": 0.0309886343, "C01507_c": 0.0305831577, "12ppd_R_c": 0.5186641363000001, "5oxpro_e": 1.1107502452, "fuc_L_e": 0.0081918409, "arab_L_c": 0.0047746787, "vacccrn_m": 0.1306758123, "CE6205_c": 0.0147734316, "pram_c": 0.519703126, "ipdp_c": 0.0045007976, "met_L_m": 0.1383072859, "ile_L_e": 0.0306556119, "hyptaur_c": 0.0076854868, "rbt_e": 0.031084316600000002, "ocdca_c": 0.38703911979999994, "Lpipecol_x": 0.1866389736, "c10crn_e": 0.0836097812, "dhdascb_c": 0.011236409099999999, "gal_c": 0.0324125243, "phe_L_l": 0.4731063982, "urea_m": 12.7813609801, "glx_m": 0.0243516202, "glc_D_c": 12.6829105417, "gln_L_e": 0.3587048636, "glcur_c": 0.0044693836, "crn_e": 0.09398043910000001, "c6crn_x": 0.010539491000000002, "gua_e": 0.0122824279, "dchac_r": 0.10403304210000001, "4mop_c": 0.030794545, "sarcs_m": 0.1390000184, "anth_e": 0.0096280676, "andrstndn_c": 0.0222930013, "1p2cbxl_x": 0.2235792064, "2coum_c": 0.0190344556, "thr_L_e": 0.532081699, "bilirub_r": 0.0679990284, "5hoxindoa_c": 0.0097442751, "ddeccrn_m": 0.0361301215, "3mop_m": 0.0586029151, "xylt_e": 0.005235361500000001, "sphs1p_e": 0.0296821969, "gudac_c": 0.0097697853, "succ_r": 0.021109273300000002, "ala_D_c": 5.8641834603, "prgstrn_e": 0.0148965975, "3hmp_m": 4.4397640803, "dmnoncrn_x": 0.0035880163, "oaa_x": 0.102166596, "rib_D_c": 0.0491725369, "gly_m": 2.1857858906, "citr_L_m": 0.6778645931999999, "glyclt_x": 0.0086277214, "acnam_l": 0.0107514239, "creat_m": 0.1354538876, "tyr_L_l": 0.1365640799, "oxa_c": 126.33834020030001, "Lcystin_c": 0.0458671078, "ivcrn_c": 0.0245508499, "dhap_x": 0.021209551099999998, "bz_r": 0.0185446251, "lneldc_e": 0.0987211742, "C02356_c": 0.4450155687, "pchol_hs_c": 0.043760039800000004, "asn_L_c": 0.04716357559999999, "6pgc_c": 0.0283664221, "ser_L_x": 0.8732267354000001, "leu_L_m": 1.8710852104, "25hvitd3_c": 0.0137921382, "gcald_c": 0.45311567399999997, "glyald_m": 0.0116185786, "thm_e": 0.0094830587, "c8crn_x": 0.026026536099999997, "pcollg5hlys_c": 0.053142482000000005, "srb_L_c": 0.0095951277, "5htrp_e": 0.006484445699999999, "pmtcrn_m": 0.0036966561, "CE2537_c": 0.1411862802, "cyst_L_m": 0.0342625216, "3mob_c": 0.0062920491000000005, "ru5p_D_c": 0.0086713672, "cys_L_m": 0.0796977002, "2mcacn_c": 0.0086204191, "pro_D_l": 4.11171493, "pser_L_c": 0.0092409663, "pac_m": 0.40641069590000006, "inost_r": 0.3116033545, "ttdca_e": 0.083567747, "orn_m": 0.6009301952, "acrn_x": 0.013018264199999999, "ttdcea_c": 0.0090298513, "fru_e": 0.2009851423, "ura_c": 0.0319299809, "lac_D_c": 16.1611767767, "glyc_c": 0.49202381700000003, "ocdcea_r": 0.0132055385, "ttdcrn_c": 0.0137027726}