{"aact_m": 0.5137027564, "sphings_r": 0.0202193437, "val_L_e": 0.2740659933, "C10164_c": 0.0859233836, "HC02024_r": 0.0872248043, "fum_m": 0.0549381396, "hdcea_e": 0.0844658496, "adrnl_e": 0.0017422470000000002, "cit_c": 0.9977315424, "4hpro_LT_r": 0.10279542130000001, "chol_m": 0.057621262199999995, "4h2oglt_c": 0.0383181486, "C06199_l": 0.30451496489999996, "trp_L_c": 0.6150920512, "stcrn_m": 0.0250333202, "pyr_m": 0.2312042274, "carn_c": 0.1189022399, "chsterol_n": 0.8434226599, "lys_L_m": 0.8850413285, "g6p_r": 0.037864124900000004, "arg_L_e": 0.0430265518, "acgam_l": 0.0048813194, "c4crn_m": 0.0140909015, "C01601_c": 0.0122621832, "hom_L_e": 0.0183782948, "hxan_e": 0.01125437, "lnlccrn_m": 0.039361824100000005, "im4ac_c": 0.0104765478, "urate_e": 0.3414799989, "g3p_c": 0.036737279500000004, "hdd2crn_c": 0.020681001299999998, "glu_L_r": 0.5556850638, "nac_c": 0.36443172079999997, "asp_D_e": 0.1099753148, "thrnt_c": 0.0307436348, "C01507_c": 0.0076659436999999995, "12ppd_R_c": 0.5526158236, "5oxpro_e": 2.8127263253, "fuc_L_e": 0.0068762214, "arab_L_c": 0.0093817903, "vacccrn_m": 0.082583225, "CE6205_c": 0.019781588500000002, "pram_c": 0.6271847636, "ipdp_c": 0.0032192045, "met_L_m": 0.1613655132, "ile_L_e": 0.0396060597, "hyptaur_c": 0.0009660236, "rbt_e": 0.0275037884, "ocdca_c": 0.5698001257, "Lpipecol_x": 0.0379881705, "c10crn_e": 0.19172942350000002, "dhdascb_c": 0.0162364103, "gal_c": 0.0133597929, "phe_L_l": 0.49216158200000004, "urea_m": 25.127804278200003, "glx_m": 0.0191578718, "glc_D_c": 28.3967527395, "gln_L_e": 0.1668637677, "glcur_c": 0.006513307800000001, "crn_e": 0.0362512663, "c6crn_x": 0.0213774491, "gua_e": 0.0130033134, "dchac_r": 0.0580074652, "4mop_c": 0.054405393899999994, "sarcs_m": 0.022772154399999998, "anth_e": 0.0104426907, "andrstndn_c": 0.0132532651, "1p2cbxl_x": 0.30334875640000003, "2coum_c": 0.013575671999999999, "thr_L_e": 1.0946106874, "bilirub_r": 0.0703326889, "5hoxindoa_c": 0.0088058378, "ddeccrn_m": 0.045072095, "3mop_m": 0.0951520895, "xylt_e": 0.0043987252, "sphs1p_e": 0.028754593199999998, "gudac_c": 0.009116180500000001, "succ_r": 0.0762617047, "ala_D_c": 7.7388076088, "prgstrn_e": 0.0159682246, "3hmp_m": 4.2440322025, "dmnoncrn_x": 0.0067493688, "oaa_x": 0.10421357789999999, "rib_D_c": 0.0403952883, "gly_m": 3.1039676574, "citr_L_m": 0.6929176207, "glyclt_x": 0.0039564162, "acnam_l": 0.005310599300000001, "creat_m": 0.2071701204, "tyr_L_l": 0.09885503, "oxa_c": 141.335695233, "Lcystin_c": 0.0224201523, "ivcrn_c": 0.0378457709, "dhap_x": 0.020596823, "bz_r": 0.0181018177, "lneldc_e": 0.0451779456, "C02356_c": 0.5595798278, "pchol_hs_c": 0.2031466125, "asn_L_c": 0.0400194166, "6pgc_c": 0.0277525663, "ser_L_x": 1.3566535999, "leu_L_m": 2.2397757703, "25hvitd3_c": 0.0150915206, "gcald_c": 0.4781711339, "glyald_m": 0.005374373199999999, "thm_e": 0.0048752959999999994, "c8crn_x": 0.0838958618, "pcollg5hlys_c": 0.0556953395, "srb_L_c": 0.016624591299999998, "5htrp_e": 0.0187507476, "pmtcrn_m": 0.0044870683, "CE2537_c": 0.1173505268, "cyst_L_m": 0.014548458600000001, "3mob_c": 0.008348813, "ru5p_D_c": 0.023716870499999997, "cys_L_m": 0.0380638264, "2mcacn_c": 0.0075546856, "pro_D_l": 5.2452514603, "pser_L_c": 0.008173173399999999, "pac_m": 0.3881462682, "inost_r": 0.21848326469999999, "ttdca_e": 0.11832277199999999, "orn_m": 0.6975324395999999, "acrn_x": 0.0117924725, "ttdcea_c": 0.0146620683, "fru_e": 0.029337359900000002, "ura_c": 0.0427314193, "lac_D_c": 62.067225057600005, "glyc_c": 0.49991102579999996, "ocdcea_r": 0.0151959401, "ttdcrn_c": 0.015707994}