{"aact_m": 1.1574031488, "sphings_r": 0.032183271, "val_L_e": 0.6126928871, "C10164_c": 0.043264736500000005, "HC02024_r": 0.06786838190000001, "fum_m": 0.021716071400000002, "hdcea_e": 0.0946717211, "adrnl_e": 0.0018612231, "cit_c": 0.5166293421, "4hpro_LT_r": 0.1314749718, "chol_m": 0.029594327900000002, "4h2oglt_c": 0.0441828627, "C06199_l": 0.7463409078000001, "trp_L_c": 0.7969927871, "stcrn_m": 0.038381091400000004, "pyr_m": 1.2339473703, "carn_c": 0.2656824816, "chsterol_n": 1.3499726898, "lys_L_m": 1.4617808553, "g6p_r": 0.0934528561, "arg_L_e": 0.037676486, "acgam_l": 0.0072698065, "c4crn_m": 0.0375527102, "C01601_c": 0.0236804038, "hom_L_e": 0.0077438488, "hxan_e": 0.0175849552, "lnlccrn_m": 0.0756901051, "im4ac_c": 0.012623856599999999, "urate_e": 0.2823516868, "g3p_c": 0.0934043173, "hdd2crn_c": 0.018022244399999998, "glu_L_r": 0.1266254899, "nac_c": 0.1885860292, "asp_D_e": 0.046281294199999996, "thrnt_c": 0.0689133072, "C01507_c": 0.3310499093, "12ppd_R_c": 0.4257691617, "5oxpro_e": 1.3206248742, "fuc_L_e": 0.0131142162, "arab_L_c": 0.029223271600000003, "vacccrn_m": 0.1376285926, "CE6205_c": 0.1037435741, "pram_c": 0.5815093766, "ipdp_c": 0.005503362800000001, "met_L_m": 0.421848989, "ile_L_e": 0.0147638792, "hyptaur_c": 0.0070474151, "rbt_e": 0.036536057000000004, "ocdca_c": 0.7526472733, "Lpipecol_x": 0.078976919, "c10crn_e": 0.022127942999999997, "dhdascb_c": 0.010869535100000001, "gal_c": 0.036400530099999995, "phe_L_l": 1.1590958161, "urea_m": 37.1775475528, "glx_m": 0.0642310667, "glc_D_c": 45.2546386781, "gln_L_e": 0.3468120287, "glcur_c": 0.0067959008, "crn_e": 0.0118478086, "c6crn_x": 0.006222952800000001, "gua_e": 0.0350005957, "dchac_r": 0.095420037, "4mop_c": 0.0803381007, "sarcs_m": 0.3857472689, "anth_e": 0.008956796999999999, "andrstndn_c": 0.019402141499999997, "1p2cbxl_x": 0.2996678426, "2coum_c": 0.0468392508, "thr_L_e": 0.9566202944, "bilirub_r": 0.0781828218, "5hoxindoa_c": 0.0153759749, "ddeccrn_m": 0.0099496434, "3mop_m": 0.0600148569, "xylt_e": 0.009123776600000001, "sphs1p_e": 0.039997263, "gudac_c": 0.0120313199, "succ_r": 0.0186532021, "ala_D_c": 11.5279271652, "prgstrn_e": 0.0042420148999999996, "3hmp_m": 2.5584437537, "dmnoncrn_x": 0.0026612719, "oaa_x": 0.0920715596, "rib_D_c": 0.0995801493, "gly_m": 1.8379940296000001, "citr_L_m": 0.7578121438, "glyclt_x": 0.0282450074, "acnam_l": 0.0061012872, "creat_m": 0.580435346, "tyr_L_l": 0.34575983950000005, "oxa_c": 106.3403956431, "Lcystin_c": 0.0375193016, "ivcrn_c": 0.06966726990000001, "dhap_x": 0.0250956969, "bz_r": 0.0378814332, "lneldc_e": 0.0771793412, "C02356_c": 0.49967496549999996, "pchol_hs_c": 0.4162498539, "asn_L_c": 0.1469859566, "6pgc_c": 0.0396366749, "ser_L_x": 1.1240851084999999, "leu_L_m": 5.5441906881, "25hvitd3_c": 0.027528954700000004, "gcald_c": 0.802515943, "glyald_m": 0.015116212, "thm_e": 0.0028853691999999997, "c8crn_x": 0.009490605899999999, "pcollg5hlys_c": 0.0479425645, "srb_L_c": 0.018913889, "5htrp_e": 0.0092300782, "pmtcrn_m": 0.0057093123, "CE2537_c": 0.2929898664, "cyst_L_m": 0.0819019571, "3mob_c": 0.009230304, "ru5p_D_c": 0.0192604058, "cys_L_m": 0.0582164921, "2mcacn_c": 0.0085691193, "pro_D_l": 7.5226963934, "pser_L_c": 0.0098534235, "pac_m": 0.5579854163, "inost_r": 0.3068439217, "ttdca_e": 0.1822651547, "orn_m": 0.714081388, "acrn_x": 0.0072352991, "ttdcea_c": 0.0167657272, "fru_e": 0.0415590309, "ura_c": 0.0325828461, "lac_D_c": 51.838642530600005, "glyc_c": 1.3718265225, "ocdcea_r": 0.0305025746, "ttdcrn_c": 0.011806553000000001}