{"aact_m": 0.5171968746, "sphings_r": 0.0250268357, "val_L_e": 0.6048315589, "C10164_c": 0.0892830177, "HC02024_r": 0.0639034046, "fum_m": 0.045231349500000004, "hdcea_e": 0.0139858498, "adrnl_e": 2.5228298334075e-05, "cit_c": 0.7534579665000001, "4hpro_LT_r": 0.10798734800000001, "chol_m": 0.11265871, "4h2oglt_c": 0.0524767629, "C06199_l": 0.3803947777, "trp_L_c": 0.5736025995, "stcrn_m": 0.09394229039999999, "pyr_m": 2.303295663, "carn_c": 0.1278743054, "chsterol_n": 1.3244731172, "lys_L_m": 0.8484372672, "g6p_r": 0.011601218, "arg_L_e": 0.0629484466, "acgam_l": 0.005532076800000001, "c4crn_m": 0.051106989500000005, "C01601_c": 0.0216067804, "hom_L_e": 0.0112074043, "hxan_e": 0.0009836405, "lnlccrn_m": 0.1746872463, "im4ac_c": 0.024170342999999997, "urate_e": 0.29031032739999996, "g3p_c": 0.0753302934, "hdd2crn_c": 0.0367408994, "glu_L_r": 0.0859732862, "nac_c": 0.1818810362, "asp_D_e": 0.05862125730000001, "thrnt_c": 0.0419985463, "C01507_c": 0.2981185503, "12ppd_R_c": 0.6269388684, "5oxpro_e": 1.4384581523, "fuc_L_e": 0.0080861684, "arab_L_c": 0.0068060709, "vacccrn_m": 0.28505795510000004, "CE6205_c": 0.0222769075, "pram_c": 0.3198281765, "ipdp_c": 0.0042728912, "met_L_m": 0.18765193170000002, "ile_L_e": 0.0268400646, "hyptaur_c": 0.015607552299999999, "rbt_e": 0.0349815155, "ocdca_c": 0.28745841489999996, "Lpipecol_x": 0.0648024595, "c10crn_e": 0.09640016289999999, "dhdascb_c": 0.0149881425, "gal_c": 0.0199559248, "phe_L_l": 0.47533499, "urea_m": 12.376768486500001, "glx_m": 0.0323928942, "glc_D_c": 19.521481666, "gln_L_e": 0.1998282851, "glcur_c": 0.0038827902, "crn_e": 0.0078978266, "c6crn_x": 0.0144148171, "gua_e": 0.0164396059, "dchac_r": 0.0748877419, "4mop_c": 0.050988799800000005, "sarcs_m": 0.0868348449, "anth_e": 0.0063065264, "andrstndn_c": 0.0123266675, "1p2cbxl_x": 0.2761668776, "2coum_c": 0.0241139983, "thr_L_e": 0.7870478009999999, "bilirub_r": 0.048433938499999996, "5hoxindoa_c": 0.0111107349, "ddeccrn_m": 0.0474635886, "3mop_m": 0.15406056369999999, "xylt_e": 0.0073758968, "sphs1p_e": 0.0853172566, "gudac_c": 0.0102921591, "succ_r": 0.04281317849999999, "ala_D_c": 9.1694886426, "prgstrn_e": 0.0175980552, "3hmp_m": 0.5297504293, "dmnoncrn_x": 0.0112737978, "oaa_x": 0.0448151162, "rib_D_c": 0.0335773153, "gly_m": 2.3095343166999998, "citr_L_m": 0.6671280989, "glyclt_x": 0.0032292006, "acnam_l": 0.0287064755, "creat_m": 0.3033538366, "tyr_L_l": 0.1825662168, "oxa_c": 84.9254694603, "Lcystin_c": 0.0292681802, "ivcrn_c": 0.0178317606, "dhap_x": 0.022126800800000002, "bz_r": 0.018287093100000002, "lneldc_e": 0.0452209896, "C02356_c": 0.3019849568, "pchol_hs_c": 0.0946712624, "asn_L_c": 0.09211518949999999, "6pgc_c": 0.024910551200000002, "ser_L_x": 1.5529274715999999, "leu_L_m": 2.439328008, "25hvitd3_c": 0.0355630761, "gcald_c": 0.41728831920000004, "glyald_m": 0.0078540738, "thm_e": 0.0146965816, "c8crn_x": 0.034214883700000004, "pcollg5hlys_c": 0.0780464448, "srb_L_c": 0.008282183, "5htrp_e": 0.021234567599999997, "pmtcrn_m": 0.0050098085, "CE2537_c": 0.1011874186, "cyst_L_m": 0.1584445214, "3mob_c": 0.007008755, "ru5p_D_c": 0.0084845116, "cys_L_m": 0.09545045619999999, "2mcacn_c": 0.0076099812, "pro_D_l": 6.3254192966, "pser_L_c": 0.0086219308, "pac_m": 0.4408846176, "inost_r": 0.2955317086, "ttdca_e": 0.0429808972, "orn_m": 1.4666403721, "acrn_x": 0.0044165672, "ttdcea_c": 0.0103244667, "fru_e": 0.0370894487, "ura_c": 0.0399926087, "lac_D_c": 54.5041335842, "glyc_c": 0.1243445243, "ocdcea_r": 0.0044486857, "ttdcrn_c": 0.022665362400000003}