{"aact_m": 0.12948511810000002, "sphings_r": 0.0200931523, "val_L_e": 0.4819321357, "C10164_c": 0.2619852604, "HC02024_r": 0.125474492, "fum_m": 0.0706812425, "hdcea_e": 0.0169935754, "adrnl_e": 0.0006425977, "cit_c": 0.7955350131000001, "4hpro_LT_r": 0.1039539674, "chol_m": 0.0535464772, "4h2oglt_c": 0.034806533199999996, "C06199_l": 0.4636223987, "trp_L_c": 0.7377787705, "stcrn_m": 0.0165726455, "pyr_m": 0.1590324695, "carn_c": 0.1313455447, "chsterol_n": 1.0831286151000001, "lys_L_m": 1.6065988753, "g6p_r": 0.0247268363, "arg_L_e": 0.0366969615, "acgam_l": 0.0078815736, "c4crn_m": 0.016742026200000003, "C01601_c": 0.0102074538, "hom_L_e": 0.0345450577, "hxan_e": 0.0101421293, "lnlccrn_m": 0.033524496099999995, "im4ac_c": 0.0267337875, "urate_e": 0.7744420806, "g3p_c": 0.0330675914, "hdd2crn_c": 0.0067842524, "glu_L_r": 2.477817909, "nac_c": 0.0784146526, "asp_D_e": 0.339463711, "thrnt_c": 0.0160007509, "C01507_c": 0.014159991499999998, "12ppd_R_c": 0.5426601863, "5oxpro_e": 4.7510891825999995, "fuc_L_e": 0.006989311999999999, "arab_L_c": 0.0037992834000000002, "vacccrn_m": 0.0446720565, "CE6205_c": 0.0030304858, "pram_c": 0.654841943, "ipdp_c": 0.0037257419, "met_L_m": 0.2695432549, "ile_L_e": 0.0497060645, "hyptaur_c": 0.0004205726, "rbt_e": 0.0332676221, "ocdca_c": 0.4098336509, "Lpipecol_x": 0.028940520600000002, "c10crn_e": 0.0174782061, "dhdascb_c": 0.0119154464, "gal_c": 0.007270340500000001, "phe_L_l": 1.1082738729000001, "urea_m": 27.3742762832, "glx_m": 0.0448722786, "glc_D_c": 50.5514741685, "gln_L_e": 0.0667956227, "glcur_c": 0.0065144611, "crn_e": 0.004364385300000001, "c6crn_x": 0.0072819873, "gua_e": 0.0168902246, "dchac_r": 0.061791165499999995, "4mop_c": 0.0519838849, "sarcs_m": 0.081715497, "anth_e": 0.0007291833999999999, "andrstndn_c": 0.0154019458, "1p2cbxl_x": 0.370750921, "2coum_c": 0.025389807, "thr_L_e": 1.7579461911, "bilirub_r": 0.0186725276, "5hoxindoa_c": 0.0081690422, "ddeccrn_m": 0.014994023200000001, "3mop_m": 0.0394389581, "xylt_e": 0.0077431372, "sphs1p_e": 0.0162657045, "gudac_c": 0.007953068399999999, "succ_r": 0.1427442512, "ala_D_c": 16.6046238972, "prgstrn_e": 0.0073326952, "3hmp_m": 0.5996315997999999, "dmnoncrn_x": 0.0041404242, "oaa_x": 0.0873376169, "rib_D_c": 0.0353637969, "gly_m": 4.540937251, "citr_L_m": 0.6985632489, "glyclt_x": 0.0009123216, "acnam_l": 0.0172884636, "creat_m": 0.055724368499999996, "tyr_L_l": 0.1721374932, "oxa_c": 12.9038704905, "Lcystin_c": 0.006113060799999999, "ivcrn_c": 0.0023911783, "dhap_x": 0.0329044842, "bz_r": 0.024819898700000002, "lneldc_e": 0.019692396799999998, "C02356_c": 0.4347712234, "pchol_hs_c": 0.1333815303, "asn_L_c": 0.0636234847, "6pgc_c": 0.0265445757, "ser_L_x": 1.4859016102, "leu_L_m": 4.239814459, "25hvitd3_c": 0.0086403386, "gcald_c": 0.4127341735, "glyald_m": 0.0040226893, "thm_e": 0.0060739939000000005, "c8crn_x": 0.010279064899999999, "pcollg5hlys_c": 0.0591017954, "srb_L_c": 0.0166113881, "5htrp_e": 0.0502329132, "pmtcrn_m": 0.0025045622, "CE2537_c": 0.1116788101, "cyst_L_m": 0.08933685640000001, "3mob_c": 0.0071744760999999995, "ru5p_D_c": 0.026024596299999998, "cys_L_m": 0.0294554429, "2mcacn_c": 0.0079956286, "pro_D_l": 10.5942435083, "pser_L_c": 0.0077239646, "pac_m": 0.3600306803, "inost_r": 0.2792981952, "ttdca_e": 0.0653587496, "orn_m": 0.8758978257, "acrn_x": 0.003237915, "ttdcea_c": 0.0147938524, "fru_e": 0.2027911568, "ura_c": 0.0341445965, "lac_D_c": 41.2366896302, "glyc_c": 0.3686892149, "ocdcea_r": 0.0038846132, "ttdcrn_c": 0.0069579941}