{"aact_m": 0.4488927742, "sphings_r": 0.024625091499999998, "val_L_e": 0.3589384947, "C10164_c": 0.0908604716, "HC02024_r": 0.0842930361, "fum_m": 0.059145808099999995, "hdcea_e": 0.0666754185, "adrnl_e": 0.0020046909, "cit_c": 0.7921880765, "4hpro_LT_r": 0.11287958320000001, "chol_m": 0.0706763961, "4h2oglt_c": 0.031173328700000003, "C06199_l": 0.30056462440000004, "trp_L_c": 0.603260794, "stcrn_m": 0.0259439603, "pyr_m": 1.2785868397, "carn_c": 0.1391335094, "chsterol_n": 2.1132798278, "lys_L_m": 0.9656256598999999, "g6p_r": 0.0534205129, "arg_L_e": 0.08723423539999998, "acgam_l": 0.0068383643, "c4crn_m": 0.0356794801, "C01601_c": 0.0202293901, "hom_L_e": 0.0138581105, "hxan_e": 0.0374780028, "lnlccrn_m": 0.0666983364, "im4ac_c": 0.0174392328, "urate_e": 1.0486508168000002, "g3p_c": 0.0564780342, "hdd2crn_c": 0.0165062656, "glu_L_r": 0.315733046, "nac_c": 0.17677136359999998, "asp_D_e": 0.0713565, "thrnt_c": 0.09262926140000001, "C01507_c": 0.0264003469, "12ppd_R_c": 0.8085321876, "5oxpro_e": 1.8536336652, "fuc_L_e": 0.0107014744, "arab_L_c": 0.0240061277, "vacccrn_m": 0.0957591581, "CE6205_c": 0.007755571700000001, "pram_c": 0.5377683313, "ipdp_c": 0.0035816216, "met_L_m": 0.17909577850000002, "ile_L_e": 0.0769988759, "hyptaur_c": 0.0123935748, "rbt_e": 0.0732694261, "ocdca_c": 0.6607730715, "Lpipecol_x": 0.07294946719999999, "c10crn_e": 0.08830868060000001, "dhdascb_c": 0.0124340467, "gal_c": 0.0257357595, "phe_L_l": 0.6512938737, "urea_m": 29.509723058800002, "glx_m": 0.0585144758, "glc_D_c": 35.1175035716, "gln_L_e": 0.2664715718, "glcur_c": 0.0395142035, "crn_e": 0.0152170136, "c6crn_x": 0.01809373, "gua_e": 0.0114674494, "dchac_r": 0.07232197950000001, "4mop_c": 0.0497396679, "sarcs_m": 0.2659512826, "anth_e": 0.0100510123, "andrstndn_c": 0.0476119054, "1p2cbxl_x": 0.2659408748, "2coum_c": 0.014445645, "thr_L_e": 0.6246098079, "bilirub_r": 0.10965902279999999, "5hoxindoa_c": 0.010229380500000001, "ddeccrn_m": 0.0322447983, "3mop_m": 0.036220432999999996, "xylt_e": 0.0103100515, "sphs1p_e": 0.0589237168, "gudac_c": 0.009921606099999999, "succ_r": 0.0456515132, "ala_D_c": 16.3647727483, "prgstrn_e": 0.014484958400000001, "3hmp_m": 1.3517317752000002, "dmnoncrn_x": 0.0046960854, "oaa_x": 0.0993662663, "rib_D_c": 0.052089794800000006, "gly_m": 2.3802942311, "citr_L_m": 0.6718799637999999, "glyclt_x": 0.0073640303, "acnam_l": 0.0335614577, "creat_m": 0.17693582670000002, "tyr_L_l": 0.1140232061, "oxa_c": 144.6393992268, "Lcystin_c": 0.09807719529999999, "ivcrn_c": 0.0159650501, "dhap_x": 0.025684858300000002, "bz_r": 0.0012173871000000001, "lneldc_e": 0.0286718996, "C02356_c": 0.4230312711, "pchol_hs_c": 0.0692866655, "asn_L_c": 0.08552933, "6pgc_c": 0.0212489556, "ser_L_x": 1.2168886636, "leu_L_m": 3.3218813032, "25hvitd3_c": 0.0147739128, "gcald_c": 0.6758756015, "glyald_m": 0.0244980951, "thm_e": 0.0250239767, "c8crn_x": 0.030397428599999998, "pcollg5hlys_c": 0.0458873017, "srb_L_c": 0.054629715, "5htrp_e": 0.0187105702, "pmtcrn_m": 0.009839157099999999, "CE2537_c": 0.1381578647, "cyst_L_m": 0.0290071387, "3mob_c": 0.0122236451, "ru5p_D_c": 0.0157657989, "cys_L_m": 0.1082274825, "2mcacn_c": 0.008224057, "pro_D_l": 5.6879358051999995, "pser_L_c": 0.0091055298, "pac_m": 0.38941313850000003, "inost_r": 0.5026939126, "ttdca_e": 0.175356538, "orn_m": 0.7289817181, "acrn_x": 0.009492656300000001, "ttdcea_c": 0.0088660138, "fru_e": 0.048975261299999996, "ura_c": 0.032376088, "lac_D_c": 79.3921855196, "glyc_c": 0.8951122848999999, "ocdcea_r": 0.0153052929, "ttdcrn_c": 0.012906139099999998}