{"aact_m": 0.7838198906, "sphings_r": 0.0326626717, "val_L_e": 0.3835959054, "C10164_c": 0.0293555387, "HC02024_r": 0.16216376710000002, "fum_m": 0.0126947458, "hdcea_e": 0.0403970504, "adrnl_e": 0.00030964860000000003, "cit_c": 0.7937534085, "4hpro_LT_r": 0.1364212825, "chol_m": 0.079664063, "4h2oglt_c": 0.0439185431, "C06199_l": 0.25488326769999997, "trp_L_c": 0.4836591822, "stcrn_m": 0.0294433244, "pyr_m": 0.6006846731000001, "carn_c": 0.184106185, "chsterol_n": 1.3715803572, "lys_L_m": 0.2992956495, "g6p_r": 0.3327696276, "arg_L_e": 0.2389663267, "acgam_l": 0.0058755887, "c4crn_m": 0.0163117791, "C01601_c": 0.0432244954, "hom_L_e": 0.0036108068, "hxan_e": 0.0058074529, "lnlccrn_m": 0.0496676869, "im4ac_c": 0.0137965365, "urate_e": 0.1984673589, "g3p_c": 0.1154054382, "hdd2crn_c": 0.011869570900000001, "glu_L_r": 0.0781925292, "nac_c": 0.0881803039, "asp_D_e": 0.022583849700000002, "thrnt_c": 0.1684600559, "C01507_c": 1.2117894476, "12ppd_R_c": 0.5164878625, "5oxpro_e": 1.4429687147, "fuc_L_e": 0.012150341, "arab_L_c": 0.0203681341, "vacccrn_m": 0.0892518325, "CE6205_c": 0.0102064898, "pram_c": 0.6444221170000001, "ipdp_c": 0.0059598656, "met_L_m": 0.152195199, "ile_L_e": 0.0236838795, "hyptaur_c": 0.0041777754, "rbt_e": 0.060566332800000004, "ocdca_c": 0.3686665801, "Lpipecol_x": 0.2588621941, "c10crn_e": 0.011245451200000001, "dhdascb_c": 0.017163589099999998, "gal_c": 0.08830915, "phe_L_l": 0.4118716088, "urea_m": 5.8644810423000004, "glx_m": 0.1060442885, "glc_D_c": 2.4168595875, "gln_L_e": 0.4975400512, "glcur_c": 0.0080292806, "crn_e": 0.0579207292, "c6crn_x": 0.0031922769, "gua_e": 0.013552503600000002, "dchac_r": 0.14048554359999998, "4mop_c": 0.033027383199999996, "sarcs_m": 0.08121999519999999, "anth_e": 0.012631938899999999, "andrstndn_c": 0.0033634726, "1p2cbxl_x": 0.3208549871, "2coum_c": 0.011160936100000001, "thr_L_e": 0.4638069261, "bilirub_r": 0.25260082920000004, "5hoxindoa_c": 0.0139115009, "ddeccrn_m": 0.0079968708, "3mop_m": 0.03147516, "xylt_e": 0.014626407, "sphs1p_e": 0.038585891000000004, "gudac_c": 0.0109312756, "succ_r": 0.0132530502, "ala_D_c": 11.8335380724, "prgstrn_e": 0.0032020036, "3hmp_m": 0.3425491826, "dmnoncrn_x": 0.0057470187, "oaa_x": 0.09381791619999999, "rib_D_c": 0.0694271356, "gly_m": 2.4165899988, "citr_L_m": 0.7342096542000001, "glyclt_x": 0.0338288839, "acnam_l": 0.0051208208, "creat_m": 0.0597289088, "tyr_L_l": 0.0838655175, "oxa_c": 144.7941688805, "Lcystin_c": 0.048887383799999996, "ivcrn_c": 0.015370889399999999, "dhap_x": 0.0250292262, "bz_r": 0.0049670931, "lneldc_e": 1.2629554332, "C02356_c": 0.1289225818, "pchol_hs_c": 0.1079799951, "asn_L_c": 0.0916329628, "6pgc_c": 0.0345265167, "ser_L_x": 0.9375836261, "leu_L_m": 1.2447254465000002, "25hvitd3_c": 0.017905795500000002, "gcald_c": 0.2948615251, "glyald_m": 0.015821461999999998, "thm_e": 0.0182334784, "c8crn_x": 0.0053048407, "pcollg5hlys_c": 0.06709718099999999, "srb_L_c": 0.0447110409, "5htrp_e": 0.0030100484999999997, "pmtcrn_m": 0.0039943532, "CE2537_c": 0.1794284554, "cyst_L_m": 0.389601077, "3mob_c": 0.0067793357, "ru5p_D_c": 0.0092244146, "cys_L_m": 0.0812115612, "2mcacn_c": 0.0124973028, "pro_D_l": 6.8856220579, "pser_L_c": 0.0103666774, "pac_m": 0.5345705398, "inost_r": 0.4444944813, "ttdca_e": 0.0950177217, "orn_m": 0.1950726696, "acrn_x": 0.0115518399, "ttdcea_c": 0.0097955304, "fru_e": 1.7466061797999999, "ura_c": 0.044716464299999995, "lac_D_c": 24.5149483672, "glyc_c": 0.5899481163, "ocdcea_r": 0.0072314773, "ttdcrn_c": 0.0104853412}