{"aact_m": 0.2610006511, "sphings_r": 0.0354133794, "val_L_e": 0.4682193718, "C10164_c": 0.0696254286, "HC02024_r": 0.0539344377, "fum_m": 0.0355729247, "hdcea_e": 0.0035562665999999995, "adrnl_e": 0.0035006649, "cit_c": 1.2051470158, "4hpro_LT_r": 0.1261719649, "chol_m": 0.0347495128, "4h2oglt_c": 0.0333342254, "C06199_l": 0.4956897051, "trp_L_c": 0.7457799618000001, "stcrn_m": 0.0641143203, "pyr_m": 1.5770166305000002, "carn_c": 0.1661604042, "chsterol_n": 1.6348383163, "lys_L_m": 1.1193746548, "g6p_r": 0.0855057807, "arg_L_e": 0.0925745055, "acgam_l": 0.005976331, "c4crn_m": 0.031944569, "C01601_c": 0.0323463446, "hom_L_e": 0.0152119982, "hxan_e": 0.042115250099999994, "lnlccrn_m": 0.1146200658, "im4ac_c": 0.013288595700000001, "urate_e": 0.1864014293, "g3p_c": 0.0732101229, "hdd2crn_c": 0.0156175999, "glu_L_r": 0.098075341, "nac_c": 0.3228062805, "asp_D_e": 0.0400510819, "thrnt_c": 0.0508040716, "C01507_c": 0.041201743900000004, "12ppd_R_c": 0.5215732257, "5oxpro_e": 1.1741414652, "fuc_L_e": 0.007096939799999999, "arab_L_c": 0.006184661, "vacccrn_m": 0.13821187210000002, "CE6205_c": 0.0160391746, "pram_c": 0.7135623336, "ipdp_c": 0.0051399469, "met_L_m": 0.3357861861, "ile_L_e": 0.0263440947, "hyptaur_c": 0.0135525349, "rbt_e": 0.0405403829, "ocdca_c": 0.3166767245, "Lpipecol_x": 0.07069775910000001, "c10crn_e": 0.0260339118, "dhdascb_c": 0.0233126879, "gal_c": 0.016641161, "phe_L_l": 0.7980881262, "urea_m": 18.6282485303, "glx_m": 0.0783430771, "glc_D_c": 32.9792820852, "gln_L_e": 0.36205516039999996, "glcur_c": 0.013690401100000001, "crn_e": 0.0280759927, "c6crn_x": 0.0061877139, "gua_e": 0.027779068799999997, "dchac_r": 0.11459101070000001, "4mop_c": 0.1015942333, "sarcs_m": 0.09976370960000001, "anth_e": 0.0059789178000000005, "andrstndn_c": 0.0131373927, "1p2cbxl_x": 0.2547762004, "2coum_c": 0.0338018874, "thr_L_e": 0.7432454715000001, "bilirub_r": 0.0598593281, "5hoxindoa_c": 0.010952623, "ddeccrn_m": 0.0141963289, "3mop_m": 0.0487296174, "xylt_e": 0.009445275, "sphs1p_e": 0.08816985880000001, "gudac_c": 0.0099800684, "succ_r": 0.023356888399999998, "ala_D_c": 22.143320141999997, "prgstrn_e": 0.0066688888, "3hmp_m": 1.2688984615, "dmnoncrn_x": 0.0036979044, "oaa_x": 0.0991280974, "rib_D_c": 0.0346997609, "gly_m": 3.0644927060000002, "citr_L_m": 0.6991639847, "glyclt_x": 0.0018942181, "acnam_l": 0.0147664231, "creat_m": 0.1757330006, "tyr_L_l": 0.2523274092, "oxa_c": 74.8842555266, "Lcystin_c": 0.0401795542, "ivcrn_c": 0.018822738999999998, "dhap_x": 0.0263178397, "bz_r": 0.0262420397, "lneldc_e": 0.3158659703, "C02356_c": 0.6089293192, "pchol_hs_c": 0.0710730261, "asn_L_c": 0.1420152389, "6pgc_c": 0.023602731000000002, "ser_L_x": 1.5635225027000001, "leu_L_m": 3.6513772776, "25hvitd3_c": 0.021280375, "gcald_c": 0.523643379, "glyald_m": 0.0074114243, "thm_e": 0.0072136977000000005, "c8crn_x": 0.0096518335, "pcollg5hlys_c": 0.0821402475, "srb_L_c": 0.024332735699999997, "5htrp_e": 0.0192867025, "pmtcrn_m": 0.0094772391, "CE2537_c": 0.1070162509, "cyst_L_m": 0.1452929532, "3mob_c": 0.011470848200000001, "ru5p_D_c": 0.014791042800000001, "cys_L_m": 0.07672206820000001, "2mcacn_c": 0.008863718199999999, "pro_D_l": 13.190157738699998, "pser_L_c": 0.0101037156, "pac_m": 0.4222926477, "inost_r": 0.4103176067, "ttdca_e": 0.07025848950000001, "orn_m": 0.8271865466, "acrn_x": 0.009135886, "ttdcea_c": 0.0115611227, "fru_e": 1.0063073405, "ura_c": 0.061143955, "lac_D_c": 91.6655603824, "glyc_c": 0.2324094046, "ocdcea_r": 0.09753989269999999, "ttdcrn_c": 0.0159326231}