{"aact_m": 1.0322658868, "sphings_r": 0.0183058893, "val_L_e": 0.5177837796, "C10164_c": 0.0692478664, "HC02024_r": 0.0740996932, "fum_m": 0.045490140899999996, "hdcea_e": 0.0060444782, "adrnl_e": 0.0058898545, "cit_c": 0.7057179375, "4hpro_LT_r": 0.104981608, "chol_m": 0.0353361197, "4h2oglt_c": 0.0427056497, "C06199_l": 0.5513424286999999, "trp_L_c": 0.8495105913, "stcrn_m": 0.0194202073, "pyr_m": 1.4552257634, "carn_c": 0.1714786532, "chsterol_n": 0.9946936388, "lys_L_m": 1.1291628133, "g6p_r": 0.2744360068, "arg_L_e": 0.0299522139, "acgam_l": 0.0043688322, "c4crn_m": 0.0411318121, "C01601_c": 0.0104306925, "hom_L_e": 0.019344678799999997, "hxan_e": 0.0078283939, "lnlccrn_m": 0.0430615115, "im4ac_c": 0.0142650265, "urate_e": 0.45123232119999995, "g3p_c": 0.0474232997, "hdd2crn_c": 0.0083361465, "glu_L_r": 0.0395782329, "nac_c": 0.1677205574, "asp_D_e": 0.0264314172, "thrnt_c": 0.013823113100000001, "C01507_c": 0.0052932181, "12ppd_R_c": 0.4763373264, "5oxpro_e": 0.6588594971, "fuc_L_e": 0.0078134598, "arab_L_c": 0.0104864617, "vacccrn_m": 0.059436536100000006, "CE6205_c": 0.14508762349999998, "pram_c": 0.4980710761, "ipdp_c": 0.003228151, "met_L_m": 0.3335350068, "ile_L_e": 0.0248970317, "hyptaur_c": 0.009799670699999999, "rbt_e": 0.025597739300000002, "ocdca_c": 0.2221799216, "Lpipecol_x": 0.0419596783, "c10crn_e": 0.03156466, "dhdascb_c": 0.0166902258, "gal_c": 0.045572945999999996, "phe_L_l": 0.9226501375, "urea_m": 16.1470775172, "glx_m": 0.0373319762, "glc_D_c": 14.437509419400001, "gln_L_e": 0.2166029891, "glcur_c": 0.0046477935, "crn_e": 0.0130589092, "c6crn_x": 0.0093281039, "gua_e": 0.022383008700000002, "dchac_r": 0.040102017000000004, "4mop_c": 0.043345984299999994, "sarcs_m": 0.09711543460000001, "anth_e": 0.010804953300000001, "andrstndn_c": 0.0065144612, "1p2cbxl_x": 0.20945955730000002, "2coum_c": 0.0283782309, "thr_L_e": 0.8846428625, "bilirub_r": 0.0424351159, "5hoxindoa_c": 0.0089967805, "ddeccrn_m": 0.014536438600000002, "3mop_m": 0.039426297400000004, "xylt_e": 0.0058989746, "sphs1p_e": 0.0136361677, "gudac_c": 0.0092959195, "succ_r": 0.036189802, "ala_D_c": 14.5586437764, "prgstrn_e": 0.0071799197, "3hmp_m": 0.6134488019, "dmnoncrn_x": 0.0036156305, "oaa_x": 0.1256810299, "rib_D_c": 0.0658520433, "gly_m": 1.7144628493, "citr_L_m": 0.6905316203, "glyclt_x": 0.0116207683, "acnam_l": 0.0251715191, "creat_m": 0.19068201350000002, "tyr_L_l": 0.20367960429999998, "oxa_c": 154.2740263084, "Lcystin_c": 0.0208145232, "ivcrn_c": 0.11743486289999999, "dhap_x": 0.0289886257, "bz_r": 0.028708914300000003, "lneldc_e": 0.049063608700000004, "C02356_c": 0.5783685665999999, "pchol_hs_c": 0.1967539925, "asn_L_c": 0.09973669789999999, "6pgc_c": 0.0318437786, "ser_L_x": 1.0673796928000001, "leu_L_m": 2.357825075, "25hvitd3_c": 0.009193352, "gcald_c": 0.3876016303, "glyald_m": 0.0181770633, "thm_e": 0.003879015, "c8crn_x": 0.013067463999999999, "pcollg5hlys_c": 0.0959689636, "srb_L_c": 0.0145054413, "5htrp_e": 0.0167070504, "pmtcrn_m": 0.0248336633, "CE2537_c": 0.2025632996, "cyst_L_m": 0.1671353731, "3mob_c": 0.0078506412, "ru5p_D_c": 0.0071220639, "cys_L_m": 0.10677436859999999, "2mcacn_c": 0.0070786819, "pro_D_l": 10.5335395693, "pser_L_c": 0.0085217996, "pac_m": 0.37856264030000003, "inost_r": 0.3258165535, "ttdca_e": 0.0188527752, "orn_m": 0.4889023113, "acrn_x": 0.007113011999999999, "ttdcea_c": 0.011585485100000001, "fru_e": 0.328068894, "ura_c": 0.045306804699999995, "lac_D_c": 77.2290955879, "glyc_c": 0.5458478289, "ocdcea_r": 0.0030611109999999996, "ttdcrn_c": 0.0064179358999999995}