{"aact_m": 0.40273048899999997, "sphings_r": 0.0251220653, "val_L_e": 0.37936420950000005, "C10164_c": 0.061391626399999996, "HC02024_r": 0.0712743215, "fum_m": 0.042608766, "hdcea_e": 0.0142433479, "adrnl_e": 0.0019098863, "cit_c": 0.4826077917, "4hpro_LT_r": 0.11051472, "chol_m": 0.0912988742, "4h2oglt_c": 0.0434249473, "C06199_l": 0.43088354, "trp_L_c": 0.802602273, "stcrn_m": 0.07736933730000001, "pyr_m": 1.4788246988, "carn_c": 0.18200653960000002, "chsterol_n": 1.6560736479, "lys_L_m": 0.9029626314, "g6p_r": 0.0727230664, "arg_L_e": 0.028327847200000002, "acgam_l": 0.0048484375, "c4crn_m": 0.015292086000000002, "C01601_c": 0.0188617039, "hom_L_e": 0.0125616248, "hxan_e": 0.0280847699, "lnlccrn_m": 0.0942242221, "im4ac_c": 0.0411647167, "urate_e": 0.47652919950000006, "g3p_c": 0.036547501499999996, "hdd2crn_c": 0.0231856365, "glu_L_r": 0.1833295113, "nac_c": 0.5691119431, "asp_D_e": 0.0336692278, "thrnt_c": 0.024989497700000002, "C01507_c": 0.0960820717, "12ppd_R_c": 0.5387121927, "5oxpro_e": 1.0397869173999998, "fuc_L_e": 0.011351097, "arab_L_c": 0.0049674385, "vacccrn_m": 0.1357036642, "CE6205_c": 0.0191091327, "pram_c": 0.5535210586, "ipdp_c": 0.0040889919, "met_L_m": 0.229330315, "ile_L_e": 0.037989097, "hyptaur_c": 0.0080735034, "rbt_e": 0.0383503814, "ocdca_c": 0.4552952272, "Lpipecol_x": 0.1164371938, "c10crn_e": 0.0726614102, "dhdascb_c": 0.013605960600000001, "gal_c": 0.06778041580000001, "phe_L_l": 0.7857077467, "urea_m": 15.187628783800001, "glx_m": 0.024590444500000003, "glc_D_c": 14.707822261099999, "gln_L_e": 0.3250620785, "glcur_c": 0.0041159281, "crn_e": 0.0615466655, "c6crn_x": 0.0136460604, "gua_e": 0.0168952476, "dchac_r": 0.1024046084, "4mop_c": 0.0625440762, "sarcs_m": 0.085616369, "anth_e": 0.011493904, "andrstndn_c": 0.0153960201, "1p2cbxl_x": 0.23908866550000002, "2coum_c": 0.0302577963, "thr_L_e": 0.6763598918000001, "bilirub_r": 0.0958736694, "5hoxindoa_c": 0.0099082013, "ddeccrn_m": 0.0422429095, "3mop_m": 0.0664924809, "xylt_e": 0.006103630600000001, "sphs1p_e": 0.040618541699999997, "gudac_c": 0.0094965017, "succ_r": 0.026453297200000003, "ala_D_c": 11.1576626755, "prgstrn_e": 0.0128329505, "3hmp_m": 0.7538840193, "dmnoncrn_x": 0.005497313100000001, "oaa_x": 0.11493600710000001, "rib_D_c": 0.0656878821, "gly_m": 0.9713228956000001, "citr_L_m": 0.6975751001999999, "glyclt_x": 0.010302515, "acnam_l": 0.0153395973, "creat_m": 0.2448327168, "tyr_L_l": 0.2182078319, "oxa_c": 150.1145893878, "Lcystin_c": 0.0299160942, "ivcrn_c": 0.0368834529, "dhap_x": 0.0211799331, "bz_r": 0.0237435091, "lneldc_e": 0.0470714627, "C02356_c": 0.5215176606, "pchol_hs_c": 0.0707349946, "asn_L_c": 0.0487061309, "6pgc_c": 0.034258628199999995, "ser_L_x": 0.8215991467, "leu_L_m": 3.7079263542, "25hvitd3_c": 0.0233938913, "gcald_c": 0.4649450658, "glyald_m": 0.0115475841, "thm_e": 0.0045516355, "c8crn_x": 0.024537921299999998, "pcollg5hlys_c": 0.0740725822, "srb_L_c": 0.0181155661, "5htrp_e": 0.0098474559, "pmtcrn_m": 0.0048856744, "CE2537_c": 0.19064402589999999, "cyst_L_m": 0.0254232652, "3mob_c": 0.0082778022, "ru5p_D_c": 0.0098152055, "cys_L_m": 0.09784539140000001, "2mcacn_c": 0.0082407303, "pro_D_l": 10.6945725214, "pser_L_c": 0.0092269821, "pac_m": 0.4135028611, "inost_r": 0.239087398, "ttdca_e": 0.0527741079, "orn_m": 0.758243584, "acrn_x": 0.0120288025, "ttdcea_c": 0.0082205298, "fru_e": 0.1544374057, "ura_c": 0.0370062995, "lac_D_c": 48.2290951316, "glyc_c": 0.2685100012, "ocdcea_r": 0.005317198100000001, "ttdcrn_c": 0.022204167799999997}