{"aact_m": 0.39507964659999995, "sphings_r": 0.0227084591, "val_L_e": 0.324073276, "C10164_c": 0.0646745227, "HC02024_r": 0.0696994049, "fum_m": 0.0407051326, "hdcea_e": 0.0043042983, "adrnl_e": 0.0048036975, "cit_c": 0.6048692219, "4hpro_LT_r": 0.1103620973, "chol_m": 0.0604868428, "4h2oglt_c": 0.039739310099999994, "C06199_l": 0.4098382908, "trp_L_c": 0.6204753351, "stcrn_m": 0.0793692366, "pyr_m": 0.9283142766, "carn_c": 0.1522987445, "chsterol_n": 1.2672531287, "lys_L_m": 0.9598691826000001, "g6p_r": 0.10301717949999999, "arg_L_e": 0.0514950956, "acgam_l": 0.0047987754, "c4crn_m": 0.1056624311, "C01601_c": 0.0244423783, "hom_L_e": 0.0099178945, "hxan_e": 0.024737249399999998, "lnlccrn_m": 0.060818886100000004, "im4ac_c": 0.0108387946, "urate_e": 0.3159901613, "g3p_c": 0.0428816092, "hdd2crn_c": 0.0126648093, "glu_L_r": 0.0567988896, "nac_c": 0.4441529393, "asp_D_e": 0.0300935276, "thrnt_c": 0.029745565800000002, "C01507_c": 0.034011473199999996, "12ppd_R_c": 0.5639272025, "5oxpro_e": 1.0522632162999999, "fuc_L_e": 0.008978433499999999, "arab_L_c": 0.008998207, "vacccrn_m": 0.09400176439999999, "CE6205_c": 0.0407325007, "pram_c": 0.0, "ipdp_c": 0.004478808, "met_L_m": 0.2880500886, "ile_L_e": 0.0252405812, "hyptaur_c": 0.0123860693, "rbt_e": 0.0299862807, "ocdca_c": 0.2521977966, "Lpipecol_x": 0.0269793397, "c10crn_e": 0.06389859610000001, "dhdascb_c": 0.0115813734, "gal_c": 0.0245088992, "phe_L_l": 0.6696801115, "urea_m": 18.2495116193, "glx_m": 0.0313755022, "glc_D_c": 16.563542989400002, "gln_L_e": 0.3019034495, "glcur_c": 0.0063267379000000006, "crn_e": 0.054502775499999996, "c6crn_x": 0.0077992138, "gua_e": 0.01936443, "dchac_r": 0.0952658271, "4mop_c": 0.0594593225, "sarcs_m": 0.0897305303, "anth_e": 0.011115948700000001, "andrstndn_c": 0.0094567643, "1p2cbxl_x": 0.28401514969999997, "2coum_c": 0.026622829, "thr_L_e": 0.8543015354000001, "bilirub_r": 0.042364936299999996, "5hoxindoa_c": 0.011339971, "ddeccrn_m": 0.038202419, "3mop_m": 0.0560513065, "xylt_e": 0.006208617099999999, "sphs1p_e": 0.0346714478, "gudac_c": 0.0100907952, "succ_r": 0.0258845731, "ala_D_c": 12.59880638, "prgstrn_e": 0.0090356699, "3hmp_m": 0.7109115624, "dmnoncrn_x": 0.0089011519, "oaa_x": 0.1058640686, "rib_D_c": 0.0478151814, "gly_m": 2.196634546, "citr_L_m": 0.6738245329000001, "glyclt_x": 0.0095306059, "acnam_l": 0.0087338163, "creat_m": 0.24057256440000002, "tyr_L_l": 0.1955526698, "oxa_c": 132.9895862306, "Lcystin_c": 0.0512955039, "ivcrn_c": 0.0199428462, "dhap_x": 0.022155790699999997, "bz_r": 0.020480419099999998, "lneldc_e": 0.1053244006, "C02356_c": 0.5520136198, "pchol_hs_c": 0.0500264661, "asn_L_c": 0.1061904833, "6pgc_c": 0.030168215499999998, "ser_L_x": 1.2183839436, "leu_L_m": 3.138771682, "25hvitd3_c": 0.0171430407, "gcald_c": 0.4791164899, "glyald_m": 0.008496745200000001, "thm_e": 0.010458376, "c8crn_x": 0.0225414258, "pcollg5hlys_c": 0.0719989633, "srb_L_c": 0.025203094300000003, "5htrp_e": 0.010798461799999999, "pmtcrn_m": 0.0025106389000000002, "CE2537_c": 0.1212516902, "cyst_L_m": 0.11193827220000001, "3mob_c": 0.0076065408, "ru5p_D_c": 0.0116256404, "cys_L_m": 0.0912904521, "2mcacn_c": 0.0081851294, "pro_D_l": 5.445029924299999, "pser_L_c": 0.0085168082, "pac_m": 0.408604719, "inost_r": 0.2381141135, "ttdca_e": 0.0327276942, "orn_m": 0.5996965235, "acrn_x": 0.011767643000000001, "ttdcea_c": 0.0111188942, "fru_e": 0.0691086514, "ura_c": 0.030285619500000003, "lac_D_c": 31.710488282399997, "glyc_c": 0.2598256388, "ocdcea_r": 0.0007113335, "ttdcrn_c": 0.0183747991}