{"aact_m": 0.4224390633, "sphings_r": 0.025454708399999998, "val_L_e": 0.39901569880000004, "C10164_c": 0.0798799536, "HC02024_r": 0.06675137519999999, "fum_m": 0.0519720197, "hdcea_e": 0.004824074, "adrnl_e": 0.0017659316, "cit_c": 0.9228764647, "4hpro_LT_r": 0.1136529676, "chol_m": 0.047630558200000006, "4h2oglt_c": 0.0398398602, "C06199_l": 0.33871250560000005, "trp_L_c": 0.7045707547, "stcrn_m": 0.0253077729, "pyr_m": 1.0976717202, "carn_c": 0.18497752, "chsterol_n": 1.4680118765999999, "lys_L_m": 0.791088129, "g6p_r": 0.0412184004, "arg_L_e": 0.0438873614, "acgam_l": 0.0054211877, "c4crn_m": 0.0, "C01601_c": 0.0159637763, "hom_L_e": 0.0029720036999999998, "hxan_e": 0.0421780118, "lnlccrn_m": 0.0570775274, "im4ac_c": 0.0260604905, "urate_e": 0.31008622480000003, "g3p_c": 0.0346202211, "hdd2crn_c": 0.008182393199999999, "glu_L_r": 0.1471016029, "nac_c": 0.20287444670000002, "asp_D_e": 0.0500745518, "thrnt_c": 0.0939186809, "C01507_c": 0.0530860591, "12ppd_R_c": 0.5544465681, "5oxpro_e": 0.9542000997, "fuc_L_e": 0.0093918617, "arab_L_c": 0.015585078200000001, "vacccrn_m": 0.0985588142, "CE6205_c": 0.015950553899999997, "pram_c": 0.6124882203, "ipdp_c": 0.0033937279, "met_L_m": 0.15684643869999998, "ile_L_e": 0.0166849513, "hyptaur_c": 0.0109920728, "rbt_e": 0.036024392599999996, "ocdca_c": 0.2590774457, "Lpipecol_x": 0.11019537539999999, "c10crn_e": 0.0181646044, "dhdascb_c": 0.014225616000000002, "gal_c": 0.18270801109999998, "phe_L_l": 0.5931178076, "urea_m": 16.0986905886, "glx_m": 0.1966484449, "glc_D_c": 31.3066145262, "gln_L_e": 0.18222928079999998, "glcur_c": 0.2395037263, "crn_e": 0.0290935621, "c6crn_x": 0.0057911907, "gua_e": 0.011659918799999999, "dchac_r": 0.0347698879, "4mop_c": 0.0504448192, "sarcs_m": 0.0727141878, "anth_e": 0.0083406611, "andrstndn_c": 0.009758507, "1p2cbxl_x": 0.2241029223, "2coum_c": 0.0182740516, "thr_L_e": 0.3394435582, "bilirub_r": 0.0332055753, "5hoxindoa_c": 0.0112475524, "ddeccrn_m": 0.0163187039, "3mop_m": 0.0631522226, "xylt_e": 0.0058293356999999995, "sphs1p_e": 0.0320660212, "gudac_c": 0.0119868324, "succ_r": 0.053522082900000004, "ala_D_c": 6.8314736341, "prgstrn_e": 0.0033509915000000004, "3hmp_m": 0.7837218079, "dmnoncrn_x": 0.0022634974, "oaa_x": 0.11078163949999999, "rib_D_c": 0.057188881799999994, "gly_m": 1.9756156746, "citr_L_m": 0.6626419412, "glyclt_x": 0.0173549545, "acnam_l": 0.0221682159, "creat_m": 0.21860969600000002, "tyr_L_l": 0.12367159859999999, "oxa_c": 117.59974444139999, "Lcystin_c": 0.0545837404, "ivcrn_c": 0.0359292015, "dhap_x": 0.0243045015, "bz_r": 0.0013177627, "lneldc_e": 0.010807495, "C02356_c": 0.2504976969, "pchol_hs_c": 0.0672448039, "asn_L_c": 0.08375831480000001, "6pgc_c": 0.0340067329, "ser_L_x": 0.9016843242, "leu_L_m": 2.5363548797999997, "25hvitd3_c": 0.0109946469, "gcald_c": 0.38489128640000003, "glyald_m": 0.012173197, "thm_e": 0.0085586793, "c8crn_x": 0.0066362721999999996, "pcollg5hlys_c": 0.0723238051, "srb_L_c": 0.037661644700000003, "5htrp_e": 0.0232255983, "pmtcrn_m": 0.0041279838, "CE2537_c": 0.1709836159, "cyst_L_m": 0.1181023048, "3mob_c": 0.008445760699999999, "ru5p_D_c": 0.0079187858, "cys_L_m": 0.0815243106, "2mcacn_c": 0.0079794961, "pro_D_l": 4.503101857, "pser_L_c": 0.0097729643, "pac_m": 0.4754702633, "inost_r": 0.28996006480000003, "ttdca_e": 0.0557733493, "orn_m": 0.4557280678, "acrn_x": 0.0116986385, "ttdcea_c": 0.0143160819, "fru_e": 1.8118774813, "ura_c": 0.038906444, "lac_D_c": 56.659895346999996, "glyc_c": 0.2214050391, "ocdcea_r": 0.0022141382999999997, "ttdcrn_c": 0.0109264462}