{"aact_m": 0.5205713598, "sphings_r": 0.025310872400000003, "val_L_e": 0.5392641448, "C10164_c": 0.19677178690000002, "HC02024_r": 0.0645529338, "fum_m": 0.07020611809999999, "hdcea_e": 0.043242076100000006, "adrnl_e": 0.0010861219, "cit_c": 1.0718865390999999, "4hpro_LT_r": 0.1085127365, "chol_m": 0.07541410559999999, "4h2oglt_c": 0.034085663100000003, "C06199_l": 0.35169153560000005, "trp_L_c": 0.5409865764, "stcrn_m": 0.0392954004, "pyr_m": 0.705533929, "carn_c": 0.1308763031, "chsterol_n": 1.1932570970999998, "lys_L_m": 0.6076860769, "g6p_r": 0.0374470375, "arg_L_e": 0.0530715008, "acgam_l": 0.0055737878000000005, "c4crn_m": 0.026036917200000002, "C01601_c": 0.013557290500000001, "hom_L_e": 0.0142194281, "hxan_e": 0.033155657799999995, "lnlccrn_m": 0.0708982355, "im4ac_c": 0.0134727038, "urate_e": 0.2406451834, "g3p_c": 0.0410776513, "hdd2crn_c": 0.021242120899999998, "glu_L_r": 0.060839461100000006, "nac_c": 0.09524290869999999, "asp_D_e": 0.0399240804, "thrnt_c": 0.029098998199999997, "C01507_c": 0.007899239, "12ppd_R_c": 0.490978469, "5oxpro_e": 1.0077490194, "fuc_L_e": 0.0080319463, "arab_L_c": 0.0040715792, "vacccrn_m": 0.1446000958, "CE6205_c": 0.0152881127, "pram_c": 0.6390018014, "ipdp_c": 0.0034315621999999996, "met_L_m": 0.20770599760000003, "ile_L_e": 0.0293605896, "hyptaur_c": 0.0098953254, "rbt_e": 0.031205508, "ocdca_c": 0.4274375497, "Lpipecol_x": 0.024311600299999996, "c10crn_e": 0.11271449619999999, "dhdascb_c": 0.0201951801, "gal_c": 0.033133755699999996, "phe_L_l": 0.5743854411, "urea_m": 14.6080437675, "glx_m": 0.07336898509999999, "glc_D_c": 14.5365295229, "gln_L_e": 0.308246823, "glcur_c": 0.0088179502, "crn_e": 0.0651178606, "c6crn_x": 0.0173413501, "gua_e": 0.016606458600000002, "dchac_r": 0.0677261233, "4mop_c": 0.0544621145, "sarcs_m": 0.096302295, "anth_e": 0.0130743346, "andrstndn_c": 0.0141039945, "1p2cbxl_x": 0.2943496635, "2coum_c": 0.0176980878, "thr_L_e": 0.6088446518, "bilirub_r": 0.0747257581, "5hoxindoa_c": 0.0094624534, "ddeccrn_m": 0.0402814213, "3mop_m": 0.11860668460000001, "xylt_e": 0.009883894300000001, "sphs1p_e": 0.033540670099999996, "gudac_c": 0.00993614, "succ_r": 0.09323886990000001, "ala_D_c": 6.7908074958, "prgstrn_e": 0.0167993665, "3hmp_m": 1.8427900078, "dmnoncrn_x": 0.0073169023, "oaa_x": 0.09178101599999999, "rib_D_c": 0.039457293, "gly_m": 0.9097370082999999, "citr_L_m": 0.7082822092000001, "glyclt_x": 0.0062032547, "acnam_l": 0.0140874685, "creat_m": 0.2731144249, "tyr_L_l": 0.12100668140000001, "oxa_c": 164.32783567049998, "Lcystin_c": 0.037768526000000004, "ivcrn_c": 0.0216035533, "dhap_x": 0.0216672244, "bz_r": 0.0221463573, "lneldc_e": 0.0327059763, "C02356_c": 0.3623107887, "pchol_hs_c": 0.0602894982, "asn_L_c": 0.09523671689999999, "6pgc_c": 0.0266494519, "ser_L_x": 1.1560807785, "leu_L_m": 2.4749161517, "25hvitd3_c": 0.020476431899999998, "gcald_c": 0.44556810189999996, "glyald_m": 0.005741493100000001, "thm_e": 0.0153195753, "c8crn_x": 0.03684615, "pcollg5hlys_c": 0.0652989033, "srb_L_c": 0.0117588081, "5htrp_e": 0.027493081699999998, "pmtcrn_m": 0.0038086383, "CE2537_c": 0.11702882710000001, "cyst_L_m": 0.0209605081, "3mob_c": 0.010046577099999999, "ru5p_D_c": 0.0130265265, "cys_L_m": 0.09117584460000001, "2mcacn_c": 0.0085772994, "pro_D_l": 4.2666908335, "pser_L_c": 0.0092023988, "pac_m": 0.42169188560000004, "inost_r": 0.2336996989, "ttdca_e": 0.1161633825, "orn_m": 0.36408817179999997, "acrn_x": 0.0143309223, "ttdcea_c": 0.0075653145, "fru_e": 0.0313910523, "ura_c": 0.0580604004, "lac_D_c": 18.5526418648, "glyc_c": 0.41705644909999995, "ocdcea_r": 0.0122571228, "ttdcrn_c": 0.0162714617}