{"aact_m": 0.5047292591, "sphings_r": 0.0401975971, "val_L_e": 0.35014124560000004, "C10164_c": 0.0783659194, "HC02024_r": 0.0497504706, "fum_m": 0.0439554092, "hdcea_e": 0.044442519800000004, "adrnl_e": 0.0097919365, "cit_c": 0.9486582543000001, "4hpro_LT_r": 0.1227064258, "chol_m": 0.08642255730000001, "4h2oglt_c": 0.0411578725, "C06199_l": 0.3116845774, "trp_L_c": 0.6208412296, "stcrn_m": 0.0528595122, "pyr_m": 0.7013911172, "carn_c": 0.17469057850000003, "chsterol_n": 1.9754916042, "lys_L_m": 0.6692463013000001, "g6p_r": 0.04737586, "arg_L_e": 0.0706599851, "acgam_l": 0.0065891876, "c4crn_m": 0.0, "C01601_c": 0.021696501099999998, "hom_L_e": 0.0077755299, "hxan_e": 0.0113076219, "lnlccrn_m": 0.0815855565, "im4ac_c": 0.020323018300000002, "urate_e": 0.6175607525, "g3p_c": 0.0520650104, "hdd2crn_c": 0.0344384206, "glu_L_r": 0.08575295599999999, "nac_c": 0.22771348600000002, "asp_D_e": 0.0321626447, "thrnt_c": 0.0407229833, "C01507_c": 0.0171422922, "12ppd_R_c": 0.605973082, "5oxpro_e": 1.1371616998, "fuc_L_e": 0.0097572159, "arab_L_c": 0.0061554418000000005, "vacccrn_m": 0.1629868208, "CE6205_c": 0.0102277772, "pram_c": 0.5274078717, "ipdp_c": 0.0042935855, "met_L_m": 0.1250960745, "ile_L_e": 0.0628555319, "hyptaur_c": 0.006799672099999999, "rbt_e": 0.049402104, "ocdca_c": 0.6922113749, "Lpipecol_x": 1.1187232101, "c10crn_e": 0.1331285982, "dhdascb_c": 0.0233690986, "gal_c": 0.0575080076, "phe_L_l": 0.6183514544, "urea_m": 28.1044667047, "glx_m": 0.0337890895, "glc_D_c": 1.5772120428999998, "gln_L_e": 0.29473934420000003, "glcur_c": 0.0077372166, "crn_e": 0.0261068746, "c6crn_x": 0.0149927431, "gua_e": 0.0086814942, "dchac_r": 0.0811315626, "4mop_c": 0.0580739713, "sarcs_m": 0.17682608100000002, "anth_e": 0.0126275894, "andrstndn_c": 0.0451903508, "1p2cbxl_x": 0.29339808289999997, "2coum_c": 0.017987592900000002, "thr_L_e": 0.49705749159999996, "bilirub_r": 0.1151432988, "5hoxindoa_c": 0.0110557346, "ddeccrn_m": 0.0686471375, "3mop_m": 0.0487880591, "xylt_e": 0.0051449777, "sphs1p_e": 0.0426825768, "gudac_c": 0.0109123075, "succ_r": 0.0298543213, "ala_D_c": 11.7032000874, "prgstrn_e": 0.0194889928, "3hmp_m": 1.634579016, "dmnoncrn_x": 0.0112992444, "oaa_x": 0.0947828994, "rib_D_c": 0.0618081658, "gly_m": 2.3315211115, "citr_L_m": 0.6896916257, "glyclt_x": 0.0075915557, "acnam_l": 0.015548560500000001, "creat_m": 0.2820817819, "tyr_L_l": 0.1322941413, "oxa_c": 162.8305459138, "Lcystin_c": 0.0468657521, "ivcrn_c": 0.0183914988, "dhap_x": 0.0251457636, "bz_r": 0.0017818801, "lneldc_e": 0.036498105600000004, "C02356_c": 0.4131505454, "pchol_hs_c": 0.09338225369999999, "asn_L_c": 0.0420277686, "6pgc_c": 0.036599423, "ser_L_x": 0.7772836639, "leu_L_m": 2.6907619087, "25hvitd3_c": 0.0190566568, "gcald_c": 0.6169455508, "glyald_m": 0.013548609, "thm_e": 0.030923910099999997, "c8crn_x": 0.037073279, "pcollg5hlys_c": 0.0600278637, "srb_L_c": 0.032198483300000004, "5htrp_e": 0.01336672, "pmtcrn_m": 0.0028182018, "CE2537_c": 0.16171123910000001, "cyst_L_m": 0.013194205700000001, "3mob_c": 0.0108733596, "ru5p_D_c": 0.013239486000000002, "cys_L_m": 0.1250295325, "2mcacn_c": 0.0099661824, "pro_D_l": 5.8164499933, "pser_L_c": 0.0130089748, "pac_m": 0.5614601156, "inost_r": 0.3123893159, "ttdca_e": 0.1456187532, "orn_m": 0.8863959922, "acrn_x": 0.0101133819, "ttdcea_c": 0.0095610935, "fru_e": 0.0407708517, "ura_c": 0.0638327385, "lac_D_c": 47.989345219200004, "glyc_c": 0.5234702971999999, "ocdcea_r": 0.017069004, "ttdcrn_c": 0.027379967400000003}