{"aact_m": 0.6832665567, "sphings_r": 0.0319104687, "val_L_e": 0.6481877268999999, "C10164_c": 0.023559660899999998, "HC02024_r": 0.1760201573, "fum_m": 0.0081041106, "hdcea_e": 0.004412993499999999, "adrnl_e": 0.0020453457, "cit_c": 0.7360648765000001, "4hpro_LT_r": 0.1422247755, "chol_m": 0.1477188393, "4h2oglt_c": 0.067027745, "C06199_l": 0.3216996703, "trp_L_c": 0.48328782189999997, "stcrn_m": 0.0339607803, "pyr_m": 0.7839073981999999, "carn_c": 0.1466880256, "chsterol_n": 1.0666277412, "lys_L_m": 0.3647096796, "g6p_r": 0.2871328736, "arg_L_e": 0.0647345758, "acgam_l": 0.0034065083, "c4crn_m": 0.0235537037, "C01601_c": 0.0236889235, "hom_L_e": 0.0051581606, "hxan_e": 0.0148655507, "lnlccrn_m": 0.0529301116, "im4ac_c": 0.0087546864, "urate_e": 0.24391964010000003, "g3p_c": 0.14275968039999998, "hdd2crn_c": 0.008526425899999999, "glu_L_r": 0.0658626808, "nac_c": 0.1094677043, "asp_D_e": 0.0223251933, "thrnt_c": 0.066775045, "C01507_c": 0.09478119189999999, "12ppd_R_c": 0.4691053326, "5oxpro_e": 1.4679584291, "fuc_L_e": 0.0081298157, "arab_L_c": 0.014424798999999999, "vacccrn_m": 0.0730671591, "CE6205_c": 0.0087026414, "pram_c": 0.6943119701999999, "ipdp_c": 0.0036552735, "met_L_m": 0.2615014565, "ile_L_e": 0.021903434399999998, "hyptaur_c": 0.0039826416, "rbt_e": 0.056262864100000004, "ocdca_c": 0.48719993340000006, "Lpipecol_x": 0.0427825321, "c10crn_e": 0.012588284299999999, "dhdascb_c": 0.0170779148, "gal_c": 0.0507049495, "phe_L_l": 0.5574073141, "urea_m": 13.829301462, "glx_m": 0.0814403277, "glc_D_c": 10.0324401947, "gln_L_e": 0.5919209725, "glcur_c": 0.0072490102, "crn_e": 0.1075330808, "c6crn_x": 0.0042806416, "gua_e": 0.021436324500000003, "dchac_r": 0.1281266324, "4mop_c": 0.057904562, "sarcs_m": 0.0646630162, "anth_e": 0.0138757255, "andrstndn_c": 0.0144509226, "1p2cbxl_x": 0.23462739170000002, "2coum_c": 0.016246078, "thr_L_e": 0.6593886559000001, "bilirub_r": 0.07950031190000001, "5hoxindoa_c": 0.0139387097, "ddeccrn_m": 0.012802566100000001, "3mop_m": 0.1308440558, "xylt_e": 0.0083694959, "sphs1p_e": 0.0647138476, "gudac_c": 0.0106395901, "succ_r": 0.012530258600000002, "ala_D_c": 17.2077408386, "prgstrn_e": 0.0056674071, "3hmp_m": 0.5424700283, "dmnoncrn_x": 0.0022448738, "oaa_x": 0.0921337339, "rib_D_c": 0.0405601477, "gly_m": 0.7401308090000001, "citr_L_m": 0.7070288443000001, "glyclt_x": 0.0294595593, "acnam_l": 0.0031382148999999997, "creat_m": 0.2321929804, "tyr_L_l": 0.12197419470000001, "oxa_c": 150.6586681673, "Lcystin_c": 0.0386146105, "ivcrn_c": 0.010970091999999999, "dhap_x": 0.0283756453, "bz_r": 0.021850530400000002, "lneldc_e": 0.1262179795, "C02356_c": 0.3845828184, "pchol_hs_c": 0.052007901100000004, "asn_L_c": 0.10461923960000001, "6pgc_c": 0.030368303399999998, "ser_L_x": 1.1102769545, "leu_L_m": 2.36341665, "25hvitd3_c": 0.0147890448, "gcald_c": 0.6102385274000001, "glyald_m": 0.0065959728000000006, "thm_e": 0.016306249199999998, "c8crn_x": 0.0076922436, "pcollg5hlys_c": 0.0666244015, "srb_L_c": 0.0333593596, "5htrp_e": 0.0007614217999999999, "pmtcrn_m": 0.0088668628, "CE2537_c": 0.1088868533, "cyst_L_m": 0.0338164916, "3mob_c": 0.0090168443, "ru5p_D_c": 0.0161145302, "cys_L_m": 0.0758615397, "2mcacn_c": 0.0145420653, "pro_D_l": 9.2950667757, "pser_L_c": 0.0094152052, "pac_m": 0.48042888380000004, "inost_r": 0.3566113721, "ttdca_e": 0.0185737731, "orn_m": 0.3401811997, "acrn_x": 0.0132491924, "ttdcea_c": 0.0116321982, "fru_e": 0.5893669327000001, "ura_c": 0.0455021085, "lac_D_c": 60.9894452696, "glyc_c": 0.1530785436, "ocdcea_r": 0.0016570187, "ttdcrn_c": 0.009232493}