{"aact_m": 0.4459282236, "sphings_r": 0.0289339494, "val_L_e": 0.4011512004, "C10164_c": 0.0496633088, "HC02024_r": 0.0534103849, "fum_m": 0.032491579300000004, "hdcea_e": 0.009534737, "adrnl_e": 0.0017326959, "cit_c": 0.8700716744, "4hpro_LT_r": 0.10969787269999999, "chol_m": 0.0643042305, "4h2oglt_c": 0.037788535299999995, "C06199_l": 0.5077288675, "trp_L_c": 0.7922984939, "stcrn_m": 0.058288698099999994, "pyr_m": 0.9101884939, "carn_c": 0.4005138108, "chsterol_n": 1.1410749597, "lys_L_m": 1.7105277684, "g6p_r": 0.0812651512, "arg_L_e": 0.059375915700000004, "acgam_l": 0.0050759851, "c4crn_m": 0.0309037758, "C01601_c": 0.0221044947, "hom_L_e": 0.0082030653, "hxan_e": 0.0086387386, "lnlccrn_m": 0.0563212777, "im4ac_c": 0.0140415994, "urate_e": 0.37480770350000003, "g3p_c": 0.04747537860000001, "hdd2crn_c": 0.012622142900000001, "glu_L_r": 0.2584306247, "nac_c": 0.6005574442, "asp_D_e": 0.0408574069, "thrnt_c": 0.0322092343, "C01507_c": 0.016714903200000002, "12ppd_R_c": 0.4410097447, "5oxpro_e": 1.2072300453, "fuc_L_e": 0.0137272696, "arab_L_c": 0.0211042129, "vacccrn_m": 0.0927599267, "CE6205_c": 0.0185664068, "pram_c": 0.4947229997, "ipdp_c": 0.0041970988, "met_L_m": 0.2786536905, "ile_L_e": 0.057561425599999994, "hyptaur_c": 0.0077924789, "rbt_e": 0.125448353, "ocdca_c": 0.3119718289, "Lpipecol_x": 0.050367729800000004, "c10crn_e": 0.0465974212, "dhdascb_c": 0.0189432418, "gal_c": 0.1430598408, "phe_L_l": 0.8664689692, "urea_m": 14.893288724100001, "glx_m": 0.0362473586, "glc_D_c": 33.803197607399994, "gln_L_e": 0.44024236240000003, "glcur_c": 0.0065979328, "crn_e": 0.015296407199999999, "c6crn_x": 0.0090868976, "gua_e": 0.020750170800000002, "dchac_r": 0.1014450496, "4mop_c": 0.1018850763, "sarcs_m": 0.0956447784, "anth_e": 0.011636678999999999, "andrstndn_c": 0.008786576800000001, "1p2cbxl_x": 0.226900915, "2coum_c": 0.0338752514, "thr_L_e": 0.7021557203000001, "bilirub_r": 0.0550839861, "5hoxindoa_c": 0.0100412627, "ddeccrn_m": 0.031702146, "3mop_m": 0.0408960498, "xylt_e": 0.014819483400000001, "sphs1p_e": 0.0321381276, "gudac_c": 0.0096336389, "succ_r": 0.0260302036, "ala_D_c": 14.2382768291, "prgstrn_e": 0.0077857431999999996, "3hmp_m": 1.0202436299, "dmnoncrn_x": 0.0046472164, "oaa_x": 0.1094264744, "rib_D_c": 0.1399394266, "gly_m": 1.2705089683, "citr_L_m": 0.6764638183, "glyclt_x": 0.0133906957, "acnam_l": 0.0129617082, "creat_m": 0.14275709779999998, "tyr_L_l": 0.2446189304, "oxa_c": 150.3960594454, "Lcystin_c": 0.04257403269999999, "ivcrn_c": 0.038226852900000004, "dhap_x": 0.021616643300000002, "bz_r": 0.0239115898, "lneldc_e": 0.11039843380000001, "C02356_c": 0.5024263703, "pchol_hs_c": 0.1087208366, "asn_L_c": 0.08217769030000001, "6pgc_c": 0.030343186, "ser_L_x": 0.8171434986, "leu_L_m": 5.2598027439, "25hvitd3_c": 0.0239161292, "gcald_c": 0.4666158694, "glyald_m": 0.0103564844, "thm_e": 0.0020455932999999997, "c8crn_x": 0.01773806, "pcollg5hlys_c": 0.1145982816, "srb_L_c": 0.0389319417, "5htrp_e": 0.0101040219, "pmtcrn_m": 0.002301773, "CE2537_c": 0.41611012229999994, "cyst_L_m": 0.1097782762, "3mob_c": 0.0115029033, "ru5p_D_c": 0.0090732343, "cys_L_m": 0.0803816823, "2mcacn_c": 0.0081349415, "pro_D_l": 13.079072558, "pser_L_c": 0.0086724349, "pac_m": 0.3896330954, "inost_r": 0.2386669708, "ttdca_e": 0.0336310271, "orn_m": 0.8958095086, "acrn_x": 0.0153342253, "ttdcea_c": 0.0092329527, "fru_e": 0.374090052, "ura_c": 0.051628368, "lac_D_c": 86.7797048313, "glyc_c": 0.19332961769999998, "ocdcea_r": 0.0012428622, "ttdcrn_c": 0.0169314822}