{"aact_m": 0.24789310969999998, "sphings_r": 0.0409897243, "val_L_e": 0.370475447, "C10164_c": 0.0710331192, "HC02024_r": 0.0619310851, "fum_m": 0.0405793911, "hdcea_e": 0.027034141, "adrnl_e": 0.0009056981, "cit_c": 0.7871925162000001, "4hpro_LT_r": 0.1237460558, "chol_m": 0.14766945550000002, "4h2oglt_c": 0.0416383728, "C06199_l": 0.3365197165, "trp_L_c": 0.4145628436, "stcrn_m": 0.0631767796, "pyr_m": 1.0341626104000001, "carn_c": 0.1101960828, "chsterol_n": 1.2392082587, "lys_L_m": 0.8726066354, "g6p_r": 0.055442589900000006, "arg_L_e": 0.0709786193, "acgam_l": 0.005271392, "c4crn_m": 0.0, "C01601_c": 0.0204172624, "hom_L_e": 0.002040209, "hxan_e": 0.1571720011, "lnlccrn_m": 0.1052001642, "im4ac_c": 0.0127776155, "urate_e": 0.41523466700000006, "g3p_c": 0.0685774888, "hdd2crn_c": 0.0239637367, "glu_L_r": 0.5299911310000001, "nac_c": 0.2880852409, "asp_D_e": 0.1041694315, "thrnt_c": 0.0849734392, "C01507_c": 0.0108963752, "12ppd_R_c": 0.6392212212, "5oxpro_e": 3.3866669216000003, "fuc_L_e": 0.0075323537, "arab_L_c": 0.0065520071999999995, "vacccrn_m": 0.19067394989999997, "CE6205_c": 0.0090173792, "pram_c": 0.601680901, "ipdp_c": 0.004742266, "met_L_m": 0.1261314742, "ile_L_e": 0.025627201000000002, "hyptaur_c": 0.0009601594000000001, "rbt_e": 0.048641154900000004, "ocdca_c": 0.591793852, "Lpipecol_x": 0.0583632681, "c10crn_e": 0.0451896827, "dhdascb_c": 0.0157943291, "gal_c": 0.014233628500000001, "phe_L_l": 0.6168505357999999, "urea_m": 33.9985061075, "glx_m": 0.0351938554, "glc_D_c": 17.966358049, "gln_L_e": 0.21757437149999997, "glcur_c": 0.0194209261, "crn_e": 0.0093999072, "c6crn_x": 0.0087642195, "gua_e": 0.012551584499999999, "dchac_r": 0.07652840309999999, "4mop_c": 0.0247888811, "sarcs_m": 0.2770248024, "anth_e": 0.0066993854000000005, "andrstndn_c": 0.034832832700000003, "1p2cbxl_x": 0.3224671817, "2coum_c": 0.0175248611, "thr_L_e": 0.4831700422, "bilirub_r": 0.0011023688000000001, "5hoxindoa_c": 0.0167614669, "ddeccrn_m": 0.0376953165, "3mop_m": 0.0474240428, "xylt_e": 0.0095792094, "sphs1p_e": 0.050670012800000004, "gudac_c": 0.0095771704, "succ_r": 0.0785713872, "ala_D_c": 11.3619196272, "prgstrn_e": 0.0100660961, "3hmp_m": 1.5258009913, "dmnoncrn_x": 0.00873442, "oaa_x": 0.0980116231, "rib_D_c": 0.031742928999999996, "gly_m": 3.5089368516, "citr_L_m": 0.6954785684, "glyclt_x": 0.0053557181, "acnam_l": 0.0102060287, "creat_m": 0.3106382193, "tyr_L_l": 0.1348865621, "oxa_c": 100.74906250629999, "Lcystin_c": 0.0241181873, "ivcrn_c": 0.00734552, "dhap_x": 0.0239356171, "bz_r": 0.0019074579, "lneldc_e": 0.0185013638, "C02356_c": 0.2934961007, "pchol_hs_c": 0.2252303303, "asn_L_c": 0.0290101017, "6pgc_c": 0.0342757193, "ser_L_x": 1.2188243883, "leu_L_m": 2.2782377754, "25hvitd3_c": 0.018110350600000002, "gcald_c": 0.5906272637, "glyald_m": 0.0113455423, "thm_e": 0.017619621000000002, "c8crn_x": 0.017398450700000002, "pcollg5hlys_c": 0.054078002800000004, "srb_L_c": 0.0279747241, "5htrp_e": 0.013456791200000002, "pmtcrn_m": 0.0045037243, "CE2537_c": 0.0905022513, "cyst_L_m": 0.23897645239999998, "3mob_c": 0.0066621369, "ru5p_D_c": 0.0227226221, "cys_L_m": 0.0451724851, "2mcacn_c": 0.0100826486, "pro_D_l": 6.3359178103, "pser_L_c": 0.012272370800000001, "pac_m": 0.5170193893, "inost_r": 0.4381741179, "ttdca_e": 0.0962137894, "orn_m": 1.1621387254, "acrn_x": 0.007701865600000001, "ttdcea_c": 0.0122156303, "fru_e": 0.0757231101, "ura_c": 0.0392724727, "lac_D_c": 231.7875638269, "glyc_c": 0.40429094979999997, "ocdcea_r": 0.0203528636, "ttdcrn_c": 0.0203425349}