{"aact_m": 0.44255871420000004, "sphings_r": 0.027965738799999997, "val_L_e": 0.469368509, "C10164_c": 0.0788486909, "HC02024_r": 0.0617247423, "fum_m": 0.046515349000000004, "hdcea_e": 0.0103210999, "adrnl_e": 0.00513549, "cit_c": 1.5310898967, "4hpro_LT_r": 0.1097653457, "chol_m": 0.17888823, "4h2oglt_c": 0.0400041559, "C06199_l": 0.3358196117, "trp_L_c": 0.6259601163, "stcrn_m": 0.09764255279999999, "pyr_m": 1.5613751649, "carn_c": 0.171802688, "chsterol_n": 1.9682768459, "lys_L_m": 0.9162723545999999, "g6p_r": 0.0672864713, "arg_L_e": 0.057984419100000004, "acgam_l": 0.0054025311, "c4crn_m": 0.0290105336, "C01601_c": 0.036584559700000005, "hom_L_e": 0.009868590699999999, "hxan_e": 0.0350834455, "lnlccrn_m": 0.1250152876, "im4ac_c": 0.019917123300000002, "urate_e": 0.44495888829999997, "g3p_c": 0.0569193678, "hdd2crn_c": 0.0375267195, "glu_L_r": 0.11401556460000001, "nac_c": 0.2369640063, "asp_D_e": 0.0392621011, "thrnt_c": 0.0725312215, "C01507_c": 0.0110486347, "12ppd_R_c": 0.680787247, "5oxpro_e": 1.3754429011000002, "fuc_L_e": 0.0123507155, "arab_L_c": 0.015568331699999998, "vacccrn_m": 0.21484811539999998, "CE6205_c": 0.0203572767, "pram_c": 0.0, "ipdp_c": 0.004652358499999999, "met_L_m": 0.24490800199999999, "ile_L_e": 0.028013935299999997, "hyptaur_c": 0.018525601699999998, "rbt_e": 0.0562063099, "ocdca_c": 0.24068562870000001, "Lpipecol_x": 0.0974168268, "c10crn_e": 0.06761240389999999, "dhdascb_c": 0.0265741167, "gal_c": 0.0876551572, "phe_L_l": 0.6530789028, "urea_m": 18.865151811900002, "glx_m": 0.038472456099999996, "glc_D_c": 14.149564284, "gln_L_e": 0.33442427539999997, "glcur_c": 0.0072906654, "crn_e": 0.0494755955, "c6crn_x": 0.012507488999999998, "gua_e": 0.0160480867, "dchac_r": 0.1077487706, "4mop_c": 0.0644206183, "sarcs_m": 0.150631599, "anth_e": 0.0146326561, "andrstndn_c": 0.0184653642, "1p2cbxl_x": 0.264775318, "2coum_c": 0.0151853874, "thr_L_e": 1.0108242165999999, "bilirub_r": 0.062488547699999994, "5hoxindoa_c": 0.0120819342, "ddeccrn_m": 0.037408211600000005, "3mop_m": 0.10626583619999999, "xylt_e": 0.007270554300000001, "sphs1p_e": 0.0611329843, "gudac_c": 0.0119841036, "succ_r": 0.025567109100000002, "ala_D_c": 12.762347848, "prgstrn_e": 0.0120963815, "3hmp_m": 0.747297876, "dmnoncrn_x": 0.008299963399999999, "oaa_x": 0.1079622717, "rib_D_c": 0.060747622300000005, "gly_m": 3.1221448258, "citr_L_m": 0.7068214694, "glyclt_x": 0.0182296276, "acnam_l": 0.016648186000000002, "creat_m": 0.5777874658, "tyr_L_l": 0.11297989119999999, "oxa_c": 173.74364324509997, "Lcystin_c": 0.0739299298, "ivcrn_c": 0.0170297555, "dhap_x": 0.0244306334, "bz_r": 0.0196277302, "lneldc_e": 0.047555404800000006, "C02356_c": 0.4132256418, "pchol_hs_c": 0.07496584490000001, "asn_L_c": 0.11100644650000001, "6pgc_c": 0.0325424128, "ser_L_x": 1.8128256158000002, "leu_L_m": 2.1819479175, "25hvitd3_c": 0.0161133643, "gcald_c": 0.5715161957, "glyald_m": 0.0092950959, "thm_e": 0.0188874778, "c8crn_x": 0.0231529237, "pcollg5hlys_c": 0.0841344715, "srb_L_c": 0.020100258200000002, "5htrp_e": 0.0118365426, "pmtcrn_m": 0.0138266601, "CE2537_c": 0.1739013896, "cyst_L_m": 0.05802826, "3mob_c": 0.0077136668, "ru5p_D_c": 0.0088503944, "cys_L_m": 0.139118611, "2mcacn_c": 0.0082209822, "pro_D_l": 4.5959475198, "pser_L_c": 0.0093054836, "pac_m": 0.4657988363, "inost_r": 0.5884264757, "ttdca_e": 0.0396243368, "orn_m": 1.2148852012, "acrn_x": 0.0106005424, "ttdcea_c": 0.013012015200000001, "fru_e": 0.9480386511, "ura_c": 0.0738886391, "lac_D_c": 53.0449754561, "glyc_c": 0.2639038099, "ocdcea_r": 0.0018445451999999998, "ttdcrn_c": 0.023530167999999997}