{"aact_m": 0.8724789948999999, "sphings_r": 0.026242171499999998, "val_L_e": 0.3312858479, "C10164_c": 0.0747372595, "HC02024_r": 0.0904641127, "fum_m": 0.05119148230000001, "hdcea_e": 0.0646748767, "adrnl_e": 0.0210159761, "cit_c": 0.7151419131, "4hpro_LT_r": 0.10961380960000001, "chol_m": 0.1053876733, "4h2oglt_c": 0.0438966878, "C06199_l": 0.3344686386, "trp_L_c": 0.5265269489, "stcrn_m": 0.017611167900000002, "pyr_m": 0.24137635579999997, "carn_c": 0.22323111420000002, "chsterol_n": 0.7316684631, "lys_L_m": 0.9595798068000001, "g6p_r": 0.0418187611, "arg_L_e": 0.0270051731, "acgam_l": 0.004741615, "c4crn_m": 0.0, "C01601_c": 0.0132954126, "hom_L_e": 0.0038469155, "hxan_e": 0.0036049859999999997, "lnlccrn_m": 0.0372204151, "im4ac_c": 0.0679348182, "urate_e": 1.0424063027, "g3p_c": 0.025310356200000002, "hdd2crn_c": 0.011598233999999999, "glu_L_r": 0.5088174659, "nac_c": 0.3251893543, "asp_D_e": 0.18010090899999998, "thrnt_c": 0.0692302552, "C01507_c": 0.0059677927, "12ppd_R_c": 0.5235135511, "5oxpro_e": 2.3810107201, "fuc_L_e": 0.0097053637, "arab_L_c": 0.0088945887, "vacccrn_m": 0.058922933899999995, "CE6205_c": 0.0519036858, "pram_c": 0.7871826637, "ipdp_c": 0.0031298643, "met_L_m": 0.2507477831, "ile_L_e": 0.0586839137, "hyptaur_c": 0.0026926197999999997, "rbt_e": 0.0215392804, "ocdca_c": 0.6712996590000001, "Lpipecol_x": 0.0680768175, "c10crn_e": 0.1184086525, "dhdascb_c": 0.013395006499999999, "gal_c": 0.048108568, "phe_L_l": 0.5099197433, "urea_m": 16.0412936369, "glx_m": 0.019244101899999998, "glc_D_c": 12.3912081948, "gln_L_e": 0.2383723791, "glcur_c": 0.0105397496, "crn_e": 0.034033863399999996, "c6crn_x": 0.0204579492, "gua_e": 0.017543319499999998, "dchac_r": 0.056072337800000004, "4mop_c": 0.044735473899999996, "sarcs_m": 0.041851986, "anth_e": 0.0170819573, "andrstndn_c": 0.029039932, "1p2cbxl_x": 0.188267347, "2coum_c": 0.021420298799999998, "thr_L_e": 1.4563274462, "bilirub_r": 0.0837943635, "5hoxindoa_c": 0.010112763, "ddeccrn_m": 0.0402344402, "3mop_m": 0.08699871960000001, "xylt_e": 0.0073608889, "sphs1p_e": 0.0090652052, "gudac_c": 0.010747368799999999, "succ_r": 0.0537887464, "ala_D_c": 10.3346566522, "prgstrn_e": 0.0133857947, "3hmp_m": 2.0517551091, "dmnoncrn_x": 0.0053786371999999995, "oaa_x": 0.13056921800000001, "rib_D_c": 0.0643883993, "gly_m": 1.1797407883, "citr_L_m": 0.6715842931999999, "glyclt_x": 0.0105461689, "acnam_l": 0.00473419, "creat_m": 0.2774203296, "tyr_L_l": 0.1488707486, "oxa_c": 223.7272105822, "Lcystin_c": 0.027571856699999998, "ivcrn_c": 0.0639159785, "dhap_x": 0.022803115, "bz_r": 0.0016592818, "lneldc_e": 0.0139495259, "C02356_c": 0.6635860037, "pchol_hs_c": 0.3024581831, "asn_L_c": 0.0197471217, "6pgc_c": 0.0327064412, "ser_L_x": 1.0967530896, "leu_L_m": 2.5224031237999998, "25hvitd3_c": 0.0106523539, "gcald_c": 0.3764686646, "glyald_m": 0.0101053939, "thm_e": 0.0107409801, "c8crn_x": 0.058027086900000004, "pcollg5hlys_c": 0.08492465619999999, "srb_L_c": 0.0172763836, "5htrp_e": 0.0115176317, "pmtcrn_m": 0.0038203681, "CE2537_c": 0.2030010715, "cyst_L_m": 0.0231089754, "3mob_c": 0.0092654004, "ru5p_D_c": 0.0245648198, "cys_L_m": 0.0283552535, "2mcacn_c": 0.0081821088, "pro_D_l": 4.9051380376, "pser_L_c": 0.0088530413, "pac_m": 0.4095352737, "inost_r": 0.2525408199, "ttdca_e": 0.1210847825, "orn_m": 0.3858582258, "acrn_x": 0.0163678378, "ttdcea_c": 0.0148044134, "fru_e": 0.0096836996, "ura_c": 0.0364879595, "lac_D_c": 31.9614736346, "glyc_c": 0.6893161718999999, "ocdcea_r": 0.0189128769, "ttdcrn_c": 0.0099601054}