{"aact_m": 0.5189134286, "sphings_r": 0.0271834238, "val_L_e": 0.5700671653, "C10164_c": 0.0278728071, "HC02024_r": 0.19014127079999998, "fum_m": 0.014582409499999999, "hdcea_e": 0.0137760604, "adrnl_e": 0.0177494251, "cit_c": 1.5658860634, "4hpro_LT_r": 0.1315190503, "chol_m": 0.053137351799999996, "4h2oglt_c": 0.06275443559999999, "C06199_l": 0.4414664836, "trp_L_c": 0.801788026, "stcrn_m": 0.057843732800000006, "pyr_m": 1.2993544422, "carn_c": 0.202046645, "chsterol_n": 1.9386162772, "lys_L_m": 0.8795265992, "g6p_r": 0.0503573735, "arg_L_e": 0.0648649063, "acgam_l": 0.0063821928, "c4crn_m": 0.04316408309999999, "C01601_c": 0.0372432025, "hom_L_e": 0.0055089534, "hxan_e": 0.0157357127, "lnlccrn_m": 0.09430213119999999, "im4ac_c": 0.050829657400000006, "urate_e": 0.49651198590000006, "g3p_c": 0.0621911312, "hdd2crn_c": 0.023552499100000002, "glu_L_r": 0.1844375036, "nac_c": 0.1001977043, "asp_D_e": 0.047714308, "thrnt_c": 0.09166064210000001, "C01507_c": 0.0178125744, "12ppd_R_c": 0.8220833455, "5oxpro_e": 1.8954749847, "fuc_L_e": 0.014062288999999999, "arab_L_c": 0.0278033874, "vacccrn_m": 0.16442873730000002, "CE6205_c": 0.0116747259, "pram_c": 0.6369242649, "ipdp_c": 0.0046231792, "met_L_m": 0.3558036143, "ile_L_e": 0.0305944575, "hyptaur_c": 0.001562003, "rbt_e": 0.058056913099999996, "ocdca_c": 0.6586629547999999, "Lpipecol_x": 0.0444721198, "c10crn_e": 0.05697717980000001, "dhdascb_c": 0.0224529174, "gal_c": 0.0927436091, "phe_L_l": 1.0659722446, "urea_m": 25.394253637, "glx_m": 0.0688308062, "glc_D_c": 5.027094508899999, "gln_L_e": 0.5726499935, "glcur_c": 0.0146095228, "crn_e": 0.038119215899999996, "c6crn_x": 0.0148582791, "gua_e": 0.0225710317, "dchac_r": 0.1252821271, "4mop_c": 0.0691648472, "sarcs_m": 0.1810393576, "anth_e": 0.0172555767, "andrstndn_c": 0.0433187943, "1p2cbxl_x": 0.3307420983, "2coum_c": 0.0297882502, "thr_L_e": 1.3278549102, "bilirub_r": 0.24797167609999998, "5hoxindoa_c": 0.0135963472, "ddeccrn_m": 0.0350630771, "3mop_m": 0.1596888096, "xylt_e": 0.0128574658, "sphs1p_e": 0.0741611354, "gudac_c": 0.010599653999999998, "succ_r": 0.0194165589, "ala_D_c": 23.241889786399998, "prgstrn_e": 0.0123090821, "3hmp_m": 1.0081558161, "dmnoncrn_x": 0.006554275500000001, "oaa_x": 0.1019166701, "rib_D_c": 0.0853107586, "gly_m": 0.7337547352, "citr_L_m": 0.6699456493, "glyclt_x": 0.0200586374, "acnam_l": 0.015051039399999999, "creat_m": 0.5279874459, "tyr_L_l": 0.2299286689, "oxa_c": 176.4387416511, "Lcystin_c": 0.09295769720000001, "ivcrn_c": 0.013047718799999998, "dhap_x": 0.0269650199, "bz_r": 0.024362207099999998, "lneldc_e": 0.0682795682, "C02356_c": 0.6497395664, "pchol_hs_c": 0.0473375977, "asn_L_c": 0.13196701289999999, "6pgc_c": 0.027127727, "ser_L_x": 1.6467463699, "leu_L_m": 3.4276754220999996, "25hvitd3_c": 0.0313321736, "gcald_c": 0.6538864636999999, "glyald_m": 0.0095867938, "thm_e": 0.016774531000000002, "c8crn_x": 0.0282037996, "pcollg5hlys_c": 0.0977424607, "srb_L_c": 0.08435451109999999, "5htrp_e": 0.0024836915, "pmtcrn_m": 0.0064353796, "CE2537_c": 0.2185800077, "cyst_L_m": 0.07223864719999999, "3mob_c": 0.0119208276, "ru5p_D_c": 0.025588247999999997, "cys_L_m": 0.155051322, "2mcacn_c": 0.0116606174, "pro_D_l": 12.937068757, "pser_L_c": 0.010580588500000002, "pac_m": 0.47105382869999995, "inost_r": 0.5136201375, "ttdca_e": 0.0642489976, "orn_m": 0.6850196667, "acrn_x": 0.0125173573, "ttdcea_c": 0.0168560693, "fru_e": 1.1911965829, "ura_c": 0.0620837112, "lac_D_c": 65.8739826571, "glyc_c": 0.4113989593, "ocdcea_r": 0.0069769818, "ttdcrn_c": 0.0208315707}