{"aact_m": 0.5848489992, "sphings_r": 0.026318886200000002, "val_L_e": 0.589559518, "C10164_c": 0.054084676, "HC02024_r": 0.0837466767, "fum_m": 0.0291867264, "hdcea_e": 0.0062191966, "adrnl_e": 0.0064540142, "cit_c": 1.0767333416, "4hpro_LT_r": 0.1246537579, "chol_m": 0.0397651918, "4h2oglt_c": 0.0395700315, "C06199_l": 0.43729604590000004, "trp_L_c": 0.8234983123, "stcrn_m": 0.0560017644, "pyr_m": 1.0842340677, "carn_c": 0.2205066371, "chsterol_n": 1.0863018215, "lys_L_m": 0.6086299352000001, "g6p_r": 0.1112829198, "arg_L_e": 0.055628848499999994, "acgam_l": 0.0067982469, "c4crn_m": 0.0214106734, "C01601_c": 0.0247384594, "hom_L_e": 0.0039116463, "hxan_e": 0.0397026341, "lnlccrn_m": 0.0647286557, "im4ac_c": 0.0296494822, "urate_e": 0.2401498111, "g3p_c": 0.0629939073, "hdd2crn_c": 0.032134943199999995, "glu_L_r": 0.043878133799999997, "nac_c": 0.19485790739999997, "asp_D_e": 0.036492464599999996, "thrnt_c": 0.06460743599999999, "C01507_c": 0.0406843452, "12ppd_R_c": 0.5805021408, "5oxpro_e": 0.9645953326000001, "fuc_L_e": 0.0093477681, "arab_L_c": 0.0106648974, "vacccrn_m": 0.1217770934, "CE6205_c": 0.0223483963, "pram_c": 0.6912246431, "ipdp_c": 0.0051257632, "met_L_m": 0.2857905343, "ile_L_e": 0.0280604141, "hyptaur_c": 0.0126420592, "rbt_e": 0.0387584356, "ocdca_c": 0.20148893559999997, "Lpipecol_x": 0.035180571, "c10crn_e": 0.1956537957, "dhdascb_c": 0.0204527857, "gal_c": 0.0340810677, "phe_L_l": 0.7481184483, "urea_m": 19.463266935, "glx_m": 0.0730186741, "glc_D_c": 25.3616617512, "gln_L_e": 0.3769613414, "glcur_c": 0.006403654399999999, "crn_e": 0.092841165, "c6crn_x": 0.0120397951, "gua_e": 0.0205719135, "dchac_r": 0.1126584892, "4mop_c": 0.1080085359, "sarcs_m": 0.0593973457, "anth_e": 0.0100262045, "andrstndn_c": 0.014530030800000001, "1p2cbxl_x": 0.30568702649999996, "2coum_c": 0.0264470106, "thr_L_e": 0.9008088615000001, "bilirub_r": 0.1374405328, "5hoxindoa_c": 0.013126373600000001, "ddeccrn_m": 0.0640419471, "3mop_m": 0.1060946722, "xylt_e": 0.0067911421, "sphs1p_e": 0.0514373505, "gudac_c": 0.011954876299999998, "succ_r": 0.0247439095, "ala_D_c": 10.287376200599999, "prgstrn_e": 0.018804734099999998, "3hmp_m": 1.4240636012, "dmnoncrn_x": 0.0111416213, "oaa_x": 0.09899234189999999, "rib_D_c": 0.0532533866, "gly_m": 1.3676524975, "citr_L_m": 0.6967531779, "glyclt_x": 0.014439893300000001, "acnam_l": 0.010480839, "creat_m": 0.20835196179999999, "tyr_L_l": 0.1940615364, "oxa_c": 130.4478850861, "Lcystin_c": 0.05637211650000001, "ivcrn_c": 0.040301997, "dhap_x": 0.0240594977, "bz_r": 0.0237311844, "lneldc_e": 0.1527674665, "C02356_c": 0.38208614420000003, "pchol_hs_c": 0.0908533648, "asn_L_c": 0.16237090070000001, "6pgc_c": 0.0317632193, "ser_L_x": 1.7742872184, "leu_L_m": 4.3854310274, "25hvitd3_c": 0.0188312449, "gcald_c": 0.6382396392, "glyald_m": 0.0072067998, "thm_e": 0.0204911296, "c8crn_x": 0.0620137463, "pcollg5hlys_c": 0.07562706179999999, "srb_L_c": 0.029126854900000002, "5htrp_e": 0.0118734405, "pmtcrn_m": 0.0022982326, "CE2537_c": 0.1482856719, "cyst_L_m": 0.48992375520000003, "3mob_c": 0.0093233638, "ru5p_D_c": 0.0087738709, "cys_L_m": 0.07954440809999999, "2mcacn_c": 0.0098672479, "pro_D_l": 6.2370989877, "pser_L_c": 0.0093728559, "pac_m": 0.4831152116, "inost_r": 0.2905452648, "ttdca_e": 0.0200343775, "orn_m": 0.5044092935, "acrn_x": 0.0112821925, "ttdcea_c": 0.017449278000000002, "fru_e": 0.3586255685, "ura_c": 0.055931385300000004, "lac_D_c": 44.372241679700004, "glyc_c": 0.282290531, "ocdcea_r": 0.0011074936, "ttdcrn_c": 0.021971757999999997}