{"aact_m": 0.4010160593, "sphings_r": 0.034514919399999996, "val_L_e": 0.4118746267, "C10164_c": 0.058789932999999996, "HC02024_r": 0.0789716763, "fum_m": 0.0415012402, "hdcea_e": 0.0119654473, "adrnl_e": 0.0010497984, "cit_c": 0.7324170461, "4hpro_LT_r": 0.11315760359999999, "chol_m": 0.15406666130000002, "4h2oglt_c": 0.040334701, "C06199_l": 0.4628113318, "trp_L_c": 0.6031168402, "stcrn_m": 0.0796949296, "pyr_m": 3.3227039695999996, "carn_c": 0.2673292088, "chsterol_n": 1.4789484488999998, "lys_L_m": 0.5227576988, "g6p_r": 0.1379847714, "arg_L_e": 0.0576833879, "acgam_l": 0.0043925038, "c4crn_m": 0.0260862503, "C01601_c": 0.0200805093, "hom_L_e": 0.0388519372, "hxan_e": 0.0169113845, "lnlccrn_m": 0.0629077499, "im4ac_c": 0.013526778500000001, "urate_e": 0.159052273, "g3p_c": 0.0533712576, "hdd2crn_c": 0.0187397893, "glu_L_r": 0.048914300300000005, "nac_c": 0.7143867463, "asp_D_e": 0.0327384629, "thrnt_c": 0.030451770299999997, "C01507_c": 0.008528789200000001, "12ppd_R_c": 0.5171578971, "5oxpro_e": 1.1413779597, "fuc_L_e": 0.0113117201, "arab_L_c": 0.024809616200000002, "vacccrn_m": 0.128207996, "CE6205_c": 0.0289016678, "pram_c": 0.5336415923, "ipdp_c": 0.0043499794, "met_L_m": 0.30797148480000003, "ile_L_e": 0.0202011257, "hyptaur_c": 0.0097419965, "rbt_e": 0.0386957339, "ocdca_c": 0.3222870647, "Lpipecol_x": 0.1509947693, "c10crn_e": 0.0633449134, "dhdascb_c": 0.014315411799999999, "gal_c": 0.0437210254, "phe_L_l": 0.7632428981, "urea_m": 35.4784893163, "glx_m": 0.0348996445, "glc_D_c": 54.576268219700005, "gln_L_e": 0.38636850799999994, "glcur_c": 0.0047451445, "crn_e": 0.0883473569, "c6crn_x": 0.010826683500000002, "gua_e": 0.0242958907, "dchac_r": 0.115319416, "4mop_c": 0.059085334100000005, "sarcs_m": 0.0768619797, "anth_e": 0.0106023926, "andrstndn_c": 0.009486995600000001, "1p2cbxl_x": 0.23408603719999999, "2coum_c": 0.0231509003, "thr_L_e": 0.8361108271, "bilirub_r": 0.0469708912, "5hoxindoa_c": 0.0104776977, "ddeccrn_m": 0.0316983057, "3mop_m": 0.054089661399999996, "xylt_e": 0.0084614014, "sphs1p_e": 0.0340895218, "gudac_c": 0.010268086, "succ_r": 0.0225118516, "ala_D_c": 19.3835558619, "prgstrn_e": 0.0094221136, "3hmp_m": 1.2405973474, "dmnoncrn_x": 0.0036318267999999997, "oaa_x": 0.10843022810000001, "rib_D_c": 0.1008224054, "gly_m": 2.2021930362, "citr_L_m": 0.6824986115, "glyclt_x": 0.0108564502, "acnam_l": 0.0081383454, "creat_m": 0.22090596129999998, "tyr_L_l": 0.16803002390000002, "oxa_c": 148.1229712421, "Lcystin_c": 0.027282641, "ivcrn_c": 0.0314992109, "dhap_x": 0.022130614500000003, "bz_r": 0.025869192200000002, "lneldc_e": 0.050828091799999996, "C02356_c": 0.7195575598, "pchol_hs_c": 0.0871099617, "asn_L_c": 0.1278990192, "6pgc_c": 0.0331320356, "ser_L_x": 1.2648728631000001, "leu_L_m": 1.4523001784, "25hvitd3_c": 0.022588899300000003, "gcald_c": 0.6928271733, "glyald_m": 0.0111619025, "thm_e": 0.0063455418999999996, "c8crn_x": 0.0225068955, "pcollg5hlys_c": 0.091382006, "srb_L_c": 0.08102917330000001, "5htrp_e": 0.0086505771, "pmtcrn_m": 0.0063620981000000005, "CE2537_c": 0.2937263665, "cyst_L_m": 0.0281750775, "3mob_c": 0.0105462299, "ru5p_D_c": 0.011827311299999999, "cys_L_m": 0.0780504881, "2mcacn_c": 0.0084152859, "pro_D_l": 6.4609681123, "pser_L_c": 0.0098326163, "pac_m": 0.44176071270000006, "inost_r": 0.4764907844, "ttdca_e": 0.0487147065, "orn_m": 0.47673751259999997, "acrn_x": 0.013434102199999999, "ttdcea_c": 0.0097239107, "fru_e": 0.4893024243, "ura_c": 0.0376008175, "lac_D_c": 83.4431866102, "glyc_c": 0.22132739469999999, "ocdcea_r": 0.0045836721, "ttdcrn_c": 0.0161822271}