{"aact_m": 0.38646815560000003, "sphings_r": 0.034063150099999995, "val_L_e": 0.4219039954, "C10164_c": 0.0718870583, "HC02024_r": 0.06458913349999999, "fum_m": 0.0401617934, "hdcea_e": 0.0224881703, "adrnl_e": 0.0044325484, "cit_c": 0.6050496073, "4hpro_LT_r": 0.1225572675, "chol_m": 0.10982691130000001, "4h2oglt_c": 0.042776962, "C06199_l": 0.4036890291, "trp_L_c": 0.7242329041, "stcrn_m": 0.0422739623, "pyr_m": 1.0149979584, "carn_c": 0.1476116952, "chsterol_n": 0.9093723088, "lys_L_m": 1.5464796716999998, "g6p_r": 0.054612820599999994, "arg_L_e": 0.0456496801, "acgam_l": 0.005948685, "c4crn_m": 0.023072084, "C01601_c": 0.0237215983, "hom_L_e": 0.0023588393, "hxan_e": 0.0132490514, "lnlccrn_m": 0.0695633564, "im4ac_c": 0.029616585499999997, "urate_e": 0.3259759613, "g3p_c": 0.0951292199, "hdd2crn_c": 0.017310834, "glu_L_r": 0.0579124186, "nac_c": 0.1852570517, "asp_D_e": 0.042425354299999996, "thrnt_c": 0.022018541800000003, "C01507_c": 0.0136526727, "12ppd_R_c": 0.4978496553, "5oxpro_e": 1.154612426, "fuc_L_e": 0.0098498546, "arab_L_c": 0.009762536700000001, "vacccrn_m": 0.0955588976, "CE6205_c": 0.0229909848, "pram_c": 0.0, "ipdp_c": 0.004062795, "met_L_m": 0.43737463509999996, "ile_L_e": 0.033060378700000004, "hyptaur_c": 0.0087260637, "rbt_e": 0.0387403886, "ocdca_c": 0.3261842989, "Lpipecol_x": 0.060141712400000005, "c10crn_e": 0.060798512699999994, "dhdascb_c": 0.0153552084, "gal_c": 0.0610059562, "phe_L_l": 0.7675633511, "urea_m": 17.2991110051, "glx_m": 0.0360088669, "glc_D_c": 4.5964052598, "gln_L_e": 0.3670933497, "glcur_c": 0.0066850581, "crn_e": 0.0357972147, "c6crn_x": 0.0108227464, "gua_e": 0.029464298700000002, "dchac_r": 0.0952102161, "4mop_c": 0.08901373480000001, "sarcs_m": 0.07552335339999999, "anth_e": 0.0122242871, "andrstndn_c": 0.0240303459, "1p2cbxl_x": 0.2362711109, "2coum_c": 0.0378860393, "thr_L_e": 1.3507516463999998, "bilirub_r": 0.0357768075, "5hoxindoa_c": 0.0123668284, "ddeccrn_m": 0.0340229643, "3mop_m": 0.10067743800000001, "xylt_e": 0.006300914, "sphs1p_e": 0.0458479342, "gudac_c": 0.0106680643, "succ_r": 0.0310304541, "ala_D_c": 12.057909824300001, "prgstrn_e": 0.0119558519, "3hmp_m": 0.9245749403, "dmnoncrn_x": 0.0089660711, "oaa_x": 0.1063870831, "rib_D_c": 0.0476520932, "gly_m": 1.412876636, "citr_L_m": 0.6762695308, "glyclt_x": 0.0121504851, "acnam_l": 0.012347134499999999, "creat_m": 0.3302062349, "tyr_L_l": 0.2816584361, "oxa_c": 146.9132793334, "Lcystin_c": 0.0492636045, "ivcrn_c": 0.01893842, "dhap_x": 0.022336476600000002, "bz_r": 0.023116676, "lneldc_e": 0.0423472812, "C02356_c": 0.39119207659999994, "pchol_hs_c": 0.0776637782, "asn_L_c": 0.1304606265, "6pgc_c": 0.0359685942, "ser_L_x": 1.5541897881, "leu_L_m": 4.5968978464, "25hvitd3_c": 0.0215466809, "gcald_c": 0.5565452721999999, "glyald_m": 0.0066644503, "thm_e": 0.011876632199999999, "c8crn_x": 0.0224897965, "pcollg5hlys_c": 0.0773172886, "srb_L_c": 0.0108761444, "5htrp_e": 0.0137902907, "pmtcrn_m": 0.0079970489, "CE2537_c": 0.1396988176, "cyst_L_m": 0.1316006632, "3mob_c": 0.0093822214, "ru5p_D_c": 0.009721599000000001, "cys_L_m": 0.1082115603, "2mcacn_c": 0.0087755079, "pro_D_l": 9.6805999712, "pser_L_c": 0.0089047626, "pac_m": 0.4617576966, "inost_r": 0.2705674598, "ttdca_e": 0.0865217471, "orn_m": 0.7545436648999999, "acrn_x": 0.0116945618, "ttdcea_c": 0.0189236691, "fru_e": 0.0282596842, "ura_c": 0.0414593859, "lac_D_c": 28.772060092100002, "glyc_c": 0.2586133071, "ocdcea_r": 0.0022967822, "ttdcrn_c": 0.016009324199999998}