{"aact_m": 0.4039057514, "sphings_r": 0.0185090912, "val_L_e": 0.4018843757, "C10164_c": 0.07920785429999999, "HC02024_r": 0.0480251116, "fum_m": 0.0490309455, "hdcea_e": 0.22578124289999998, "adrnl_e": 0.0086001574, "cit_c": 0.9143137729, "4hpro_LT_r": 0.1026597731, "chol_m": 0.11538483050000001, "4h2oglt_c": 0.042279138099999995, "C06199_l": 0.3305119394, "trp_L_c": 0.5415997148, "stcrn_m": 0.0275384056, "pyr_m": 0.473049251, "carn_c": 0.1421718478, "chsterol_n": 0.9041215023, "lys_L_m": 0.8727395216, "g6p_r": 0.0716822094, "arg_L_e": 0.0664532992, "acgam_l": 0.0039156256, "c4crn_m": 0.0221368204, "C01601_c": 0.0207031878, "hom_L_e": 0.0021554228, "hxan_e": 0.0050052212, "lnlccrn_m": 0.0685543235, "im4ac_c": 0.0215374483, "urate_e": 1.2610468805, "g3p_c": 0.0397388004, "hdd2crn_c": 0.0449537429, "glu_L_r": 1.5710738166, "nac_c": 0.0777567921, "asp_D_e": 0.10276738460000001, "thrnt_c": 0.0737686186, "C01507_c": 0.0257588617, "12ppd_R_c": 0.6803739978, "5oxpro_e": 5.150551059200001, "fuc_L_e": 0.0073018263, "arab_L_c": 0.015329208799999999, "vacccrn_m": 0.151405187, "CE6205_c": 0.009295557900000001, "pram_c": 0.6087059658, "ipdp_c": 0.0036092108, "met_L_m": 0.22912127510000002, "ile_L_e": 0.136095899, "hyptaur_c": 0.000104565, "rbt_e": 0.0414524582, "ocdca_c": 2.09874148, "Lpipecol_x": 0.024854018999999998, "c10crn_e": 0.1204537159, "dhdascb_c": 0.015451029, "gal_c": 0.0167072073, "phe_L_l": 0.5711534711, "urea_m": 24.785810624299998, "glx_m": 0.0908163092, "glc_D_c": 31.9968111289, "gln_L_e": 0.1383974948, "glcur_c": 0.0136729666, "crn_e": 0.0582915906, "c6crn_x": 0.0272086888, "gua_e": 0.014634083700000002, "dchac_r": 0.0587298349, "4mop_c": 0.058741570599999994, "sarcs_m": 0.0870561308, "anth_e": 0.0161381324, "andrstndn_c": 0.0274566275, "1p2cbxl_x": 0.2811234151, "2coum_c": 0.0202831438, "thr_L_e": 1.0502495168000001, "bilirub_r": 0.007476786700000001, "5hoxindoa_c": 0.0093148008, "ddeccrn_m": 0.0779155213, "3mop_m": 0.052169090099999996, "xylt_e": 0.0085781369, "sphs1p_e": 0.0176098557, "gudac_c": 0.009670734200000001, "succ_r": 0.0816855046, "ala_D_c": 16.5131835565, "prgstrn_e": 0.0231667469, "3hmp_m": 13.663235671199999, "dmnoncrn_x": 0.010656656100000002, "oaa_x": 0.11096415289999999, "rib_D_c": 0.0492137212, "gly_m": 7.2905595398, "citr_L_m": 0.6698889168, "glyclt_x": 0.0018128308, "acnam_l": 0.0031330371, "creat_m": 0.2742400698, "tyr_L_l": 0.141731142, "oxa_c": 178.6117443866, "Lcystin_c": 0.03289711, "ivcrn_c": 0.0118675239, "dhap_x": 0.0205510996, "bz_r": 0.017200083600000002, "lneldc_e": 0.06871864309999999, "C02356_c": 0.4978953025, "pchol_hs_c": 0.1989580609, "asn_L_c": 0.0164470362, "6pgc_c": 0.0322587088, "ser_L_x": 1.6494216283, "leu_L_m": 3.1361533026, "25hvitd3_c": 0.0224120156, "gcald_c": 0.47690517409999994, "glyald_m": 0.0182075807, "thm_e": 0.0049781007, "c8crn_x": 0.04599233900000001, "pcollg5hlys_c": 0.0785373252, "srb_L_c": 0.0317238136, "5htrp_e": 0.0073998784, "pmtcrn_m": 0.0028635119, "CE2537_c": 0.15518897310000002, "cyst_L_m": 0.0638693835, "3mob_c": 0.014030118999999999, "ru5p_D_c": 0.0496776598, "cys_L_m": 0.030847652799999997, "2mcacn_c": 0.0080592864, "pro_D_l": 7.2892306472, "pser_L_c": 0.0081853867, "pac_m": 0.4061800379, "inost_r": 0.4710232158, "ttdca_e": 0.26742554539999996, "orn_m": 0.5756921845, "acrn_x": 0.011276950800000001, "ttdcea_c": 0.016327374, "fru_e": 0.039466019500000005, "ura_c": 0.0404580333, "lac_D_c": 60.1201440615, "glyc_c": 1.9414022004, "ocdcea_r": 0.0668067869, "ttdcrn_c": 0.0247522656}