{"aact_m": 0.6932496922, "sphings_r": 0.0324528971, "val_L_e": 0.426372034, "C10164_c": 0.0264634194, "HC02024_r": 0.1464897718, "fum_m": 0.014373646799999999, "hdcea_e": 0.10217642630000001, "adrnl_e": 0.0009405657000000001, "cit_c": 0.661083075, "4hpro_LT_r": 0.1398181761, "chol_m": 0.1384188254, "4h2oglt_c": 0.0433900935, "C06199_l": 0.2561841515, "trp_L_c": 0.4323694594, "stcrn_m": 0.0505640511, "pyr_m": 0.1416038621, "carn_c": 0.1383557347, "chsterol_n": 0.9530505686, "lys_L_m": 0.6523674858, "g6p_r": 0.0993696917, "arg_L_e": 0.043096608, "acgam_l": 0.0058209214, "c4crn_m": 0.0, "C01601_c": 0.0276869008, "hom_L_e": 0.0035692396000000003, "hxan_e": 0.0100742336, "lnlccrn_m": 0.0922756934, "im4ac_c": 0.011276075900000002, "urate_e": 0.2614852509, "g3p_c": 0.0773051825, "hdd2crn_c": 0.0430136533, "glu_L_r": 0.6583939249, "nac_c": 0.3613478746, "asp_D_e": 0.0920196771, "thrnt_c": 0.0658627032, "C01507_c": 0.0134010883, "12ppd_R_c": 0.5534225305, "5oxpro_e": 2.9671796925, "fuc_L_e": 0.0073193343999999995, "arab_L_c": 0.0105203202, "vacccrn_m": 0.21776574559999998, "CE6205_c": 0.0254960771, "pram_c": 0.6100353511, "ipdp_c": 0.0054173799, "met_L_m": 0.1566663302, "ile_L_e": 0.034138272000000004, "hyptaur_c": 0.0005170234, "rbt_e": 0.0266412331, "ocdca_c": 0.6552961939, "Lpipecol_x": 0.0156632127, "c10crn_e": 0.0915203708, "dhdascb_c": 0.013477365, "gal_c": 0.0155809354, "phe_L_l": 0.4311444038, "urea_m": 15.843709625699999, "glx_m": 0.0275715967, "glc_D_c": 1.9252393827, "gln_L_e": 0.2368293623, "glcur_c": 0.0056187398, "crn_e": 0.0661363199, "c6crn_x": 0.012857173700000002, "gua_e": 0.015036382, "dchac_r": 0.1311508009, "4mop_c": 0.0323406846, "sarcs_m": 0.0199690404, "anth_e": 0.0063959639, "andrstndn_c": 0.018118181, "1p2cbxl_x": 0.1978803461, "2coum_c": 0.0185120266, "thr_L_e": 0.750827417, "bilirub_r": 0.08512928289999999, "5hoxindoa_c": 0.013199991699999998, "ddeccrn_m": 0.060609201900000007, "3mop_m": 0.0372836363, "xylt_e": 0.0056611471, "sphs1p_e": 0.0481390362, "gudac_c": 0.0112954453, "succ_r": 0.0341633513, "ala_D_c": 8.8335470499, "prgstrn_e": 0.0129596474, "3hmp_m": 2.5324221343, "dmnoncrn_x": 0.00659308, "oaa_x": 0.107481795, "rib_D_c": 0.0390891696, "gly_m": 1.1160945591, "citr_L_m": 0.6793643526, "glyclt_x": 0.0080505088, "acnam_l": 0.0034050315000000004, "creat_m": 0.06340764110000001, "tyr_L_l": 0.1454095118, "oxa_c": 78.5651690774, "Lcystin_c": 0.0214671725, "ivcrn_c": 0.035245965899999995, "dhap_x": 0.0244260311, "bz_r": 0.0020705447, "lneldc_e": 0.1251444088, "C02356_c": 0.40243026299999995, "pchol_hs_c": 0.1912676058, "asn_L_c": 0.027387767099999998, "6pgc_c": 0.0320195635, "ser_L_x": 0.930561692, "leu_L_m": 1.5860272912, "25hvitd3_c": 0.0371906398, "gcald_c": 0.5443837326, "glyald_m": 0.0097457977, "thm_e": 0.0054768627000000005, "c8crn_x": 0.0319834528, "pcollg5hlys_c": 0.0809688428, "srb_L_c": 0.0106405601, "5htrp_e": 0.0064610408, "pmtcrn_m": 0.0174044591, "CE2537_c": 0.113523634, "cyst_L_m": 0.0671482878, "3mob_c": 0.0054596863, "ru5p_D_c": 0.028094757400000003, "cys_L_m": 0.0344594485, "2mcacn_c": 0.0105835345, "pro_D_l": 4.2352799966, "pser_L_c": 0.008988191999999999, "pac_m": 0.4590024586, "inost_r": 0.1558511373, "ttdca_e": 0.1540970543, "orn_m": 0.5787602222, "acrn_x": 0.011580844199999999, "ttdcea_c": 0.0076164416, "fru_e": 0.027763842799999997, "ura_c": 0.0359616128, "lac_D_c": 73.1422847249, "glyc_c": 0.6098740558, "ocdcea_r": 0.021588347400000003, "ttdcrn_c": 0.0290623502}