{"aact_m": 0.8013784191, "sphings_r": 0.0260798082, "val_L_e": 0.3230297469, "C10164_c": 0.0411089272, "HC02024_r": 0.0929368659, "fum_m": 0.0255621954, "hdcea_e": 0.0293789929, "adrnl_e": 0.0011116424, "cit_c": 0.4665311265, "4hpro_LT_r": 0.1235083179, "chol_m": 0.1434049503, "4h2oglt_c": 0.0326754472, "C06199_l": 0.34514090119999996, "trp_L_c": 0.7804072684000001, "stcrn_m": 0.0507240993, "pyr_m": 0.9001006958, "carn_c": 0.0997367668, "chsterol_n": 0.8296553293000001, "lys_L_m": 0.6674528705, "g6p_r": 0.0452253371, "arg_L_e": 0.037656060899999996, "acgam_l": 0.0045548781, "c4crn_m": 0.0252795152, "C01601_c": 0.0374739077, "hom_L_e": 0.005557075600000001, "hxan_e": 0.043825326399999996, "lnlccrn_m": 0.121921042, "im4ac_c": 0.0152620225, "urate_e": 0.12459401810000001, "g3p_c": 0.0422798588, "hdd2crn_c": 0.0258756263, "glu_L_r": 0.25918826359999997, "nac_c": 0.1668546465, "asp_D_e": 0.094101521, "thrnt_c": 0.0136257646, "C01507_c": 0.0024428089, "12ppd_R_c": 0.5460462144, "5oxpro_e": 1.5120190740000001, "fuc_L_e": 0.005517151800000001, "arab_L_c": 0.0096257778, "vacccrn_m": 0.1485263542, "CE6205_c": 0.012759992900000001, "pram_c": 0.6009684699, "ipdp_c": 0.0057300471999999995, "met_L_m": 0.1829526596, "ile_L_e": 0.0261426758, "hyptaur_c": 0.0030736223, "rbt_e": 0.0291014866, "ocdca_c": 0.44947264909999995, "Lpipecol_x": 0.059318143899999995, "c10crn_e": 0.058527607300000006, "dhdascb_c": 0.0117222711, "gal_c": 0.0167342094, "phe_L_l": 0.6423089243, "urea_m": 16.0624376034, "glx_m": 0.024195079900000003, "glc_D_c": 1.2394175459, "gln_L_e": 0.1953050455, "glcur_c": 0.0052408455, "crn_e": 0.1116272173, "c6crn_x": 0.009515229, "gua_e": 0.015860263899999998, "dchac_r": 0.098612567, "4mop_c": 0.0327102901, "sarcs_m": 0.06502385349999999, "anth_e": 0.0053605524, "andrstndn_c": 0.007752955400000001, "1p2cbxl_x": 0.189333213, "2coum_c": 0.027547933700000003, "thr_L_e": 0.6759310817, "bilirub_r": 0.031108287400000004, "5hoxindoa_c": 0.0105364373, "ddeccrn_m": 0.0278983209, "3mop_m": 0.1057726093, "xylt_e": 0.0068154153000000006, "sphs1p_e": 0.0671980705, "gudac_c": 0.009020663299999999, "succ_r": 0.0312217983, "ala_D_c": 7.3143530014, "prgstrn_e": 0.0098349503, "3hmp_m": 0.8084279146, "dmnoncrn_x": 0.0047623094, "oaa_x": 0.0819748736, "rib_D_c": 0.0293685589, "gly_m": 1.3483178587, "citr_L_m": 0.7162092483, "glyclt_x": 0.001983936, "acnam_l": 0.0046581910999999995, "creat_m": 0.1936756964, "tyr_L_l": 0.20840513510000003, "oxa_c": 71.3896964497, "Lcystin_c": 0.0427501495, "ivcrn_c": 0.0231375012, "dhap_x": 0.0203217346, "bz_r": 0.0221040269, "lneldc_e": 0.1246745124, "C02356_c": 0.3667055771, "pchol_hs_c": 0.1084281025, "asn_L_c": 0.0577277319, "6pgc_c": 0.022591963700000002, "ser_L_x": 1.0228645013, "leu_L_m": 1.9864437377000002, "25hvitd3_c": 0.026101335899999998, "gcald_c": 0.4560731305, "glyald_m": 0.0035185676, "thm_e": 0.007851990500000001, "c8crn_x": 0.021916549100000002, "pcollg5hlys_c": 0.06872367830000001, "srb_L_c": 0.0092660234, "5htrp_e": 0.0092682332, "pmtcrn_m": 0.0026326865999999997, "CE2537_c": 0.0881432696, "cyst_L_m": 0.0275817096, "3mob_c": 0.0059337805, "ru5p_D_c": 0.0139208573, "cys_L_m": 0.0705411163, "2mcacn_c": 0.009008133100000001, "pro_D_l": 4.0769986926, "pser_L_c": 0.0080635389, "pac_m": 0.3839466999, "inost_r": 0.1590406643, "ttdca_e": 0.0544795463, "orn_m": 0.6785435965000001, "acrn_x": 0.0136616619, "ttdcea_c": 0.007383053299999999, "fru_e": 0.179496433, "ura_c": 0.027988602799999998, "lac_D_c": 105.86351331659999, "glyc_c": 0.2796115099, "ocdcea_r": 0.0054481435, "ttdcrn_c": 0.0171828082}