{"aact_m": 0.5018386856, "sphings_r": 0.0300250058, "val_L_e": 0.628816085, "C10164_c": 0.0645873317, "HC02024_r": 0.089350267, "fum_m": 0.0396072854, "hdcea_e": 0.008975287700000001, "adrnl_e": 0.0005532999, "cit_c": 0.9756762021, "4hpro_LT_r": 0.1153628096, "chol_m": 0.0956124651, "4h2oglt_c": 0.0364306382, "C06199_l": 0.49749955, "trp_L_c": 1.0070877451, "stcrn_m": 0.0498308358, "pyr_m": 0.9460024103, "carn_c": 0.1666113021, "chsterol_n": 1.8406360436000002, "lys_L_m": 1.6164131766999998, "g6p_r": 0.09585075609999999, "arg_L_e": 0.07721713320000001, "acgam_l": 0.006366259399999999, "c4crn_m": 0.060523873, "C01601_c": 0.028494825, "hom_L_e": 0.0050849002, "hxan_e": 0.017840484, "lnlccrn_m": 0.052217899000000005, "im4ac_c": 0.036937042, "urate_e": 0.2444613731, "g3p_c": 0.055410254400000004, "hdd2crn_c": 0.0135687136, "glu_L_r": 0.0764030854, "nac_c": 0.2366937058, "asp_D_e": 0.0474000292, "thrnt_c": 0.051357640999999996, "C01507_c": 0.0157507357, "12ppd_R_c": 0.6227616793999999, "5oxpro_e": 1.1208248616, "fuc_L_e": 0.0076550978, "arab_L_c": 0.008654379, "vacccrn_m": 0.09645746179999999, "CE6205_c": 0.0156284992, "pram_c": 0.7933919354000001, "ipdp_c": 0.0049767512, "met_L_m": 0.37477714450000005, "ile_L_e": 0.016241793799999998, "hyptaur_c": 0.0149133016, "rbt_e": 0.0412475569, "ocdca_c": 0.3404551615, "Lpipecol_x": 0.057057196100000006, "c10crn_e": 0.0342630899, "dhdascb_c": 0.016449853700000003, "gal_c": 0.028966358199999997, "phe_L_l": 0.9077684677, "urea_m": 32.488576535300005, "glx_m": 0.0760196709, "glc_D_c": 29.4758575083, "gln_L_e": 0.4203872927, "glcur_c": 0.005570063399999999, "crn_e": 0.0434246573, "c6crn_x": 0.0107439125, "gua_e": 0.0249023809, "dchac_r": 0.11173740060000001, "4mop_c": 0.0975759752, "sarcs_m": 0.1490347973, "anth_e": 0.007175426899999999, "andrstndn_c": 0.0066846673, "1p2cbxl_x": 0.22751587239999999, "2coum_c": 0.0260344806, "thr_L_e": 1.1256521070999999, "bilirub_r": 0.0193554344, "5hoxindoa_c": 0.0107465898, "ddeccrn_m": 0.0181417345, "3mop_m": 0.0705317431, "xylt_e": 0.0091561, "sphs1p_e": 0.0383001459, "gudac_c": 0.0097500227, "succ_r": 0.0339523725, "ala_D_c": 15.135573461199998, "prgstrn_e": 0.0057997325, "3hmp_m": 1.1764402845, "dmnoncrn_x": 0.003775845, "oaa_x": 0.09309635699999999, "rib_D_c": 0.044092102800000005, "gly_m": 2.0128823012, "citr_L_m": 0.63137079, "glyclt_x": 0.0018913193, "acnam_l": 0.0190189787, "creat_m": 0.2622029873, "tyr_L_l": 0.1956828768, "oxa_c": 91.24025940709998, "Lcystin_c": 0.0771890142, "ivcrn_c": 0.025122222000000003, "dhap_x": 0.022718959900000002, "bz_r": 0.0235865631, "lneldc_e": 0.0903335634, "C02356_c": 0.3544515451, "pchol_hs_c": 0.0669051169, "asn_L_c": 0.1579794131, "6pgc_c": 0.0291227952, "ser_L_x": 1.707385914, "leu_L_m": 4.7801063088, "25hvitd3_c": 0.018718105500000002, "gcald_c": 0.6505041811, "glyald_m": 0.008604231, "thm_e": 0.0097719955, "c8crn_x": 0.0131148294, "pcollg5hlys_c": 0.0797561497, "srb_L_c": 0.0180535342, "5htrp_e": 0.0191351459, "pmtcrn_m": 0.0024859464000000003, "CE2537_c": 0.11469519449999999, "cyst_L_m": 0.0428562168, "3mob_c": 0.0117256493, "ru5p_D_c": 0.011368928899999999, "cys_L_m": 0.1300035779, "2mcacn_c": 0.0089872665, "pro_D_l": 8.7686987166, "pser_L_c": 0.0093357461, "pac_m": 0.4255413807, "inost_r": 0.2806687234, "ttdca_e": 0.0377368114, "orn_m": 0.9579175078, "acrn_x": 0.0103592423, "ttdcea_c": 0.0215426158, "fru_e": 0.3238484292, "ura_c": 0.045352959299999995, "lac_D_c": 53.9383114765, "glyc_c": 0.3367542361, "ocdcea_r": 0.1355627383, "ttdcrn_c": 0.012203248600000001}