{"aact_m": 0.5829684513000001, "sphings_r": 0.0385137977, "val_L_e": 0.4344125665, "C10164_c": 0.06337106769999999, "HC02024_r": 0.0580151925, "fum_m": 0.034831665299999995, "hdcea_e": 0.012705194199999999, "adrnl_e": 0.0007770547, "cit_c": 0.6725707454000001, "4hpro_LT_r": 0.11297599230000001, "chol_m": 0.0699649011, "4h2oglt_c": 0.0394827021, "C06199_l": 0.5474685390999999, "trp_L_c": 0.8318639349, "stcrn_m": 0.0866933008, "pyr_m": 0.9800230595, "carn_c": 0.1108134953, "chsterol_n": 1.1304857104000001, "lys_L_m": 1.3574881644, "g6p_r": 0.0476547168, "arg_L_e": 0.08788032900000001, "acgam_l": 0.0054665953, "c4crn_m": 0.0363770104, "C01601_c": 0.023691626299999997, "hom_L_e": 0.0087545929, "hxan_e": 0.0225906402, "lnlccrn_m": 0.2854262832, "im4ac_c": 0.0132302705, "urate_e": 0.2880401242, "g3p_c": 0.063715702, "hdd2crn_c": 0.0336748756, "glu_L_r": 0.3702589604, "nac_c": 0.5176844634000001, "asp_D_e": 0.0705481893, "thrnt_c": 0.0942508195, "C01507_c": 0.0275570994, "12ppd_R_c": 0.5489908701, "5oxpro_e": 1.8597583643, "fuc_L_e": 0.0082423866, "arab_L_c": 0.0137112033, "vacccrn_m": 0.21914085960000002, "CE6205_c": 0.030955619, "pram_c": 0.0, "ipdp_c": 0.0041121907, "met_L_m": 0.35298884560000005, "ile_L_e": 0.020606118899999998, "hyptaur_c": 0.0157333149, "rbt_e": 0.7792898658, "ocdca_c": 0.2989285561, "Lpipecol_x": 0.0475722744, "c10crn_e": 0.0533187868, "dhdascb_c": 0.0113481291, "gal_c": 0.0281590979, "phe_L_l": 0.862217199, "urea_m": 21.849613044699996, "glx_m": 0.0372193262, "glc_D_c": 11.709702583099999, "gln_L_e": 0.2607902854, "glcur_c": 0.0079348903, "crn_e": 0.025997655499999998, "c6crn_x": 0.011330156499999999, "gua_e": 0.0296900577, "dchac_r": 0.07894047259999999, "4mop_c": 0.049969821399999996, "sarcs_m": 0.1584164242, "anth_e": 0.0130084951, "andrstndn_c": 0.031115047799999997, "1p2cbxl_x": 0.20288465690000002, "2coum_c": 0.0443579535, "thr_L_e": 1.0455703733, "bilirub_r": 0.20799442850000002, "5hoxindoa_c": 0.0131486965, "ddeccrn_m": 0.033331287599999995, "3mop_m": 0.047363869, "xylt_e": 0.0055917076, "sphs1p_e": 0.08460778769999999, "gudac_c": 0.0125430592, "succ_r": 0.0240667037, "ala_D_c": 9.8503148212, "prgstrn_e": 0.0137771228, "3hmp_m": 0.6514476370000001, "dmnoncrn_x": 0.0025315451, "oaa_x": 0.09224695779999999, "rib_D_c": 0.0382965858, "gly_m": 2.2521094709000002, "citr_L_m": 0.6786960865999999, "glyclt_x": 0.0118853173, "acnam_l": 0.0100128995, "creat_m": 0.1281247123, "tyr_L_l": 0.3353777939, "oxa_c": 148.3240212859, "Lcystin_c": 0.0811118814, "ivcrn_c": 0.0269597504, "dhap_x": 0.0233074358, "bz_r": 0.026877110699999998, "lneldc_e": 0.049962962400000005, "C02356_c": 0.3502276771, "pchol_hs_c": 0.0714520904, "asn_L_c": 0.1279929571, "6pgc_c": 0.033616106800000004, "ser_L_x": 1.6031345341, "leu_L_m": 4.7365022153, "25hvitd3_c": 0.0311582365, "gcald_c": 0.5474254241, "glyald_m": 0.0086218703, "thm_e": 0.0066481515, "c8crn_x": 0.0214097825, "pcollg5hlys_c": 0.0741956355, "srb_L_c": 0.016391550300000002, "5htrp_e": 0.011113323100000001, "pmtcrn_m": 0.005095232, "CE2537_c": 0.11255296470000001, "cyst_L_m": 0.031632203500000004, "3mob_c": 0.009146610500000001, "ru5p_D_c": 0.011006562099999999, "cys_L_m": 0.1262621509, "2mcacn_c": 0.0084720302, "pro_D_l": 6.9482756426, "pser_L_c": 0.0088680054, "pac_m": 0.49460545219999996, "inost_r": 0.5266125594, "ttdca_e": 0.060635462800000005, "orn_m": 1.6384688012000002, "acrn_x": 0.008131201800000001, "ttdcea_c": 0.0090463578, "fru_e": 0.059225228, "ura_c": 0.0329119888, "lac_D_c": 57.5646999241, "glyc_c": 0.2884631478, "ocdcea_r": 0.0029691934000000003, "ttdcrn_c": 0.0242447352}