{"aact_m": 0.6917602782, "sphings_r": 0.0378613558, "val_L_e": 0.6835794966, "C10164_c": 0.0890365561, "HC02024_r": 0.0968489174, "fum_m": 0.058238984400000006, "hdcea_e": 0.0831037088, "adrnl_e": 0.0062522791, "cit_c": 0.590386083, "4hpro_LT_r": 0.1060586907, "chol_m": 0.1023333934, "4h2oglt_c": 0.0332818629, "C06199_l": 0.3019572559, "trp_L_c": 0.6170091571, "stcrn_m": 0.040012347999999996, "pyr_m": 1.321995568, "carn_c": 0.2350493161, "chsterol_n": 0.6953894501000001, "lys_L_m": 0.7088669506999999, "g6p_r": 0.1010801477, "arg_L_e": 0.0646524945, "acgam_l": 0.0058297605, "c4crn_m": 0.0283473115, "C01601_c": 0.0219891764, "hom_L_e": 0.0153544744, "hxan_e": 0.1139856442, "lnlccrn_m": 0.0410057215, "im4ac_c": 0.3015516576, "urate_e": 0.7417272378, "g3p_c": 0.0509068039, "hdd2crn_c": 0.010504604399999999, "glu_L_r": 0.5709447295000001, "nac_c": 0.249698375, "asp_D_e": 0.1021686927, "thrnt_c": 0.0298043917, "C01507_c": 0.009246316800000001, "12ppd_R_c": 0.8509976001, "5oxpro_e": 2.343162123, "fuc_L_e": 0.0125408524, "arab_L_c": 0.0143022225, "vacccrn_m": 0.0853712267, "CE6205_c": 0.0123960668, "pram_c": 0.5303460259, "ipdp_c": 0.0046335389, "met_L_m": 0.1487959742, "ile_L_e": 0.0580916417, "hyptaur_c": 0.0036847534000000004, "rbt_e": 0.0618772125, "ocdca_c": 0.5787389886, "Lpipecol_x": 0.048186933499999994, "c10crn_e": 0.029021752, "dhdascb_c": 0.0138398064, "gal_c": 0.0456834296, "phe_L_l": 0.584596644, "urea_m": 28.8891227394, "glx_m": 0.056269260999999994, "glc_D_c": 68.0488651988, "gln_L_e": 0.2227077285, "glcur_c": 0.0169429152, "crn_e": 0.1081096652, "c6crn_x": 0.0073663216000000005, "gua_e": 0.012549506799999999, "dchac_r": 0.10918622300000001, "4mop_c": 0.07281002639999999, "sarcs_m": 0.0981015471, "anth_e": 0.0110591477, "andrstndn_c": 0.013223886399999999, "1p2cbxl_x": 0.21327819829999997, "2coum_c": 0.0208753808, "thr_L_e": 0.6006140952000001, "bilirub_r": 0.0240745656, "5hoxindoa_c": 0.0069708196, "ddeccrn_m": 0.0196883955, "3mop_m": 0.042168883899999995, "xylt_e": 0.0115456448, "sphs1p_e": 0.0373598254, "gudac_c": 0.0068526359, "succ_r": 0.0427483776, "ala_D_c": 11.239587718, "prgstrn_e": 0.0069380898, "3hmp_m": 0.9663847335, "dmnoncrn_x": 0.0041497793, "oaa_x": 0.10171815210000001, "rib_D_c": 0.08438621550000001, "gly_m": 1.0410184659000001, "citr_L_m": 0.6553614838, "glyclt_x": 0.0028197431, "acnam_l": 0.0099862683, "creat_m": 0.17134787199999998, "tyr_L_l": 0.15156705939999998, "oxa_c": 145.3189777552, "Lcystin_c": 0.0417960726, "ivcrn_c": 0.021737551, "dhap_x": 0.0210042983, "bz_r": 0.0168771607, "lneldc_e": 0.0898569208, "C02356_c": 0.4501720668, "pchol_hs_c": 0.1528395143, "asn_L_c": 0.0563667112, "6pgc_c": 0.0243865226, "ser_L_x": 0.6883564865999999, "leu_L_m": 2.8364854695, "25hvitd3_c": 0.0185059374, "gcald_c": 0.499692012, "glyald_m": 0.018053323700000002, "thm_e": 0.0254823553, "c8crn_x": 0.0143065905, "pcollg5hlys_c": 0.051530976299999996, "srb_L_c": 0.0247689277, "5htrp_e": 0.0126617107, "pmtcrn_m": 0.0042378207000000005, "CE2537_c": 0.2575728552, "cyst_L_m": 0.0427639303, "3mob_c": 0.0161311981, "ru5p_D_c": 0.0357137679, "cys_L_m": 0.0576470759, "2mcacn_c": 0.008990265400000001, "pro_D_l": 5.3114291368, "pser_L_c": 0.0119967389, "pac_m": 0.39613557299999996, "inost_r": 0.3568223989, "ttdca_e": 0.130687706, "orn_m": 0.5749802556, "acrn_x": 0.015159939099999999, "ttdcea_c": 0.007620508000000001, "fru_e": 0.4041547245, "ura_c": 0.0305825971, "lac_D_c": 126.6038453334, "glyc_c": 0.8997970896999999, "ocdcea_r": 0.0114156578, "ttdcrn_c": 0.0093735588}