{"aact_m": 0.3197564914, "sphings_r": 0.0193070866, "val_L_e": 0.5406528948, "C10164_c": 0.07984942589999999, "HC02024_r": 0.0650698101, "fum_m": 0.0489578339, "hdcea_e": 0.0148505772, "adrnl_e": 0.0049327259000000005, "cit_c": 1.0948733881000001, "4hpro_LT_r": 0.10289114869999999, "chol_m": 0.0029161655, "4h2oglt_c": 0.0350514723, "C06199_l": 0.3368657485, "trp_L_c": 0.5670369397999999, "stcrn_m": 0.0556568257, "pyr_m": 0.953850493, "carn_c": 0.16499808970000002, "chsterol_n": 2.3576161919, "lys_L_m": 1.2301824023, "g6p_r": 0.049597539100000004, "arg_L_e": 0.0374878934, "acgam_l": 0.0063082262, "c4crn_m": 0.0425110117, "C01601_c": 0.0133416155, "hom_L_e": 0.0033771324, "hxan_e": 0.0149614938, "lnlccrn_m": 0.0752723785, "im4ac_c": 0.0201991444, "urate_e": 0.6136865638, "g3p_c": 0.030392975699999998, "hdd2crn_c": 0.0218143017, "glu_L_r": 0.0847148213, "nac_c": 0.35389103990000004, "asp_D_e": 0.047799118499999994, "thrnt_c": 0.0365684951, "C01507_c": 0.0203753854, "12ppd_R_c": 0.5352931975999999, "5oxpro_e": 1.2539310237, "fuc_L_e": 0.0073933704, "arab_L_c": 0.0059009542, "vacccrn_m": 0.1383617693, "CE6205_c": 0.0082555974, "pram_c": 0.5129837993, "ipdp_c": 0.0035449678000000003, "met_L_m": 0.2065074364, "ile_L_e": 0.0475070204, "hyptaur_c": 0.010210496500000001, "rbt_e": 0.0391531227, "ocdca_c": 0.3554987661, "Lpipecol_x": 0.0659573217, "c10crn_e": 0.13924902779999998, "dhdascb_c": 0.018060556499999998, "gal_c": 0.0222707629, "phe_L_l": 0.5652662089, "urea_m": 24.003049740599998, "glx_m": 0.0801029107, "glc_D_c": 42.5991821541, "gln_L_e": 0.33454641879999997, "glcur_c": 0.007958621899999999, "crn_e": 0.0348676457, "c6crn_x": 0.0154496151, "gua_e": 0.0148493071, "dchac_r": 0.0737875932, "4mop_c": 0.06508099070000001, "sarcs_m": 0.1365751294, "anth_e": 0.0064611239, "andrstndn_c": 0.0308570156, "1p2cbxl_x": 0.27697216339999997, "2coum_c": 0.018630553, "thr_L_e": 0.7288849315000001, "bilirub_r": 0.056207356900000005, "5hoxindoa_c": 0.0098759377, "ddeccrn_m": 0.0433163008, "3mop_m": 0.0346305259, "xylt_e": 0.005762230500000001, "sphs1p_e": 0.0361736293, "gudac_c": 0.010080654, "succ_r": 0.0330901025, "ala_D_c": 13.025333645999998, "prgstrn_e": 0.0233284931, "3hmp_m": 0.5654425640999999, "dmnoncrn_x": 0.011743095600000001, "oaa_x": 0.1002743543, "rib_D_c": 0.049244230800000004, "gly_m": 3.1962795588, "citr_L_m": 0.690993745, "glyclt_x": 0.006131708299999999, "acnam_l": 0.016304456499999998, "creat_m": 0.27884166969999996, "tyr_L_l": 0.1309674325, "oxa_c": 90.35245843450001, "Lcystin_c": 0.0777546371, "ivcrn_c": 0.012022721399999999, "dhap_x": 0.024109605699999998, "bz_r": 0.019164922, "lneldc_e": 0.0256162129, "C02356_c": 0.6569275229, "pchol_hs_c": 0.0612124194, "asn_L_c": 0.1045917789, "6pgc_c": 0.026121124, "ser_L_x": 1.4405247539, "leu_L_m": 2.2465965184, "25hvitd3_c": 0.0201458351, "gcald_c": 0.5746394133, "glyald_m": 0.0107258977, "thm_e": 0.0032348837, "c8crn_x": 0.0446726691, "pcollg5hlys_c": 0.07606094969999999, "srb_L_c": 0.033038771099999996, "5htrp_e": 0.0215403128, "pmtcrn_m": 0.0045696472, "CE2537_c": 0.1548613592, "cyst_L_m": 0.1827333284, "3mob_c": 0.0085411953, "ru5p_D_c": 0.0097026004, "cys_L_m": 0.11888111259999999, "2mcacn_c": 0.0084098942, "pro_D_l": 6.0692018278, "pser_L_c": 0.0084197723, "pac_m": 0.40771245770000003, "inost_r": 0.4492937106, "ttdca_e": 0.0838583811, "orn_m": 0.8448182714, "acrn_x": 0.0099746702, "ttdcea_c": 0.0186253971, "fru_e": 0.20153069469999998, "ura_c": 0.0471883799, "lac_D_c": 34.8582434447, "glyc_c": 0.5078202135000001, "ocdcea_r": 0.0038538237, "ttdcrn_c": 0.017294058600000002}