{"aact_m": 0.3314251695, "sphings_r": 0.02838309, "val_L_e": 0.2336094237, "C10164_c": 0.059654371500000004, "HC02024_r": 0.057618937599999996, "fum_m": 0.038596524300000004, "hdcea_e": 0.0765734497, "adrnl_e": 0.0002478066, "cit_c": 0.6085185179, "4hpro_LT_r": 0.1151440965, "chol_m": 0.09208968699999999, "4h2oglt_c": 0.0371607265, "C06199_l": 0.453155769, "trp_L_c": 0.64962899, "stcrn_m": 0.1087697655, "pyr_m": 1.7890627147, "carn_c": 0.26529634960000004, "chsterol_n": 1.7343622935, "lys_L_m": 1.4432800338, "g6p_r": 0.055071873099999995, "arg_L_e": 0.029580535499999998, "acgam_l": 0.0053414369, "c4crn_m": 0.0294347741, "C01601_c": 0.029466891800000002, "hom_L_e": 0.0350964096, "hxan_e": 0.0362192267, "lnlccrn_m": 0.09990113689999999, "im4ac_c": 0.010387671800000001, "urate_e": 0.3598204611, "g3p_c": 0.0512440553, "hdd2crn_c": 0.0565462933, "glu_L_r": 0.2353232468, "nac_c": 0.293403156, "asp_D_e": 0.0508353111, "thrnt_c": 0.0320313306, "C01507_c": 0.0094742968, "12ppd_R_c": 0.4640780742, "5oxpro_e": 1.9334231768, "fuc_L_e": 0.0089383487, "arab_L_c": 0.0102317062, "vacccrn_m": 0.26768405230000003, "CE6205_c": 0.0131222316, "pram_c": 0.0, "ipdp_c": 0.0041736259, "met_L_m": 0.3362393525, "ile_L_e": 0.0337021925, "hyptaur_c": 0.0136021989, "rbt_e": 0.0320678493, "ocdca_c": 0.5975154799, "Lpipecol_x": 0.0605514568, "c10crn_e": 0.1283246498, "dhdascb_c": 0.0123913226, "gal_c": 0.0405406692, "phe_L_l": 0.7806572539, "urea_m": 21.026257788800002, "glx_m": 0.0324180036, "glc_D_c": 3.9041364474, "gln_L_e": 0.5251611347, "glcur_c": 0.007159393199999999, "crn_e": 0.0290682493, "c6crn_x": 0.0209807558, "gua_e": 0.0256958427, "dchac_r": 0.11077541839999999, "4mop_c": 0.09064583109999999, "sarcs_m": 0.057900005, "anth_e": 0.0061022892, "andrstndn_c": 0.013155827299999999, "1p2cbxl_x": 0.2204079734, "2coum_c": 0.0276545819, "thr_L_e": 0.9598878659000001, "bilirub_r": 0.030959006, "5hoxindoa_c": 0.011804593, "ddeccrn_m": 0.1021726525, "3mop_m": 0.0559866552, "xylt_e": 0.008087400600000001, "sphs1p_e": 0.049583134699999996, "gudac_c": 0.0111149712, "succ_r": 0.030431064700000003, "ala_D_c": 19.7572379639, "prgstrn_e": 0.013809293700000001, "3hmp_m": 2.4234740115999998, "dmnoncrn_x": 0.0078232949, "oaa_x": 0.1020004491, "rib_D_c": 0.08720592769999999, "gly_m": 1.7236152678999999, "citr_L_m": 0.7046964899, "glyclt_x": 0.0083976014, "acnam_l": 0.0104877994, "creat_m": 0.19824835670000002, "tyr_L_l": 0.20270582899999998, "oxa_c": 91.4389645342, "Lcystin_c": 0.0577263622, "ivcrn_c": 0.012194763, "dhap_x": 0.0237844954, "bz_r": 0.0239822928, "lneldc_e": 0.1527143584, "C02356_c": 1.1262932578, "pchol_hs_c": 0.055199768600000004, "asn_L_c": 0.1260828161, "6pgc_c": 0.0299578149, "ser_L_x": 1.2590722335, "leu_L_m": 2.3592851009, "25hvitd3_c": 0.0449184824, "gcald_c": 0.6195237299, "glyald_m": 0.0101052663, "thm_e": 0.0129050924, "c8crn_x": 0.0400924457, "pcollg5hlys_c": 0.12567267029999998, "srb_L_c": 0.021100188, "5htrp_e": 0.0112721947, "pmtcrn_m": 0.0093945735, "CE2537_c": 0.265494148, "cyst_L_m": 0.1818766386, "3mob_c": 0.0132161838, "ru5p_D_c": 0.0137155193, "cys_L_m": 0.1113129897, "2mcacn_c": 0.008496170400000001, "pro_D_l": 12.1214880627, "pser_L_c": 0.0090659926, "pac_m": 0.4351520164, "inost_r": 0.48978769520000004, "ttdca_e": 0.10981063699999999, "orn_m": 0.9087588801, "acrn_x": 0.0169743223, "ttdcea_c": 0.0175007466, "fru_e": 0.04499660690000001, "ura_c": 0.0323439515, "lac_D_c": 64.0765074122, "glyc_c": 0.4216132436, "ocdcea_r": 0.014921733999999999, "ttdcrn_c": 0.046904329}