{"aact_m": 0.9043877854000001, "sphings_r": 0.0287603309, "val_L_e": 0.5551042233, "C10164_c": 0.0565838705, "HC02024_r": 0.11841460359999999, "fum_m": 0.0351248651, "hdcea_e": 0.21423725030000002, "adrnl_e": 0.0014233872, "cit_c": 1.2935630634, "4hpro_LT_r": 0.1278846565, "chol_m": 0.13529021630000002, "4h2oglt_c": 0.047080891900000005, "C06199_l": 0.42779362530000004, "trp_L_c": 0.9254486018000001, "stcrn_m": 0.0757230061, "pyr_m": 0.2182937474, "carn_c": 0.1833371232, "chsterol_n": 1.9408309521, "lys_L_m": 1.6899139988, "g6p_r": 0.0938569758, "arg_L_e": 0.0591989849, "acgam_l": 0.0073270162, "c4crn_m": 0.012211351100000002, "C01601_c": 0.0408834357, "hom_L_e": 0.0059694907999999994, "hxan_e": 0.017509282, "lnlccrn_m": 0.1209388482, "im4ac_c": 0.023023746600000002, "urate_e": 0.667672306, "g3p_c": 0.0657364226, "hdd2crn_c": 0.0569804132, "glu_L_r": 1.5561956680000002, "nac_c": 0.0765816205, "asp_D_e": 0.20591781809999998, "thrnt_c": 0.1339439623, "C01507_c": 0.0093755629, "12ppd_R_c": 0.6074342265, "5oxpro_e": 6.2748834213, "fuc_L_e": 0.0103931518, "arab_L_c": 0.018807371899999998, "vacccrn_m": 0.2664914637, "CE6205_c": 0.037370648199999995, "pram_c": 0.7550862659, "ipdp_c": 0.0052893176, "met_L_m": 0.32000989760000004, "ile_L_e": 0.0700022562, "hyptaur_c": 0.00025941, "rbt_e": 0.0521168088, "ocdca_c": 1.2123454581, "Lpipecol_x": 0.030589542200000003, "c10crn_e": 0.1210017685, "dhdascb_c": 0.0189060461, "gal_c": 0.036638593399999995, "phe_L_l": 0.919738547, "urea_m": 47.8620320364, "glx_m": 0.033254601099999996, "glc_D_c": 32.9738681995, "gln_L_e": 0.2615538, "glcur_c": 0.011463433600000001, "crn_e": 0.0319182361, "c6crn_x": 0.016504646799999998, "gua_e": 0.0202261421, "dchac_r": 0.1055973376, "4mop_c": 0.0452425006, "sarcs_m": 0.0302037152, "anth_e": 0.0143109378, "andrstndn_c": 0.0235477602, "1p2cbxl_x": 0.2734483457, "2coum_c": 0.0285655719, "thr_L_e": 1.6191958830000002, "bilirub_r": 0.0371308162, "5hoxindoa_c": 0.0132161362, "ddeccrn_m": 0.0758822604, "3mop_m": 0.0610530241, "xylt_e": 0.0105332174, "sphs1p_e": 0.053074188200000004, "gudac_c": 0.011844513999999999, "succ_r": 0.0750965137, "ala_D_c": 17.5284445296, "prgstrn_e": 0.0173835775, "3hmp_m": 4.793353835, "dmnoncrn_x": 0.0097295076, "oaa_x": 0.1107352732, "rib_D_c": 0.073511625, "gly_m": 3.325655087, "citr_L_m": 0.65930107, "glyclt_x": 0.005155600000000001, "acnam_l": 0.0024347886, "creat_m": 0.14356195970000002, "tyr_L_l": 0.2030164752, "oxa_c": 156.848198979, "Lcystin_c": 0.04342578019999999, "ivcrn_c": 0.06651765330000001, "dhap_x": 0.023981798500000002, "bz_r": 0.0219915919, "lneldc_e": 0.2161017289, "C02356_c": 0.7566307741, "pchol_hs_c": 0.4862169425, "asn_L_c": 0.0641112568, "6pgc_c": 0.0370260682, "ser_L_x": 1.9239585201, "leu_L_m": 3.3732432828, "25hvitd3_c": 0.045168259800000006, "gcald_c": 0.6580395274, "glyald_m": 0.0026711807000000002, "thm_e": 0.0070434695999999995, "c8crn_x": 0.04451604519999999, "pcollg5hlys_c": 0.1041240266, "srb_L_c": 0.0212618963, "5htrp_e": 0.0115147378, "pmtcrn_m": 0.0057993304, "CE2537_c": 0.20206907989999998, "cyst_L_m": 0.11201030880000001, "3mob_c": 0.0055960446999999995, "ru5p_D_c": 0.060610900499999995, "cys_L_m": 0.07152538580000001, "2mcacn_c": 0.009893692800000001, "pro_D_l": 8.8139431701, "pser_L_c": 0.0098826793, "pac_m": 0.4776096528, "inost_r": 0.3291059382, "ttdca_e": 0.303747818, "orn_m": 1.2247400091, "acrn_x": 0.0090812523, "ttdcea_c": 0.013636343300000001, "fru_e": 0.0788340378, "ura_c": 0.0502612548, "lac_D_c": 132.6189665883, "glyc_c": 1.2236557823, "ocdcea_r": 0.049201792599999995, "ttdcrn_c": 0.0362304773}