{"aact_m": 0.5343828163000001, "sphings_r": 0.0225413438, "val_L_e": 0.36037442840000006, "C10164_c": 0.0726038108, "HC02024_r": 0.0626974717, "fum_m": 0.048969486900000005, "hdcea_e": 0.0849721495, "adrnl_e": 0.0068359859, "cit_c": 0.9527097656999999, "4hpro_LT_r": 0.10907021160000001, "chol_m": 0.0404711907, "4h2oglt_c": 0.0406467804, "C06199_l": 0.3348990264, "trp_L_c": 0.6980608748, "stcrn_m": 0.0522098487, "pyr_m": 1.1649734169, "carn_c": 0.4047958018, "chsterol_n": 1.3922170571999999, "lys_L_m": 1.5543709441, "g6p_r": 0.050489015199999994, "arg_L_e": 0.0280768644, "acgam_l": 0.0059110568999999995, "c4crn_m": 0.018982428500000002, "C01601_c": 0.0343319184, "hom_L_e": 0.0019407935, "hxan_e": 0.0332538838, "lnlccrn_m": 0.0940359421, "im4ac_c": 0.0081122355, "urate_e": 0.26761251989999996, "g3p_c": 0.041232535099999995, "hdd2crn_c": 0.0417575448, "glu_L_r": 0.3499237883, "nac_c": 0.1688001627, "asp_D_e": 0.056721958600000004, "thrnt_c": 0.0285573117, "C01507_c": 0.1061038665, "12ppd_R_c": 0.6188551898, "5oxpro_e": 1.8473134371000002, "fuc_L_e": 0.0197349359, "arab_L_c": 0.0125033247, "vacccrn_m": 0.2281913103, "CE6205_c": 0.0139082927, "pram_c": 0.0, "ipdp_c": 0.0041092953, "met_L_m": 0.19690964649999998, "ile_L_e": 0.0571561512, "hyptaur_c": 0.0083524445, "rbt_e": 0.0422182653, "ocdca_c": 0.8720833981999999, "Lpipecol_x": 0.0806602634, "c10crn_e": 0.0742202699, "dhdascb_c": 0.0155861985, "gal_c": 0.1540716402, "phe_L_l": 0.8130978940000001, "urea_m": 28.9920616141, "glx_m": 0.0330994606, "glc_D_c": 14.3857590554, "gln_L_e": 0.3653038692, "glcur_c": 0.0070394624, "crn_e": 0.0537753181, "c6crn_x": 0.013108923799999998, "gua_e": 0.0098664639, "dchac_r": 0.0942200703, "4mop_c": 0.061737464699999994, "sarcs_m": 0.1083113367, "anth_e": 0.0166651204, "andrstndn_c": 0.0238901533, "1p2cbxl_x": 0.1958974459, "2coum_c": 0.022807561, "thr_L_e": 0.6529570349, "bilirub_r": 0.0565738462, "5hoxindoa_c": 0.0109934501, "ddeccrn_m": 0.0486784542, "3mop_m": 0.1159278559, "xylt_e": 0.0112129673, "sphs1p_e": 0.06370085660000001, "gudac_c": 0.010716486899999999, "succ_r": 0.0323316314, "ala_D_c": 10.1295288999, "prgstrn_e": 0.010443956800000001, "3hmp_m": 5.730477432000001, "dmnoncrn_x": 0.006389207900000001, "oaa_x": 0.1024041166, "rib_D_c": 0.2233928972, "gly_m": 1.2994101914, "citr_L_m": 0.6684339825, "glyclt_x": 0.010556494599999999, "acnam_l": 0.0172348449, "creat_m": 0.6199674763, "tyr_L_l": 0.16246424939999998, "oxa_c": 194.0336907234, "Lcystin_c": 0.0957215635, "ivcrn_c": 0.0228380733, "dhap_x": 0.0213642664, "bz_r": 0.0188895364, "lneldc_e": 0.33460088260000004, "C02356_c": 0.9839968935, "pchol_hs_c": 0.0765085744, "asn_L_c": 0.0682597793, "6pgc_c": 0.0321832652, "ser_L_x": 1.4316681107, "leu_L_m": 3.7963993717, "25hvitd3_c": 0.0215468963, "gcald_c": 0.6519816674000001, "glyald_m": 0.0142836785, "thm_e": 0.0067288013, "c8crn_x": 0.0256454396, "pcollg5hlys_c": 0.080110072, "srb_L_c": 0.045717495700000006, "5htrp_e": 0.0128923666, "pmtcrn_m": 0.0017475106, "CE2537_c": 0.6876773475, "cyst_L_m": 0.0208568352, "3mob_c": 0.0130044998, "ru5p_D_c": 0.011949574099999999, "cys_L_m": 0.16523602380000002, "2mcacn_c": 0.0084439591, "pro_D_l": 7.2557926489, "pser_L_c": 0.0084229775, "pac_m": 0.4284083766, "inost_r": 0.35656223719999997, "ttdca_e": 0.1607066874, "orn_m": 1.5261678694999998, "acrn_x": 0.0115610151, "ttdcea_c": 0.016155203700000002, "fru_e": 0.11764131480000001, "ura_c": 0.0400551671, "lac_D_c": 43.7286969961, "glyc_c": 0.7357101008, "ocdcea_r": 0.035965786, "ttdcrn_c": 0.022834050499999998}