{"aact_m": 0.24828808370000002, "sphings_r": 0.0427925709, "val_L_e": 0.4081347064, "C10164_c": 0.0640551845, "HC02024_r": 0.0541607993, "fum_m": 0.039064048399999995, "hdcea_e": 0.014651856999999999, "adrnl_e": 0.0134150718, "cit_c": 1.0893861778, "4hpro_LT_r": 0.1153691776, "chol_m": 0.0372828288, "4h2oglt_c": 0.0341545063, "C06199_l": 0.4800871186, "trp_L_c": 0.7204544034, "stcrn_m": 0.0780003564, "pyr_m": 1.3505265665000001, "carn_c": 0.3010845772, "chsterol_n": 1.1814257152, "lys_L_m": 1.6021605612999998, "g6p_r": 0.06089299559999999, "arg_L_e": 0.0541994984, "acgam_l": 0.0050426864, "c4crn_m": 0.021572422999999997, "C01601_c": 0.0149072248, "hom_L_e": 0.0106265474, "hxan_e": 0.0147717625, "lnlccrn_m": 0.0745779688, "im4ac_c": 0.0189840587, "urate_e": 0.3315419527, "g3p_c": 0.0603678202, "hdd2crn_c": 0.0259266342, "glu_L_r": 0.199696121, "nac_c": 0.1037784227, "asp_D_e": 0.0631111417, "thrnt_c": 0.020415538799999997, "C01507_c": 0.0056170852, "12ppd_R_c": 0.5067968082, "5oxpro_e": 1.4314654102000002, "fuc_L_e": 0.0112000403, "arab_L_c": 0.0114374556, "vacccrn_m": 0.165124729, "CE6205_c": 0.0073016743999999995, "pram_c": 0.5432701577, "ipdp_c": 0.0054221024, "met_L_m": 0.3489842549, "ile_L_e": 0.0242228669, "hyptaur_c": 0.0119716874, "rbt_e": 0.0334744502, "ocdca_c": 0.620369787, "Lpipecol_x": 0.4329386042, "c10crn_e": 0.058974169900000005, "dhdascb_c": 0.023578752999999997, "gal_c": 0.05438750059999999, "phe_L_l": 0.8373411967000001, "urea_m": 26.524922180700003, "glx_m": 0.0509735642, "glc_D_c": 2.3702907458, "gln_L_e": 0.3955010996, "glcur_c": 0.008452856, "crn_e": 0.054928202999999995, "c6crn_x": 0.011681571299999999, "gua_e": 0.025859083799999998, "dchac_r": 0.1209267518, "4mop_c": 0.0640929479, "sarcs_m": 0.1437728527, "anth_e": 0.0100623161, "andrstndn_c": 0.0161394711, "1p2cbxl_x": 0.34057727270000004, "2coum_c": 0.0353936495, "thr_L_e": 1.1098915997, "bilirub_r": 0.048836957599999994, "5hoxindoa_c": 0.0084030661, "ddeccrn_m": 0.040552104, "3mop_m": 0.061215211500000005, "xylt_e": 0.011746356299999998, "sphs1p_e": 0.0538252738, "gudac_c": 0.0079598559, "succ_r": 0.028996502400000002, "ala_D_c": 16.7233528459, "prgstrn_e": 0.0124935867, "3hmp_m": 1.6153746079, "dmnoncrn_x": 0.0060160297, "oaa_x": 0.10075927900000001, "rib_D_c": 0.1296532925, "gly_m": 2.1616791800999997, "citr_L_m": 0.6957581020999999, "glyclt_x": 0.0051825396, "acnam_l": 0.0142664829, "creat_m": 0.4880550757, "tyr_L_l": 0.2559515862, "oxa_c": 134.819461235, "Lcystin_c": 0.08496503650000001, "ivcrn_c": 0.0089552988, "dhap_x": 0.0235997647, "bz_r": 0.025866912000000002, "lneldc_e": 0.0462378813, "C02356_c": 0.8004504539, "pchol_hs_c": 0.061527296100000003, "asn_L_c": 0.1140604559, "6pgc_c": 0.027542107200000002, "ser_L_x": 1.7211170555000002, "leu_L_m": 3.7000865115, "25hvitd3_c": 0.029780120499999996, "gcald_c": 0.6670174909000001, "glyald_m": 0.017361996, "thm_e": 0.0087623003, "c8crn_x": 0.0198318667, "pcollg5hlys_c": 0.0838846279, "srb_L_c": 0.026172579300000002, "5htrp_e": 0.012282440700000001, "pmtcrn_m": 0.0044229774, "CE2537_c": 0.38421883869999995, "cyst_L_m": 0.013522774, "3mob_c": 0.0092693414, "ru5p_D_c": 0.0075613586, "cys_L_m": 0.1068532616, "2mcacn_c": 0.0092527957, "pro_D_l": 10.1398354301, "pser_L_c": 0.0125740067, "pac_m": 0.436662547, "inost_r": 0.3025103205, "ttdca_e": 0.0634417696, "orn_m": 1.0590768603, "acrn_x": 0.011382386699999998, "ttdcea_c": 0.0192875337, "fru_e": 0.2477740809, "ura_c": 0.0625669909, "lac_D_c": 53.6316110097, "glyc_c": 0.3501845046, "ocdcea_r": 0.0042007853999999996, "ttdcrn_c": 0.0240853743}