{"aact_m": 0.5204513646, "sphings_r": 0.0263065848, "val_L_e": 0.6842307603, "C10164_c": 0.0322329058, "HC02024_r": 0.24036316989999998, "fum_m": 0.011393396799999999, "hdcea_e": 0.0060613759, "adrnl_e": 0.0022304228, "cit_c": 1.3959849178000001, "4hpro_LT_r": 0.1385848751, "chol_m": 0.045853478899999994, "4h2oglt_c": 0.0710611953, "C06199_l": 0.3672754426, "trp_L_c": 0.5941348868, "stcrn_m": 0.0290604915, "pyr_m": 0.6165400767, "carn_c": 0.1758323472, "chsterol_n": 1.6100227647, "lys_L_m": 0.3158450088, "g6p_r": 0.3861953733, "arg_L_e": 0.06540296, "acgam_l": 0.0042692946, "c4crn_m": 0.09038511140000001, "C01601_c": 0.0337512526, "hom_L_e": 0.0071142337, "hxan_e": 0.0137514378, "lnlccrn_m": 0.0321558012, "im4ac_c": 0.0163470457, "urate_e": 0.44445694979999995, "g3p_c": 0.1087078751, "hdd2crn_c": 0.0067244738, "glu_L_r": 0.061711374000000006, "nac_c": 0.1233376459, "asp_D_e": 0.022723006400000002, "thrnt_c": 0.1492178424, "C01507_c": 0.0524716025, "12ppd_R_c": 0.5536737709, "5oxpro_e": 1.3609689335, "fuc_L_e": 0.009785727900000001, "arab_L_c": 0.0637851481, "vacccrn_m": 0.08002903530000001, "CE6205_c": 0.0065336778, "pram_c": 0.7352274598, "ipdp_c": 0.004275049600000001, "met_L_m": 0.1423669851, "ile_L_e": 0.0165194368, "hyptaur_c": 0.0003533797, "rbt_e": 0.08110622719999999, "ocdca_c": 0.4984622524, "Lpipecol_x": 0.0303476388, "c10crn_e": 0.0159014016, "dhdascb_c": 0.0230300381, "gal_c": 0.0343073989, "phe_L_l": 0.6136065521, "urea_m": 29.761523453800002, "glx_m": 0.08590230730000001, "glc_D_c": 42.0786303441, "gln_L_e": 0.5183539299000001, "glcur_c": 0.0066618978, "crn_e": 0.0405130713, "c6crn_x": 0.006894753199999999, "gua_e": 0.012666436599999999, "dchac_r": 0.1309867338, "4mop_c": 0.0483933108, "sarcs_m": 0.0938342559, "anth_e": 0.0084614146, "andrstndn_c": 0.0031168526, "1p2cbxl_x": 0.3213383007, "2coum_c": 0.0292420546, "thr_L_e": 0.6152203968, "bilirub_r": 0.0865255592, "5hoxindoa_c": 0.0140995872, "ddeccrn_m": 0.0197030069, "3mop_m": 0.06742678790000001, "xylt_e": 0.009019366899999999, "sphs1p_e": 0.0759735746, "gudac_c": 0.011122606100000001, "succ_r": 0.0163687071, "ala_D_c": 12.585475947, "prgstrn_e": 0.0027635761, "3hmp_m": 0.8540914709, "dmnoncrn_x": 0.00975983, "oaa_x": 0.1019597302, "rib_D_c": 0.0582880946, "gly_m": 0.8138460531999999, "citr_L_m": 0.6873345114, "glyclt_x": 0.0373740102, "acnam_l": 0.011581464599999999, "creat_m": 0.1483643629, "tyr_L_l": 0.2285898476, "oxa_c": 102.7880534042, "Lcystin_c": 0.0412029648, "ivcrn_c": 0.01088559, "dhap_x": 0.0379780773, "bz_r": 0.021204325899999998, "lneldc_e": 1.6957409672, "C02356_c": 0.2666793416, "pchol_hs_c": 0.069126354, "asn_L_c": 0.09396175970000001, "6pgc_c": 0.032671287, "ser_L_x": 0.9302267909999999, "leu_L_m": 1.7651863541, "25hvitd3_c": 0.014153424099999999, "gcald_c": 0.7825223786, "glyald_m": 0.015595421200000001, "thm_e": 0.0051531005, "c8crn_x": 0.0081757573, "pcollg5hlys_c": 0.072389375, "srb_L_c": 0.16923068940000002, "5htrp_e": 0.001920064, "pmtcrn_m": 0.0048982267, "CE2537_c": 0.1250931368, "cyst_L_m": 0.0162315495, "3mob_c": 0.0095895159, "ru5p_D_c": 0.015557612299999999, "cys_L_m": 0.0730410657, "2mcacn_c": 0.0131335705, "pro_D_l": 8.8807684633, "pser_L_c": 0.0100750233, "pac_m": 0.48654345670000004, "inost_r": 0.3624947837, "ttdca_e": 0.08614319960000001, "orn_m": 0.31164009379999996, "acrn_x": 0.0087145599, "ttdcea_c": 0.0085575049, "fru_e": 0.5973731677, "ura_c": 0.06386402070000001, "lac_D_c": 54.1928609719, "glyc_c": 0.4310048242, "ocdcea_r": 0.0035922879, "ttdcrn_c": 0.0231557679}