{"aact_m": 0.3525108957, "sphings_r": 0.0186430527, "val_L_e": 0.5455869238000001, "C10164_c": 0.06568497940000001, "HC02024_r": 0.039977111, "fum_m": 0.0403245015, "hdcea_e": 0.0447469405, "adrnl_e": 0.0017841092000000002, "cit_c": 0.8086613968, "4hpro_LT_r": 0.1040095533, "chol_m": 0.0388733322, "4h2oglt_c": 0.0338210535, "C06199_l": 0.2660669623, "trp_L_c": 0.4510770013, "stcrn_m": 0.0247174343, "pyr_m": 0.6446726305, "carn_c": 0.1380968205, "chsterol_n": 0.9014345093, "lys_L_m": 0.6840174997, "g6p_r": 0.0882551731, "arg_L_e": 0.10255137560000001, "acgam_l": 0.0060054081999999995, "c4crn_m": 0.0268491047, "C01601_c": 0.0124755127, "hom_L_e": 0.0028056501000000003, "hxan_e": 0.014565690800000001, "lnlccrn_m": 0.0912029878, "im4ac_c": 0.0090909698, "urate_e": 0.2999929866, "g3p_c": 0.033108251, "hdd2crn_c": 0.0295264187, "glu_L_r": 0.12179165970000001, "nac_c": 0.30897490829999996, "asp_D_e": 0.0413663695, "thrnt_c": 0.051960065199999995, "C01507_c": 0.011048778899999999, "12ppd_R_c": 0.4725317844, "5oxpro_e": 1.1072790903, "fuc_L_e": 0.0077002882, "arab_L_c": 0.0103152878, "vacccrn_m": 0.1359662441, "CE6205_c": 0.0101946104, "pram_c": 0.6199307904, "ipdp_c": 0.0038542976000000002, "met_L_m": 0.1465545358, "ile_L_e": 0.023005339399999998, "hyptaur_c": 0.0096428091, "rbt_e": 0.0342761019, "ocdca_c": 0.3072872477, "Lpipecol_x": 0.1014614844, "c10crn_e": 0.1518955235, "dhdascb_c": 0.0168777339, "gal_c": 0.02430967, "phe_L_l": 0.4490393214, "urea_m": 16.0689702297, "glx_m": 0.0941403942, "glc_D_c": 21.0701042575, "gln_L_e": 0.3576586299, "glcur_c": 0.005983043100000001, "crn_e": 0.08093316610000001, "c6crn_x": 0.0198748598, "gua_e": 0.012606893300000001, "dchac_r": 0.06924995, "4mop_c": 0.0248598292, "sarcs_m": 0.11284304490000001, "anth_e": 0.007133412800000001, "andrstndn_c": 0.0127204266, "1p2cbxl_x": 0.3273763294, "2coum_c": 0.018020101599999998, "thr_L_e": 0.9867896892, "bilirub_r": 0.0840093883, "5hoxindoa_c": 0.0092610993, "ddeccrn_m": 0.0498928483, "3mop_m": 0.0329273245, "xylt_e": 0.0070190172999999995, "sphs1p_e": 0.0306117025, "gudac_c": 0.009744030899999999, "succ_r": 0.0274499092, "ala_D_c": 8.3856748812, "prgstrn_e": 0.025798577799999996, "3hmp_m": 3.3729057793, "dmnoncrn_x": 0.0084910125, "oaa_x": 0.0931220606, "rib_D_c": 0.0509909303, "gly_m": 3.4950268512, "citr_L_m": 0.7017418507, "glyclt_x": 0.0109265625, "acnam_l": 0.011066233200000001, "creat_m": 0.1561129349, "tyr_L_l": 0.1250012085, "oxa_c": 102.7843872386, "Lcystin_c": 0.07050611650000001, "ivcrn_c": 0.0139606507, "dhap_x": 0.0216150429, "bz_r": 0.017427591699999998, "lneldc_e": 0.024603840499999998, "C02356_c": 0.3107408565, "pchol_hs_c": 0.0416109726, "asn_L_c": 0.0873855988, "6pgc_c": 0.026397208399999997, "ser_L_x": 1.4019393754, "leu_L_m": 1.6833260201, "25hvitd3_c": 0.0130416215, "gcald_c": 0.5607876673, "glyald_m": 0.012168606200000001, "thm_e": 0.0101530642, "c8crn_x": 0.0479870213, "pcollg5hlys_c": 0.06632351730000001, "srb_L_c": 0.028271735, "5htrp_e": 0.0107851486, "pmtcrn_m": 0.0015495828, "CE2537_c": 0.1509500378, "cyst_L_m": 0.3216546816, "3mob_c": 0.0060393971, "ru5p_D_c": 0.006973593199999999, "cys_L_m": 0.0963399118, "2mcacn_c": 0.0080753585, "pro_D_l": 5.657364487200001, "pser_L_c": 0.0088222053, "pac_m": 0.4083567443, "inost_r": 0.3940784081, "ttdca_e": 0.08726772199999999, "orn_m": 0.7698389375, "acrn_x": 0.012961600000000002, "ttdcea_c": 0.0169120809, "fru_e": 0.028859274100000002, "ura_c": 0.0478625778, "lac_D_c": 35.578001903600004, "glyc_c": 0.3531605989, "ocdcea_r": 0.0097527442, "ttdcrn_c": 0.0163777195}