{"aact_m": 0.2480062977, "sphings_r": 0.0151359399, "val_L_e": 0.4125099749, "C10164_c": 0.06433224059999999, "HC02024_r": 0.0919581482, "fum_m": 0.0492638669, "hdcea_e": 0.011185714099999999, "adrnl_e": 0.026135070299999997, "cit_c": 0.8746942164, "4hpro_LT_r": 0.0988939072, "chol_m": 0.045345094100000004, "4h2oglt_c": 0.0343188827, "C06199_l": 0.4726130209, "trp_L_c": 1.0085877858, "stcrn_m": 0.0149812325, "pyr_m": 0.613943275, "carn_c": 0.13821590039999998, "chsterol_n": 0.8643854633, "lys_L_m": 1.8931455916, "g6p_r": 0.0440991984, "arg_L_e": 0.042273405599999994, "acgam_l": 0.0042881334000000005, "c4crn_m": 0.0161255785, "C01601_c": 0.0104932774, "hom_L_e": 0.0147992514, "hxan_e": 0.013345476799999999, "lnlccrn_m": 0.0455830525, "im4ac_c": 0.025467455099999998, "urate_e": 0.6240905170000001, "g3p_c": 0.0253772465, "hdd2crn_c": 0.006850106999999999, "glu_L_r": 0.9530235928, "nac_c": 0.1305936936, "asp_D_e": 0.2030017593, "thrnt_c": 0.0721653059, "C01507_c": 0.0116574086, "12ppd_R_c": 0.4409203367, "5oxpro_e": 2.4363320627, "fuc_L_e": 0.0102426936, "arab_L_c": 0.01508129, "vacccrn_m": 0.0443597242, "CE6205_c": 0.0106554996, "pram_c": 0.6031417305, "ipdp_c": 0.0034394467, "met_L_m": 0.40071734840000006, "ile_L_e": 0.0384742135, "hyptaur_c": 0.006965334100000001, "rbt_e": 0.0375242317, "ocdca_c": 0.3432947215, "Lpipecol_x": 0.0571524284, "c10crn_e": 0.0238540297, "dhdascb_c": 0.0145783149, "gal_c": 0.0433463917, "phe_L_l": 1.0086423458, "urea_m": 21.8115144106, "glx_m": 0.0357060658, "glc_D_c": 20.6710129131, "gln_L_e": 0.22001655469999998, "glcur_c": 0.0104610129, "crn_e": 0.0292113006, "c6crn_x": 0.005250161999999999, "gua_e": 0.025350234300000003, "dchac_r": 0.057051147999999996, "4mop_c": 0.0918466751, "sarcs_m": 0.0404814232, "anth_e": 0.0049870016, "andrstndn_c": 0.0162362527, "1p2cbxl_x": 0.32508837760000003, "2coum_c": 0.0339512479, "thr_L_e": 1.2305912593000001, "bilirub_r": 0.064235223, "5hoxindoa_c": 0.0088073161, "ddeccrn_m": 0.0175769976, "3mop_m": 0.0394949167, "xylt_e": 0.006326051899999999, "sphs1p_e": 0.0146654788, "gudac_c": 0.0088242266, "succ_r": 0.040376267599999995, "ala_D_c": 15.4558758006, "prgstrn_e": 0.0085919286, "3hmp_m": 0.772241805, "dmnoncrn_x": 0.0035537093, "oaa_x": 0.0978365542, "rib_D_c": 0.0570857446, "gly_m": 2.7051228417, "citr_L_m": 0.6543032964, "glyclt_x": 0.0040056456, "acnam_l": 0.0326112069, "creat_m": 0.33795101229999996, "tyr_L_l": 0.2359811939, "oxa_c": 77.5975751709, "Lcystin_c": 0.012439126200000001, "ivcrn_c": 0.0116504694, "dhap_x": 0.0216474627, "bz_r": 0.024965778199999997, "lneldc_e": 0.0210743882, "C02356_c": 0.5472512656, "pchol_hs_c": 0.200743665, "asn_L_c": 0.0455333784, "6pgc_c": 0.0267929597, "ser_L_x": 1.8893531128999999, "leu_L_m": 3.9977729851, "25hvitd3_c": 0.0092398294, "gcald_c": 0.5311068162, "glyald_m": 0.009590027099999999, "thm_e": 0.0067850752, "c8crn_x": 0.0111547186, "pcollg5hlys_c": 0.0732534849, "srb_L_c": 0.039875513599999995, "5htrp_e": 0.0189202646, "pmtcrn_m": 0.0049406419, "CE2537_c": 0.1508258287, "cyst_L_m": 0.0790279611, "3mob_c": 0.0100294975, "ru5p_D_c": 0.0200021205, "cys_L_m": 0.0882535602, "2mcacn_c": 0.0074839348, "pro_D_l": 6.9325393095, "pser_L_c": 0.008372586999999999, "pac_m": 0.3795962154, "inost_r": 0.3220254043, "ttdca_e": 0.0385015267, "orn_m": 0.7131124763, "acrn_x": 0.0099225771, "ttdcea_c": 0.0252130404, "fru_e": 0.8625377688, "ura_c": 0.040156459, "lac_D_c": 78.1473618395, "glyc_c": 0.262440524, "ocdcea_r": 0.0008214305, "ttdcrn_c": 0.0060096254}