{"aact_m": 0.4327443673, "sphings_r": 0.0200951381, "val_L_e": 0.22029504960000001, "C10164_c": 0.2462617239, "HC02024_r": 0.0828912957, "fum_m": 0.0636781253, "hdcea_e": 0.0911049463, "adrnl_e": 0.0016696675, "cit_c": 0.5296897332, "4hpro_LT_r": 0.0992823269, "chol_m": 0.05755890650000001, "4h2oglt_c": 0.037611777, "C06199_l": 0.35676795299999997, "trp_L_c": 0.4325622165, "stcrn_m": 0.0205493996, "pyr_m": 0.609601931, "carn_c": 0.1479764761, "chsterol_n": 1.3850037803, "lys_L_m": 0.5370142912, "g6p_r": 0.045986488, "arg_L_e": 0.0396753964, "acgam_l": 0.0069532075, "c4crn_m": 0.0214481082, "C01601_c": 0.0103031578, "hom_L_e": 0.0043527357, "hxan_e": 0.0635286356, "lnlccrn_m": 0.0425673857, "im4ac_c": 0.0160542304, "urate_e": 0.3079362342, "g3p_c": 0.0363647496, "hdd2crn_c": 0.0176543966, "glu_L_r": 0.0643656042, "nac_c": 0.1224817952, "asp_D_e": 0.0334804031, "thrnt_c": 0.048657433300000004, "C01507_c": 0.1620969989, "12ppd_R_c": 0.5118879473, "5oxpro_e": 0.9643893154000001, "fuc_L_e": 0.0085271238, "arab_L_c": 0.008850776999999999, "vacccrn_m": 0.09253741630000001, "CE6205_c": 0.0132671452, "pram_c": 0.6200635605, "ipdp_c": 0.0035030549, "met_L_m": 0.1283107044, "ile_L_e": 0.036676012, "hyptaur_c": 0.0059090901, "rbt_e": 0.0435804495, "ocdca_c": 0.7832814526, "Lpipecol_x": 0.1180121239, "c10crn_e": 0.0604005913, "dhdascb_c": 0.0124062245, "gal_c": 0.025458601299999998, "phe_L_l": 0.4761406558, "urea_m": 19.0048156416, "glx_m": 0.053052335199999995, "glc_D_c": 15.758317371199999, "gln_L_e": 0.3026230344, "glcur_c": 0.0082114852, "crn_e": 0.026404741000000002, "c6crn_x": 0.0079388506, "gua_e": 0.0116416382, "dchac_r": 0.0629039928, "4mop_c": 0.04366768769999999, "sarcs_m": 0.10877780449999999, "anth_e": 0.0063216905, "andrstndn_c": 0.0117768131, "1p2cbxl_x": 0.2801527568, "2coum_c": 0.0201314942, "thr_L_e": 0.5645836867, "bilirub_r": 0.0735451745, "5hoxindoa_c": 0.0096861469, "ddeccrn_m": 0.030704842000000003, "3mop_m": 0.0525258553, "xylt_e": 0.009181589300000001, "sphs1p_e": 0.0343343951, "gudac_c": 0.0100337272, "succ_r": 0.0877048666, "ala_D_c": 6.5980956351, "prgstrn_e": 0.0080256362, "3hmp_m": 2.3840347713, "dmnoncrn_x": 0.005576037, "oaa_x": 0.09598738529999999, "rib_D_c": 0.039610061099999996, "gly_m": 0.5917855559, "citr_L_m": 0.6826504063, "glyclt_x": 0.009839486, "acnam_l": 0.007215105, "creat_m": 0.1063044453, "tyr_L_l": 0.1423213719, "oxa_c": 90.6400013633, "Lcystin_c": 0.0197295448, "ivcrn_c": 0.016208339, "dhap_x": 0.021731404, "bz_r": 0.018531533200000002, "lneldc_e": 0.0225643884, "C02356_c": 0.3677756211, "pchol_hs_c": 0.0567497978, "asn_L_c": 0.0826403914, "6pgc_c": 0.030580644100000002, "ser_L_x": 0.7397764412000001, "leu_L_m": 2.0959187888999997, "25hvitd3_c": 0.013450856399999999, "gcald_c": 0.5407608294, "glyald_m": 0.0055682877000000006, "thm_e": 0.004692604, "c8crn_x": 0.0183451606, "pcollg5hlys_c": 0.0517070669, "srb_L_c": 0.0277245502, "5htrp_e": 0.0267033834, "pmtcrn_m": 0.0023466154, "CE2537_c": 0.11644685490000001, "cyst_L_m": 0.0414734227, "3mob_c": 0.0079047418, "ru5p_D_c": 0.0206602779, "cys_L_m": 0.0452624693, "2mcacn_c": 0.0082413921, "pro_D_l": 5.3446542626, "pser_L_c": 0.008233416700000001, "pac_m": 0.41233953729999995, "inost_r": 0.2093143523, "ttdca_e": 0.2054360702, "orn_m": 0.2816305757, "acrn_x": 0.0095692984, "ttdcea_c": 0.0090645989, "fru_e": 0.0327295248, "ura_c": 0.0331049523, "lac_D_c": 35.8556131771, "glyc_c": 0.5603223163000001, "ocdcea_r": 0.029403400099999998, "ttdcrn_c": 0.0125441136}