{"aact_m": 0.4665862071, "sphings_r": 0.034801417599999995, "val_L_e": 0.49459210189999997, "C10164_c": 0.0651794217, "HC02024_r": 0.08870256050000001, "fum_m": 0.040246640699999996, "hdcea_e": 0.012698387299999999, "adrnl_e": 0.0017063432999999998, "cit_c": 0.5954556177, "4hpro_LT_r": 0.1279493734, "chol_m": 0.14026254429999999, "4h2oglt_c": 0.0420875069, "C06199_l": 0.38860200920000004, "trp_L_c": 0.5719627701, "stcrn_m": 0.0498223225, "pyr_m": 0.7601481398000001, "carn_c": 0.1545013688, "chsterol_n": 0.9086408890000001, "lys_L_m": 0.7193107776000001, "g6p_r": 0.0865412375, "arg_L_e": 0.068077512, "acgam_l": 0.005264247099999999, "c4crn_m": 0.030392159, "C01601_c": 0.0261239758, "hom_L_e": 0.0033134862, "hxan_e": 0.0135179469, "lnlccrn_m": 0.1139998117, "im4ac_c": 0.012709168, "urate_e": 0.27325265460000003, "g3p_c": 0.0707124763, "hdd2crn_c": 0.0188639211, "glu_L_r": 0.057856604000000006, "nac_c": 0.21125141719999999, "asp_D_e": 0.030660160099999997, "thrnt_c": 0.0396036303, "C01507_c": 0.0396602595, "12ppd_R_c": 0.5106385114, "5oxpro_e": 0.9620073265000001, "fuc_L_e": 0.0093462478, "arab_L_c": 0.0155131617, "vacccrn_m": 0.1077352541, "CE6205_c": 0.019870916399999997, "pram_c": 0.0, "ipdp_c": 0.0044809884, "met_L_m": 0.2159558412, "ile_L_e": 0.0234808475, "hyptaur_c": 0.0079357627, "rbt_e": 0.0511930775, "ocdca_c": 0.3133355613, "Lpipecol_x": 0.0239348434, "c10crn_e": 0.1350686832, "dhdascb_c": 0.0164274607, "gal_c": 0.0440779058, "phe_L_l": 0.6867728806, "urea_m": 15.2147582804, "glx_m": 0.0409763904, "glc_D_c": 3.1425331773000003, "gln_L_e": 0.285832011, "glcur_c": 0.0036562115999999997, "crn_e": 0.09109571779999999, "c6crn_x": 0.0153472329, "gua_e": 0.0182317628, "dchac_r": 0.08926128800000001, "4mop_c": 0.0529032656, "sarcs_m": 0.09359663720000001, "anth_e": 0.011548658799999998, "andrstndn_c": 0.026458124399999998, "1p2cbxl_x": 0.2669077157, "2coum_c": 0.016871988100000002, "thr_L_e": 0.47363692770000004, "bilirub_r": 0.05184721230000001, "5hoxindoa_c": 0.012377200500000001, "ddeccrn_m": 0.042257654000000006, "3mop_m": 0.1334221007, "xylt_e": 0.0050652685, "sphs1p_e": 0.020648368, "gudac_c": 0.011994448700000002, "succ_r": 0.0255293082, "ala_D_c": 9.0168646217, "prgstrn_e": 0.030583450499999998, "3hmp_m": 0.6171594832, "dmnoncrn_x": 0.0084854345, "oaa_x": 0.1069317475, "rib_D_c": 0.047098275999999994, "gly_m": 1.0082854357, "citr_L_m": 0.7077321675, "glyclt_x": 0.013801801200000002, "acnam_l": 0.0113634109, "creat_m": 0.4215790791, "tyr_L_l": 0.1283330906, "oxa_c": 142.5300908832, "Lcystin_c": 0.046124104299999996, "ivcrn_c": 0.0196076905, "dhap_x": 0.023868935, "bz_r": 0.0253903998, "lneldc_e": 0.0451086245, "C02356_c": 0.4136311666, "pchol_hs_c": 0.0863697875, "asn_L_c": 0.0855014268, "6pgc_c": 0.0368419688, "ser_L_x": 1.1345381089, "leu_L_m": 2.1619075383, "25hvitd3_c": 0.0186452128, "gcald_c": 0.5903749756000001, "glyald_m": 0.0098286768, "thm_e": 0.0040071290999999995, "c8crn_x": 0.05120757150000001, "pcollg5hlys_c": 0.0759001703, "srb_L_c": 0.012851377800000001, "5htrp_e": 0.010504628600000001, "pmtcrn_m": 0.0038149713, "CE2537_c": 0.1416480583, "cyst_L_m": 0.0375466293, "3mob_c": 0.006590362099999999, "ru5p_D_c": 0.0075205676, "cys_L_m": 0.0968488324, "2mcacn_c": 0.00896073, "pro_D_l": 5.7036773233, "pser_L_c": 0.0100814947, "pac_m": 0.5143301503000001, "inost_r": 0.3471332948, "ttdca_e": 0.0438547843, "orn_m": 0.3523365981, "acrn_x": 0.0138988574, "ttdcea_c": 0.017184769, "fru_e": 0.08154267650000001, "ura_c": 0.042509831799999995, "lac_D_c": 39.350571560700004, "glyc_c": 0.4111176451, "ocdcea_r": 0.0046954836, "ttdcrn_c": 0.0127053265}