{"aact_m": 0.2463232433, "sphings_r": 0.038143218900000005, "val_L_e": 0.48888931909999994, "C10164_c": 0.0653654697, "HC02024_r": 0.0606519167, "fum_m": 0.039474393999999996, "hdcea_e": 0.0068590738, "adrnl_e": 0.0014441187, "cit_c": 0.7103554623999999, "4hpro_LT_r": 0.1216061534, "chol_m": 0.0818939982, "4h2oglt_c": 0.0335195611, "C06199_l": 0.2710737941, "trp_L_c": 0.644329037, "stcrn_m": 0.0409321978, "pyr_m": 1.2107375427, "carn_c": 0.1384642741, "chsterol_n": 2.2094393922999997, "lys_L_m": 0.7433670159, "g6p_r": 0.08590624320000001, "arg_L_e": 0.0821958943, "acgam_l": 0.0061497868, "c4crn_m": 0.0, "C01601_c": 0.0141470114, "hom_L_e": 0.0044583677, "hxan_e": 0.029563716400000002, "lnlccrn_m": 0.0881481033, "im4ac_c": 0.018699223, "urate_e": 0.3092384687, "g3p_c": 0.0409445067, "hdd2crn_c": 0.0120612958, "glu_L_r": 0.1912258771, "nac_c": 0.0390552637, "asp_D_e": 0.0555839213, "thrnt_c": 0.0859511108, "C01507_c": 0.0188127998, "12ppd_R_c": 0.4672353839, "5oxpro_e": 1.9450861336, "fuc_L_e": 0.0068908769, "arab_L_c": 0.0166713232, "vacccrn_m": 0.0936971072, "CE6205_c": 0.0062705399, "pram_c": 0.5306101831000001, "ipdp_c": 0.0046463828, "met_L_m": 0.1497095102, "ile_L_e": 0.027426992200000003, "hyptaur_c": 0.003208361, "rbt_e": 0.0408630897, "ocdca_c": 0.46793080600000003, "Lpipecol_x": 0.043061403, "c10crn_e": 0.0273948866, "dhdascb_c": 0.015004838400000001, "gal_c": 0.0191630634, "phe_L_l": 0.552952834, "urea_m": 28.324794664499997, "glx_m": 0.0967385952, "glc_D_c": 31.288660560700002, "gln_L_e": 0.28404193559999996, "glcur_c": 0.009735304200000001, "crn_e": 0.0460802874, "c6crn_x": 0.0064455852, "gua_e": 0.0120124224, "dchac_r": 0.07002942150000001, "4mop_c": 0.0277610133, "sarcs_m": 0.3234082638, "anth_e": 0.0088488865, "andrstndn_c": 0.0436088466, "1p2cbxl_x": 0.2553858738, "2coum_c": 0.0095910005, "thr_L_e": 0.5705727761, "bilirub_r": 0.0102341142, "5hoxindoa_c": 0.009426989399999999, "ddeccrn_m": 0.017621262, "3mop_m": 0.062410877999999996, "xylt_e": 0.0079459962, "sphs1p_e": 0.051994162000000003, "gudac_c": 0.0093564494, "succ_r": 0.028378576099999997, "ala_D_c": 10.2804947041, "prgstrn_e": 0.0103352218, "3hmp_m": 0.7760144990000001, "dmnoncrn_x": 0.0025012163000000002, "oaa_x": 0.089232495, "rib_D_c": 0.0505431056, "gly_m": 3.8252941281, "citr_L_m": 0.6575667479, "glyclt_x": 0.0098139926, "acnam_l": 0.0128608667, "creat_m": 0.4479906797, "tyr_L_l": 0.1304981315, "oxa_c": 138.9520261769, "Lcystin_c": 0.0724019543, "ivcrn_c": 0.0095628407, "dhap_x": 0.0240370225, "bz_r": 0.0024271545999999997, "lneldc_e": 0.0125338635, "C02356_c": 0.36109789259999997, "pchol_hs_c": 0.0639999044, "asn_L_c": 0.125319149, "6pgc_c": 0.0265931995, "ser_L_x": 1.3949306556, "leu_L_m": 1.7221106018, "25hvitd3_c": 0.0134194326, "gcald_c": 0.5114081802, "glyald_m": 0.020802386699999998, "thm_e": 0.015556749699999999, "c8crn_x": 0.013635833799999999, "pcollg5hlys_c": 0.060003429500000004, "srb_L_c": 0.031144265600000002, "5htrp_e": 0.0131354293, "pmtcrn_m": 0.0045554936, "CE2537_c": 0.1340297981, "cyst_L_m": 0.0628155521, "3mob_c": 0.0077116413, "ru5p_D_c": 0.0182078376, "cys_L_m": 0.1466680282, "2mcacn_c": 0.0093393044, "pro_D_l": 6.8498811624, "pser_L_c": 0.0111010134, "pac_m": 0.4743874684, "inost_r": 0.4560113827, "ttdca_e": 0.0361237663, "orn_m": 1.025723867, "acrn_x": 0.0101710824, "ttdcea_c": 0.020625564, "fru_e": 0.071059586, "ura_c": 0.0337106272, "lac_D_c": 44.508477989, "glyc_c": 0.2215208344, "ocdcea_r": 0.0026652027, "ttdcrn_c": 0.0089475034}