{"aact_m": 0.2840200361, "sphings_r": 0.0212046185, "val_L_e": 0.289079007, "C10164_c": 0.0612124591, "HC02024_r": 0.08782722609999999, "fum_m": 0.047877851299999996, "hdcea_e": 0.0334926439, "adrnl_e": 0.0015432482000000002, "cit_c": 0.6970845231, "4hpro_LT_r": 0.10067302480000001, "chol_m": 0.0702571679, "4h2oglt_c": 0.0445636342, "C06199_l": 0.4016320613, "trp_L_c": 0.5906713153, "stcrn_m": 0.051022827300000004, "pyr_m": 1.4018522587, "carn_c": 0.25214214079999997, "chsterol_n": 2.3825904378, "lys_L_m": 1.5645193928999999, "g6p_r": 0.0994032257, "arg_L_e": 0.0577193296, "acgam_l": 0.0037989201, "c4crn_m": 0.0299556392, "C01601_c": 0.0102009374, "hom_L_e": 0.0052790983999999996, "hxan_e": 0.0270769081, "lnlccrn_m": 0.0707506378, "im4ac_c": 0.009453194100000001, "urate_e": 0.462299387, "g3p_c": 0.053583957800000005, "hdd2crn_c": 0.018766153799999997, "glu_L_r": 0.1596296382, "nac_c": 0.18782422510000002, "asp_D_e": 0.0422398501, "thrnt_c": 0.040939390299999996, "C01507_c": 0.0088958736, "12ppd_R_c": 0.5050444704, "5oxpro_e": 1.0940818139, "fuc_L_e": 0.010407733399999999, "arab_L_c": 0.0080323297, "vacccrn_m": 0.11158554539999999, "CE6205_c": 0.0231804889, "pram_c": 0.4941638101, "ipdp_c": 0.0029997353000000004, "met_L_m": 0.22453347769999998, "ile_L_e": 0.034033743, "hyptaur_c": 0.009932206800000001, "rbt_e": 0.0455234975, "ocdca_c": 0.8707419115999999, "Lpipecol_x": 0.0499079776, "c10crn_e": 0.11261695740000001, "dhdascb_c": 0.014343638700000001, "gal_c": 0.0841573297, "phe_L_l": 0.7920533369, "urea_m": 14.172288786800001, "glx_m": 0.029822267200000002, "glc_D_c": 34.852960430799996, "gln_L_e": 0.3506759, "glcur_c": 0.0059107414, "crn_e": 0.019997605, "c6crn_x": 0.0149480103, "gua_e": 0.0162362048, "dchac_r": 0.0324280629, "4mop_c": 0.060811375099999995, "sarcs_m": 0.113292306, "anth_e": 0.0069255122, "andrstndn_c": 0.0116060377, "1p2cbxl_x": 0.2732277514, "2coum_c": 0.016618778100000002, "thr_L_e": 0.6849329896999999, "bilirub_r": 0.0876921083, "5hoxindoa_c": 0.010592458, "ddeccrn_m": 0.0442703013, "3mop_m": 0.0912664619, "xylt_e": 0.0058370207, "sphs1p_e": 0.0241578628, "gudac_c": 0.010912574599999999, "succ_r": 0.0398601173, "ala_D_c": 12.4084146691, "prgstrn_e": 0.0138140948, "3hmp_m": 1.7169867155, "dmnoncrn_x": 0.006347710699999999, "oaa_x": 0.1166473798, "rib_D_c": 0.1128407574, "gly_m": 1.3793762406, "citr_L_m": 0.6388833063, "glyclt_x": 0.012259095400000001, "acnam_l": 0.0164789612, "creat_m": 0.3606899478, "tyr_L_l": 0.11574691179999999, "oxa_c": 100.3236676254, "Lcystin_c": 0.050043733, "ivcrn_c": 0.0259311736, "dhap_x": 0.021969417400000003, "bz_r": 0.0219960898, "lneldc_e": 0.0172139311, "C02356_c": 0.6228925806000001, "pchol_hs_c": 0.09273944279999999, "asn_L_c": 0.0609389192, "6pgc_c": 0.038680749, "ser_L_x": 0.692889871, "leu_L_m": 2.6373342398, "25hvitd3_c": 0.020026516100000002, "gcald_c": 0.5831453305, "glyald_m": 0.005825453, "thm_e": 0.0108105912, "c8crn_x": 0.038782956699999996, "pcollg5hlys_c": 0.0781304475, "srb_L_c": 0.0222117675, "5htrp_e": 0.0169782166, "pmtcrn_m": 0.0032074711, "CE2537_c": 0.34150082909999996, "cyst_L_m": 0.0351673584, "3mob_c": 0.010647811299999999, "ru5p_D_c": 0.0130315869, "cys_L_m": 0.1430011611, "2mcacn_c": 0.007429228100000001, "pro_D_l": 8.763474461900001, "pser_L_c": 0.0086354274, "pac_m": 0.4600995081, "inost_r": 0.554382175, "ttdca_e": 0.1250482875, "orn_m": 0.6495140193, "acrn_x": 0.010529684099999999, "ttdcea_c": 0.0222572038, "fru_e": 0.2109690526, "ura_c": 0.0385877267, "lac_D_c": 58.437598253900006, "glyc_c": 0.34070879670000004, "ocdcea_r": 0.015030078200000001, "ttdcrn_c": 0.0195823003}