{"aact_m": 0.42485804619999995, "sphings_r": 0.0367889197, "val_L_e": 0.3576144736, "C10164_c": 0.0524499457, "HC02024_r": 0.06753556200000001, "fum_m": 0.0353477956, "hdcea_e": 0.0712621584, "adrnl_e": 0.0010869066, "cit_c": 0.6167049971, "4hpro_LT_r": 0.1134768117, "chol_m": 0.0980666479, "4h2oglt_c": 0.042030322800000006, "C06199_l": 0.1708863236, "trp_L_c": 0.4096675443, "stcrn_m": 0.0317726681, "pyr_m": 0.8823940940999999, "carn_c": 0.1639963054, "chsterol_n": 1.2914473221, "lys_L_m": 0.48605918130000003, "g6p_r": 0.0855066676, "arg_L_e": 0.0742896652, "acgam_l": 0.0049697945, "c4crn_m": 0.0160914233, "C01601_c": 0.0217177988, "hom_L_e": 0.0027939149, "hxan_e": 0.0074251874, "lnlccrn_m": 0.0385272285, "im4ac_c": 0.014171353999999999, "urate_e": 0.3310789825, "g3p_c": 0.0629526301, "hdd2crn_c": 0.0157798827, "glu_L_r": 0.36148713899999996, "nac_c": 0.3838524894, "asp_D_e": 0.0774913296, "thrnt_c": 0.0443970125, "C01507_c": 0.0299297183, "12ppd_R_c": 0.457897659, "5oxpro_e": 3.0226651606, "fuc_L_e": 0.010540113500000002, "arab_L_c": 0.020782380700000002, "vacccrn_m": 0.10247699380000001, "CE6205_c": 0.0179276265, "pram_c": 0.47228597200000005, "ipdp_c": 0.004891719, "met_L_m": 0.1278371495, "ile_L_e": 0.0419943826, "hyptaur_c": 0.006609363199999999, "rbt_e": 0.10097132519999999, "ocdca_c": 0.5093158831, "Lpipecol_x": 0.0372252557, "c10crn_e": 0.0533965764, "dhdascb_c": 0.0125169867, "gal_c": 0.032893005600000004, "phe_L_l": 0.3011792699, "urea_m": 47.993145421499996, "glx_m": 0.0490428012, "glc_D_c": 1.8471620213, "gln_L_e": 0.7410296492, "glcur_c": 0.0072408546999999995, "crn_e": 0.046738400199999995, "c6crn_x": 0.011036316000000001, "gua_e": 0.009849918499999999, "dchac_r": 0.1115042649, "4mop_c": 0.0209393643, "sarcs_m": 0.0758118881, "anth_e": 0.0123738338, "andrstndn_c": 0.023906951200000002, "1p2cbxl_x": 0.2446354761, "2coum_c": 0.0130315846, "thr_L_e": 0.26327260760000004, "bilirub_r": 0.0513794831, "5hoxindoa_c": 0.0107014742, "ddeccrn_m": 0.029381417400000002, "3mop_m": 0.038391274700000005, "xylt_e": 0.0119543963, "sphs1p_e": 0.0208572527, "gudac_c": 0.0103042353, "succ_r": 0.0197261473, "ala_D_c": 15.5385687199, "prgstrn_e": 0.0122056049, "3hmp_m": 0.329096202, "dmnoncrn_x": 0.0033271045, "oaa_x": 0.1134267482, "rib_D_c": 0.063121698, "gly_m": 1.8264321382, "citr_L_m": 0.6837681312999999, "glyclt_x": 0.0122424164, "acnam_l": 0.01039543, "creat_m": 0.15680345240000002, "tyr_L_l": 0.098747334, "oxa_c": 155.5331486897, "Lcystin_c": 0.0884881899, "ivcrn_c": 0.0183099917, "dhap_x": 0.0219376522, "bz_r": 0.0047784486, "lneldc_e": 0.0614415296, "C02356_c": 0.2729480661, "pchol_hs_c": 0.053777978, "asn_L_c": 0.072774576, "6pgc_c": 0.0348746772, "ser_L_x": 0.5501636452, "leu_L_m": 1.1625298912, "25hvitd3_c": 0.0125143818, "gcald_c": 0.8710484851000001, "glyald_m": 0.0106425867, "thm_e": 0.002164939, "c8crn_x": 0.0185697853, "pcollg5hlys_c": 0.0819774237, "srb_L_c": 0.0188446612, "5htrp_e": 0.0076712896, "pmtcrn_m": 0.0062552237, "CE2537_c": 0.1774493506, "cyst_L_m": 0.1531951262, "3mob_c": 0.0055451473, "ru5p_D_c": 0.009945167900000001, "cys_L_m": 0.092458813, "2mcacn_c": 0.0080873853, "pro_D_l": 9.1058844943, "pser_L_c": 0.008672336800000001, "pac_m": 0.42174334020000004, "inost_r": 0.4094069738, "ttdca_e": 0.18904894079999998, "orn_m": 0.6061820952, "acrn_x": 0.012107434299999999, "ttdcea_c": 0.0186824598, "fru_e": 0.0783300063, "ura_c": 0.0338887967, "lac_D_c": 27.5447784877, "glyc_c": 0.7250026477, "ocdcea_r": 0.0176173981, "ttdcrn_c": 0.0096697103}