{"aact_m": 0.9943922345999999, "sphings_r": 0.019334718799999998, "val_L_e": 0.4731041003, "C10164_c": 0.0671302984, "HC02024_r": 0.0555710004, "fum_m": 0.0468665487, "hdcea_e": 0.0320513091, "adrnl_e": 2.9272321973175e-05, "cit_c": 0.724410751, "4hpro_LT_r": 0.0988569791, "chol_m": 0.0270362489, "4h2oglt_c": 0.044046229299999996, "C06199_l": 0.4829000007, "trp_L_c": 0.6558911255, "stcrn_m": 0.0206923983, "pyr_m": 0.5720375647, "carn_c": 0.1608721852, "chsterol_n": 1.3077605738, "lys_L_m": 1.1200476217, "g6p_r": 0.051881249000000004, "arg_L_e": 0.08634884699999999, "acgam_l": 0.0041531371, "c4crn_m": 0.023266452200000003, "C01601_c": 0.0087393687, "hom_L_e": 0.0028021990999999996, "hxan_e": 0.0273407469, "lnlccrn_m": 0.0478924141, "im4ac_c": 0.0218458413, "urate_e": 0.4600955898, "g3p_c": 0.0338804325, "hdd2crn_c": 0.0125528695, "glu_L_r": 0.0738261342, "nac_c": 0.30891186649999997, "asp_D_e": 0.0374312703, "thrnt_c": 0.0837792492, "C01507_c": 0.025969553700000002, "12ppd_R_c": 0.5039793570000001, "5oxpro_e": 0.9996989176000001, "fuc_L_e": 0.0074718579, "arab_L_c": 0.04678992480000001, "vacccrn_m": 0.073135227, "CE6205_c": 0.10575692490000001, "pram_c": 0.5508234231, "ipdp_c": 0.0031019862, "met_L_m": 0.1913524285, "ile_L_e": 0.026995530299999997, "hyptaur_c": 0.0131094691, "rbt_e": 0.0401645744, "ocdca_c": 0.3807162514, "Lpipecol_x": 0.1635362623, "c10crn_e": 0.0327429509, "dhdascb_c": 0.0112264198, "gal_c": 0.026036047599999997, "phe_L_l": 0.5363908535, "urea_m": 14.785782805799998, "glx_m": 0.0633103184, "glc_D_c": 40.5183863156, "gln_L_e": 0.3123880059, "glcur_c": 0.005684635, "crn_e": 0.020733115400000002, "c6crn_x": 0.0045303381, "gua_e": 0.0174355785, "dchac_r": 0.0554431586, "4mop_c": 0.0568224654, "sarcs_m": 0.2060046473, "anth_e": 0.0072097391, "andrstndn_c": 0.0023966819, "1p2cbxl_x": 0.2309945198, "2coum_c": 0.025238873, "thr_L_e": 0.6392070561, "bilirub_r": 0.0363681972, "5hoxindoa_c": 0.0096529305, "ddeccrn_m": 0.0185279762, "3mop_m": 0.1105551635, "xylt_e": 0.010509616299999998, "sphs1p_e": 0.0291178844, "gudac_c": 0.0102852837, "succ_r": 0.0453266208, "ala_D_c": 11.318108455499999, "prgstrn_e": 0.0034994855, "3hmp_m": 0.5080353757, "dmnoncrn_x": 0.0043749960999999995, "oaa_x": 0.1133631566, "rib_D_c": 0.0438475884, "gly_m": 1.4652724326, "citr_L_m": 0.6432385792, "glyclt_x": 0.01609747, "acnam_l": 0.0175467868, "creat_m": 0.2249378407, "tyr_L_l": 0.17858174940000002, "oxa_c": 109.06674780600001, "Lcystin_c": 0.0598151182, "ivcrn_c": 0.0865826556, "dhap_x": 0.0218011987, "bz_r": 0.0201859931, "lneldc_e": 0.0194848284, "C02356_c": 0.2832520598, "pchol_hs_c": 0.2153219026, "asn_L_c": 0.11633312900000001, "6pgc_c": 0.0368446097, "ser_L_x": 0.9278939068000001, "leu_L_m": 2.3924382988, "25hvitd3_c": 0.0185880058, "gcald_c": 0.323512354, "glyald_m": 0.005920145999999999, "thm_e": 0.0030682898, "c8crn_x": 0.0102291736, "pcollg5hlys_c": 0.0654871558, "srb_L_c": 0.058458706, "5htrp_e": 0.0236741654, "pmtcrn_m": 0.0018224157, "CE2537_c": 0.1251629084, "cyst_L_m": 0.6299301209, "3mob_c": 0.0096591159, "ru5p_D_c": 0.0087101928, "cys_L_m": 0.07904683400000001, "2mcacn_c": 0.0072374032999999996, "pro_D_l": 3.9259824894, "pser_L_c": 0.0084905659, "pac_m": 0.42750680679999997, "inost_r": 0.3550196536, "ttdca_e": 0.0605693685, "orn_m": 0.6075930053, "acrn_x": 0.0076243184999999995, "ttdcea_c": 0.0183784382, "fru_e": 0.046358932900000004, "ura_c": 0.0376079771, "lac_D_c": 29.1755784148, "glyc_c": 0.1797099066, "ocdcea_r": 0.0060214428, "ttdcrn_c": 0.008929708199999999}