{"aact_m": 0.34986139380000003, "sphings_r": 0.0217265745, "val_L_e": 0.7802296476, "C10164_c": 0.049780495, "HC02024_r": 0.04894520980000001, "fum_m": 0.0336535491, "hdcea_e": 0.0036455454999999998, "adrnl_e": 0.0016564088000000001, "cit_c": 0.5082443738, "4hpro_LT_r": 0.1053748442, "chol_m": 0.04557174, "4h2oglt_c": 0.0419071386, "C06199_l": 0.4454074361, "trp_L_c": 0.5848047857, "stcrn_m": 0.0168728893, "pyr_m": 0.5537033190999999, "carn_c": 0.18589212489999998, "chsterol_n": 0.8741615629, "lys_L_m": 0.6786285954000001, "g6p_r": 0.1265559108, "arg_L_e": 0.0633285084, "acgam_l": 0.0034773728999999997, "c4crn_m": 0.0, "C01601_c": 0.0079488964, "hom_L_e": 0.0037395228, "hxan_e": 0.0083323772, "lnlccrn_m": 0.0335313537, "im4ac_c": 0.0157798377, "urate_e": 0.1566163864, "g3p_c": 0.0340533056, "hdd2crn_c": 0.006391422700000001, "glu_L_r": 0.1523008079, "nac_c": 0.34948553130000004, "asp_D_e": 0.04668704, "thrnt_c": 0.0733627031, "C01507_c": 0.0550619862, "12ppd_R_c": 0.41856763869999997, "5oxpro_e": 0.9550301962000001, "fuc_L_e": 0.0057709399, "arab_L_c": 0.0167398198, "vacccrn_m": 0.0367490472, "CE6205_c": 0.02315294, "pram_c": 0.5096470434, "ipdp_c": 0.0027689821999999998, "met_L_m": 0.1656176256, "ile_L_e": 0.0308944798, "hyptaur_c": 0.010846051399999999, "rbt_e": 0.0338634386, "ocdca_c": 0.1748829627, "Lpipecol_x": 0.0783342263, "c10crn_e": 0.0201693537, "dhdascb_c": 0.0081816832, "gal_c": 0.024082589300000002, "phe_L_l": 0.6572935075999999, "urea_m": 11.8992919398, "glx_m": 0.10585922910000001, "glc_D_c": 27.5261998246, "gln_L_e": 0.32490487949999997, "glcur_c": 0.005631894100000001, "crn_e": 0.061366344100000005, "c6crn_x": 0.0059436362, "gua_e": 0.0164714797, "dchac_r": 0.0352013685, "4mop_c": 0.0502836968, "sarcs_m": 0.0759410054, "anth_e": 0.005541027, "andrstndn_c": 0.0078754725, "1p2cbxl_x": 0.1908961411, "2coum_c": 0.032630912000000005, "thr_L_e": 0.41148665549999996, "bilirub_r": 0.043725399299999995, "5hoxindoa_c": 0.0093889223, "ddeccrn_m": 0.0125289746, "3mop_m": 0.0719847014, "xylt_e": 0.005752795, "sphs1p_e": 0.0191505169, "gudac_c": 0.0102636537, "succ_r": 0.0359014496, "ala_D_c": 8.0028632163, "prgstrn_e": 0.0044352867, "3hmp_m": 0.4490855684, "dmnoncrn_x": 0.0024010507, "oaa_x": 0.12140771439999999, "rib_D_c": 0.0500026555, "gly_m": 1.0622973422, "citr_L_m": 0.6460858589, "glyclt_x": 0.0195227416, "acnam_l": 0.015091923600000001, "creat_m": 0.0898604664, "tyr_L_l": 0.2319899036, "oxa_c": 87.5473103658, "Lcystin_c": 0.0467095164, "ivcrn_c": 0.0305639972, "dhap_x": 0.0212920003, "bz_r": 0.025066965400000002, "lneldc_e": 0.0153948476, "C02356_c": 0.20616778, "pchol_hs_c": 0.0643918434, "asn_L_c": 0.0773738935, "6pgc_c": 0.0336267137, "ser_L_x": 0.7637349908, "leu_L_m": 3.5519663633, "25hvitd3_c": 0.0100673779, "gcald_c": 0.3994780112, "glyald_m": 0.005618359, "thm_e": 0.0037102575, "c8crn_x": 0.0080003807, "pcollg5hlys_c": 0.0603879866, "srb_L_c": 0.0209760525, "5htrp_e": 0.016979475600000002, "pmtcrn_m": 0.0037537640999999997, "CE2537_c": 0.1531280648, "cyst_L_m": 0.1790796537, "3mob_c": 0.0070659806000000006, "ru5p_D_c": 0.0062906433, "cys_L_m": 0.0706974737, "2mcacn_c": 0.0075285656, "pro_D_l": 9.5066027512, "pser_L_c": 0.0085586248, "pac_m": 0.4065975513, "inost_r": 0.2717548154, "ttdca_e": 0.0237655058, "orn_m": 0.8104251751, "acrn_x": 0.0086289467, "ttdcea_c": 0.0144012761, "fru_e": 0.18134005469999998, "ura_c": 0.029324878999999998, "lac_D_c": 18.6881946351, "glyc_c": 0.176270235, "ocdcea_r": 0.0007484433999999999, "ttdcrn_c": 0.0063358374}