{"aact_m": 0.4731987423, "sphings_r": 0.021612617200000003, "val_L_e": 0.37105126909999997, "C10164_c": 0.09918126, "HC02024_r": 0.051315094299999996, "fum_m": 0.0394880413, "hdcea_e": 0.0085985959, "adrnl_e": 0.0027401854999999998, "cit_c": 0.7167833965000001, "4hpro_LT_r": 0.1199423188, "chol_m": 0.1179684581, "4h2oglt_c": 0.036361502999999996, "C06199_l": 0.44074443119999995, "trp_L_c": 0.8144713497, "stcrn_m": 0.0691421709, "pyr_m": 1.6506488221000002, "carn_c": 0.2127451479, "chsterol_n": 1.3543035199000002, "lys_L_m": 1.2618285112, "g6p_r": 0.07811695240000001, "arg_L_e": 0.048819088499999996, "acgam_l": 0.0064562859, "c4crn_m": 0.050037230300000006, "C01601_c": 0.0213545983, "hom_L_e": 0.0048953391, "hxan_e": 0.0391588628, "lnlccrn_m": 0.1155057851, "im4ac_c": 0.0148280982, "urate_e": 0.3738945172, "g3p_c": 0.049710192, "hdd2crn_c": 0.0227948657, "glu_L_r": 0.1401070472, "nac_c": 0.31677762309999996, "asp_D_e": 2.3863484142, "thrnt_c": 0.0627140971, "C01507_c": 0.8794639283, "12ppd_R_c": 0.6431783176, "5oxpro_e": 1.4320747746, "fuc_L_e": 0.0101401738, "arab_L_c": 0.0289761062, "vacccrn_m": 0.14398142449999998, "CE6205_c": 0.0152689545, "pram_c": 0.6022562982999999, "ipdp_c": 0.00492389, "met_L_m": 0.2786862203, "ile_L_e": 0.031709706000000004, "hyptaur_c": 0.0109591148, "rbt_e": 0.1224395817, "ocdca_c": 0.2908978995, "Lpipecol_x": 0.0341916357, "c10crn_e": 0.046546658899999996, "dhdascb_c": 0.0129458519, "gal_c": 0.0299446922, "phe_L_l": 0.8319814609, "urea_m": 21.0103582904, "glx_m": 0.0496686983, "glc_D_c": 7.0482027896, "gln_L_e": 0.37249896670000004, "glcur_c": 0.0076352775, "crn_e": 0.033444574399999996, "c6crn_x": 0.0128465771, "gua_e": 0.0194095741, "dchac_r": 0.0997502877, "4mop_c": 0.063342097, "sarcs_m": 0.0779733117, "anth_e": 0.0069250806, "andrstndn_c": 0.0093797769, "1p2cbxl_x": 0.26462597239999996, "2coum_c": 0.0246219104, "thr_L_e": 0.6884735968000001, "bilirub_r": 0.0553449004, "5hoxindoa_c": 0.01237501, "ddeccrn_m": 0.0430359271, "3mop_m": 0.1189144699, "xylt_e": 0.0080724304, "sphs1p_e": 0.08899289169999999, "gudac_c": 0.0103001089, "succ_r": 0.02531364, "ala_D_c": 12.9946265326, "prgstrn_e": 0.0078696254, "3hmp_m": 0.5950002463, "dmnoncrn_x": 0.0051813669, "oaa_x": 0.0859613924, "rib_D_c": 0.0605248506, "gly_m": 2.5971087059, "citr_L_m": 0.6483137379, "glyclt_x": 0.0010004358, "acnam_l": 0.011046181399999999, "creat_m": 0.6165497206, "tyr_L_l": 0.1828568516, "oxa_c": 99.6416957388, "Lcystin_c": 0.0734263133, "ivcrn_c": 0.0260947078, "dhap_x": 0.0234332706, "bz_r": 0.024891390099999997, "lneldc_e": 0.1380185666, "C02356_c": 0.35698224689999997, "pchol_hs_c": 0.0894852282, "asn_L_c": 0.1056808537, "6pgc_c": 0.0294221658, "ser_L_x": 1.3631275424, "leu_L_m": 4.129284627900001, "25hvitd3_c": 0.0329431031, "gcald_c": 0.5651558339, "glyald_m": 0.007345177, "thm_e": 0.0048820441, "c8crn_x": 0.0164749833, "pcollg5hlys_c": 0.103348298, "srb_L_c": 0.0239459005, "5htrp_e": 0.0158629765, "pmtcrn_m": 0.0098522274, "CE2537_c": 0.1562759789, "cyst_L_m": 0.12256230470000001, "3mob_c": 0.0104030594, "ru5p_D_c": 0.007462101999999999, "cys_L_m": 0.1233036553, "2mcacn_c": 0.0090754856, "pro_D_l": 5.7047798889, "pser_L_c": 0.0087085554, "pac_m": 0.4425398537, "inost_r": 0.3776809378, "ttdca_e": 0.0631392697, "orn_m": 1.2114843194, "acrn_x": 0.013309651, "ttdcea_c": 0.0162526456, "fru_e": 0.1607439034, "ura_c": 0.0337236122, "lac_D_c": 57.4586165743, "glyc_c": 0.4611044579, "ocdcea_r": 0.0023983649, "ttdcrn_c": 0.0251986528}