{"aact_m": 0.747974861, "sphings_r": 0.032054482, "val_L_e": 0.4310471776, "C10164_c": 0.0398468706, "HC02024_r": 0.089177605, "fum_m": 0.018706230600000002, "hdcea_e": 0.11100105689999999, "adrnl_e": 0.0016769594, "cit_c": 0.8658719756000001, "4hpro_LT_r": 0.14073480359999999, "chol_m": 0.072303545, "4h2oglt_c": 0.0475171303, "C06199_l": 0.42709848229999997, "trp_L_c": 0.6899373072, "stcrn_m": 0.0491512134, "pyr_m": 0.6396952792, "carn_c": 0.1696934505, "chsterol_n": 1.4590398453, "lys_L_m": 1.735304203, "g6p_r": 0.3486055586, "arg_L_e": 0.053610480499999995, "acgam_l": 0.0049921669, "c4crn_m": 0.0396276675, "C01601_c": 0.024354896299999998, "hom_L_e": 0.0019994629, "hxan_e": 0.0080092431, "lnlccrn_m": 0.0536063417, "im4ac_c": 0.0510579159, "urate_e": 0.36410055799999996, "g3p_c": 0.10126228720000001, "hdd2crn_c": 0.012694252, "glu_L_r": 0.1487550597, "nac_c": 0.19171497839999999, "asp_D_e": 0.0411974824, "thrnt_c": 0.033130646, "C01507_c": 0.0096981614, "12ppd_R_c": 0.49600837259999997, "5oxpro_e": 1.1383198868000002, "fuc_L_e": 0.011171292099999999, "arab_L_c": 0.0119729078, "vacccrn_m": 0.12338023529999999, "CE6205_c": 0.0366386383, "pram_c": 0.5934716774000001, "ipdp_c": 0.0059506507999999994, "met_L_m": 0.2402631778, "ile_L_e": 0.024404817599999996, "hyptaur_c": 0.0090268016, "rbt_e": 0.0483243307, "ocdca_c": 1.4480964999000001, "Lpipecol_x": 0.176880354, "c10crn_e": 0.0249362432, "dhdascb_c": 0.0156089201, "gal_c": 0.0532713518, "phe_L_l": 0.6153639017, "urea_m": 23.6806505996, "glx_m": 0.0401450574, "glc_D_c": 24.0972575684, "gln_L_e": 0.3532604229, "glcur_c": 0.0060086003, "crn_e": 0.06106156099999999, "c6crn_x": 0.0093279775, "gua_e": 0.020303500500000002, "dchac_r": 0.0923083708, "4mop_c": 0.0494566268, "sarcs_m": 0.0648890331, "anth_e": 0.0116131774, "andrstndn_c": 0.0092238652, "1p2cbxl_x": 0.2608007307, "2coum_c": 0.0263738751, "thr_L_e": 0.7103443875, "bilirub_r": 0.12079249619999999, "5hoxindoa_c": 0.015098261200000001, "ddeccrn_m": 0.0153157355, "3mop_m": 0.1059300919, "xylt_e": 0.0083358926, "sphs1p_e": 0.0306277934, "gudac_c": 0.0123868936, "succ_r": 0.015426989299999999, "ala_D_c": 8.322177210700001, "prgstrn_e": 0.0044837955, "3hmp_m": 1.2600409082, "dmnoncrn_x": 0.0051371701, "oaa_x": 0.10955405050000001, "rib_D_c": 0.0527194296, "gly_m": 0.9292867843000001, "citr_L_m": 0.6913776843, "glyclt_x": 0.0183490902, "acnam_l": 0.0072833226, "creat_m": 0.40912510560000004, "tyr_L_l": 0.2040105895, "oxa_c": 131.097563952, "Lcystin_c": 0.0461662821, "ivcrn_c": 0.049809851100000004, "dhap_x": 0.025409216600000003, "bz_r": 0.024150406099999997, "lneldc_e": 0.3910211577, "C02356_c": 0.30860794129999997, "pchol_hs_c": 0.0850800681, "asn_L_c": 0.09498048199999999, "6pgc_c": 0.039340168599999996, "ser_L_x": 1.1138701074, "leu_L_m": 4.5051388972, "25hvitd3_c": 0.0280433961, "gcald_c": 0.6930109504, "glyald_m": 0.011646208100000001, "thm_e": 0.0132015443, "c8crn_x": 0.010416416099999999, "pcollg5hlys_c": 0.08389306980000001, "srb_L_c": 0.0148288024, "5htrp_e": 0.0042373479, "pmtcrn_m": 0.1160314171, "CE2537_c": 0.16124601, "cyst_L_m": 0.0476937362, "3mob_c": 0.006707960400000001, "ru5p_D_c": 0.016281117, "cys_L_m": 0.079088303, "2mcacn_c": 0.010784588000000001, "pro_D_l": 6.945563588400001, "pser_L_c": 0.0100454094, "pac_m": 0.5330079074, "inost_r": 0.2346177825, "ttdca_e": 0.7185266284, "orn_m": 0.9776739973, "acrn_x": 0.0122836648, "ttdcea_c": 0.0309138849, "fru_e": 0.040690558700000004, "ura_c": 0.0430645454, "lac_D_c": 21.1527624752, "glyc_c": 1.8109402891, "ocdcea_r": 0.051002300300000004, "ttdcrn_c": 0.0146224604}