{"aact_m": 0.39321532740000004, "sphings_r": 0.0166042823, "val_L_e": 0.3410722957, "C10164_c": 0.423868198, "HC02024_r": 0.10761123859999999, "fum_m": 0.0818830614, "hdcea_e": 0.0099703913, "adrnl_e": 0.0015482957000000001, "cit_c": 0.5200248299, "4hpro_LT_r": 0.1062539887, "chol_m": 0.1072100441, "4h2oglt_c": 0.0369876953, "C06199_l": 0.3219155785, "trp_L_c": 0.5024887493, "stcrn_m": 0.0234547766, "pyr_m": 0.0054110713000000005, "carn_c": 0.0901955725, "chsterol_n": 0.8789486045999999, "lys_L_m": 0.3229631877, "g6p_r": 0.0437074072, "arg_L_e": 0.0419688682, "acgam_l": 0.0063891771, "c4crn_m": 0.0255088469, "C01601_c": 0.013856155, "hom_L_e": 0.0022491051, "hxan_e": 0.0030147694, "lnlccrn_m": 0.0495119105, "im4ac_c": 0.2295722225, "urate_e": 0.2504453766, "g3p_c": 0.0333172209, "hdd2crn_c": 0.008119021700000001, "glu_L_r": 0.7306729719, "nac_c": 0.11566007960000001, "asp_D_e": 0.1099522248, "thrnt_c": 0.0410364895, "C01507_c": 0.0118592283, "12ppd_R_c": 0.5666866501, "5oxpro_e": 2.6223795765, "fuc_L_e": 0.0075148067, "arab_L_c": 0.0077210169, "vacccrn_m": 0.0519638974, "CE6205_c": 0.007839268, "pram_c": 0.7033374169, "ipdp_c": 0.0040144578, "met_L_m": 0.0840055948, "ile_L_e": 0.0322504171, "hyptaur_c": 0.0001079468, "rbt_e": 0.0378472536, "ocdca_c": 0.5134278251, "Lpipecol_x": 0.0291337904, "c10crn_e": 0.021246720099999998, "dhdascb_c": 0.010671164399999999, "gal_c": 0.0198376222, "phe_L_l": 0.5419931375, "urea_m": 26.3081338229, "glx_m": 0.024019494, "glc_D_c": 8.3955180566, "gln_L_e": 0.087715907, "glcur_c": 0.0156807758, "crn_e": 0.1197459159, "c6crn_x": 0.005614818299999999, "gua_e": 0.0068769819, "dchac_r": 0.059110108099999996, "4mop_c": 0.0052578413, "sarcs_m": 0.0794244295, "anth_e": 0.0122848592, "andrstndn_c": 0.0529582052, "1p2cbxl_x": 0.3312012982, "2coum_c": 0.0210216439, "thr_L_e": 0.7820037964, "bilirub_r": 0.0106692717, "5hoxindoa_c": 0.0089689376, "ddeccrn_m": 0.0146906404, "3mop_m": 0.0861058068, "xylt_e": 0.0045393915, "sphs1p_e": 0.011155211000000002, "gudac_c": 0.0081931634, "succ_r": 0.18163707629999998, "ala_D_c": 7.6700145235, "prgstrn_e": 0.0096768579, "3hmp_m": 0.6511176132000001, "dmnoncrn_x": 0.0034152218, "oaa_x": 0.09318025769999999, "rib_D_c": 0.0366371567, "gly_m": 0.7294223433, "citr_L_m": 0.6631700541, "glyclt_x": 0.009247227700000001, "acnam_l": 0.0024672862, "creat_m": 0.20969216699999998, "tyr_L_l": 0.1431927564, "oxa_c": 174.6581163181, "Lcystin_c": 0.0173384709, "ivcrn_c": 0.0153191781, "dhap_x": 0.018465971, "bz_r": 0.0169283673, "lneldc_e": 0.024790666, "C02356_c": 0.2397455484, "pchol_hs_c": 0.2711997606, "asn_L_c": 0.0029438246, "6pgc_c": 0.027329387799999997, "ser_L_x": 0.8758628716, "leu_L_m": 1.560344657, "25hvitd3_c": 0.009520434599999999, "gcald_c": 0.6482068198, "glyald_m": 0.0150860078, "thm_e": 0.031062873199999997, "c8crn_x": 0.0107020333, "pcollg5hlys_c": 0.0517768613, "srb_L_c": 0.0196535193, "5htrp_e": 0.0175640325, "pmtcrn_m": 0.0095503161, "CE2537_c": 0.1071093187, "cyst_L_m": 0.0312717789, "3mob_c": 0.00027807849999999997, "ru5p_D_c": 0.02865368, "cys_L_m": 0.0179782573, "2mcacn_c": 0.009371054699999999, "pro_D_l": 7.2649937405, "pser_L_c": 0.007446612900000001, "pac_m": 0.35909894950000004, "inost_r": 0.326635212, "ttdca_e": 0.0416391084, "orn_m": 0.3278853498, "acrn_x": 0.0115503324, "ttdcea_c": 0.0155056995, "fru_e": 0.0313820038, "ura_c": 0.0292208646, "lac_D_c": 68.5018669093, "glyc_c": 0.3435010511, "ocdcea_r": 0.0042158286, "ttdcrn_c": 0.0063567077}