{"aact_m": 0.343505224, "sphings_r": 0.0176000281, "val_L_e": 0.6575105282, "C10164_c": 0.0692931745, "HC02024_r": 0.051241178600000006, "fum_m": 0.0454914247, "hdcea_e": 0.0145387485, "adrnl_e": 0.01762564, "cit_c": 0.6034770913, "4hpro_LT_r": 0.10678503439999999, "chol_m": 0.0480622981, "4h2oglt_c": 0.0416069675, "C06199_l": 0.38690139520000005, "trp_L_c": 0.5483634218, "stcrn_m": 0.045155132699999996, "pyr_m": 1.1433552115999999, "carn_c": 0.14163273980000002, "chsterol_n": 1.5557053769999998, "lys_L_m": 0.7879295151000001, "g6p_r": 0.038385945299999995, "arg_L_e": 0.0305735428, "acgam_l": 0.0043038206, "c4crn_m": 0.023319231099999997, "C01601_c": 0.0173640231, "hom_L_e": 0.0121896443, "hxan_e": 0.020934738999999997, "lnlccrn_m": 0.1595503086, "im4ac_c": 0.025063359900000002, "urate_e": 0.3118316888, "g3p_c": 0.0479146092, "hdd2crn_c": 0.027494119100000002, "glu_L_r": 0.2000252336, "nac_c": 0.1042861431, "asp_D_e": 0.0632354222, "thrnt_c": 0.0282193708, "C01507_c": 0.0065227246999999995, "12ppd_R_c": 0.4526235315, "5oxpro_e": 1.3501805746000002, "fuc_L_e": 0.008009715, "arab_L_c": 0.0097738494, "vacccrn_m": 0.17750508510000002, "CE6205_c": 0.0164319333, "pram_c": 0.5919653696, "ipdp_c": 0.0032314511, "met_L_m": 0.1922138524, "ile_L_e": 0.0272549623, "hyptaur_c": 0.0068024964, "rbt_e": 0.0281177799, "ocdca_c": 0.259464905, "Lpipecol_x": 0.0281440546, "c10crn_e": 0.1301225289, "dhdascb_c": 0.0153531225, "gal_c": 0.0384259756, "phe_L_l": 0.5669927652000001, "urea_m": 17.787121355, "glx_m": 0.044518139400000004, "glc_D_c": 6.5609603351, "gln_L_e": 0.29164401489999997, "glcur_c": 0.0058900593, "crn_e": 0.049195141100000006, "c6crn_x": 0.015253228, "gua_e": 0.0166312054, "dchac_r": 0.040878018700000004, "4mop_c": 0.0254400341, "sarcs_m": 0.0746276254, "anth_e": 0.009229859, "andrstndn_c": 0.035342103, "1p2cbxl_x": 0.2740000469, "2coum_c": 0.025884193599999997, "thr_L_e": 0.8452209366, "bilirub_r": 0.0841562724, "5hoxindoa_c": 0.0102478977, "ddeccrn_m": 0.0405974937, "3mop_m": 0.0986430264, "xylt_e": 0.026952922400000003, "sphs1p_e": 0.044443926200000004, "gudac_c": 0.0105799879, "succ_r": 0.0390758576, "ala_D_c": 9.1259470873, "prgstrn_e": 0.025166724100000003, "3hmp_m": 0.6313764468999999, "dmnoncrn_x": 0.0059708113, "oaa_x": 0.1166716102, "rib_D_c": 0.034384127, "gly_m": 0.6022306357, "citr_L_m": 0.6490531589999999, "glyclt_x": 0.0061612602, "acnam_l": 0.016280733000000002, "creat_m": 0.1776974423, "tyr_L_l": 0.1859507509, "oxa_c": 133.4981921489, "Lcystin_c": 0.0335398504, "ivcrn_c": 0.023628338, "dhap_x": 0.02286572, "bz_r": 0.022120828, "lneldc_e": 0.0098550443, "C02356_c": 0.3589785915, "pchol_hs_c": 0.059309172300000004, "asn_L_c": 0.057271868200000006, "6pgc_c": 0.0339207958, "ser_L_x": 0.9597135634, "leu_L_m": 2.5230314495, "25hvitd3_c": 0.020778549099999998, "gcald_c": 0.5499365421, "glyald_m": 0.0081984498, "thm_e": 0.010002250899999999, "c8crn_x": 0.045412771500000004, "pcollg5hlys_c": 0.06628578780000001, "srb_L_c": 0.010550906100000002, "5htrp_e": 0.017723172, "pmtcrn_m": 0.0035799736, "CE2537_c": 0.10730531089999999, "cyst_L_m": 0.0765844395, "3mob_c": 0.0060784346, "ru5p_D_c": 0.0104825252, "cys_L_m": 0.12341195140000001, "2mcacn_c": 0.0072805103, "pro_D_l": 6.869265668400001, "pser_L_c": 0.0086725267, "pac_m": 0.43653611630000005, "inost_r": 0.2644013961, "ttdca_e": 0.030115767999999998, "orn_m": 0.7941537945, "acrn_x": 0.0092684454, "ttdcea_c": 0.0060405042, "fru_e": 0.054044550999999996, "ura_c": 0.0399611551, "lac_D_c": 69.2001906945, "glyc_c": 0.2324607141, "ocdcea_r": 0.004264788, "ttdcrn_c": 0.0166395067}