{"aact_m": 0.9351235301999999, "sphings_r": 0.028971981299999998, "val_L_e": 0.4076935375, "C10164_c": 0.07603876009999999, "HC02024_r": 0.0596518232, "fum_m": 0.058256598799999997, "hdcea_e": 0.0200255635, "adrnl_e": 0.0053561688, "cit_c": 0.7015886127, "4hpro_LT_r": 0.1364329773, "chol_m": 0.2531188731, "4h2oglt_c": 0.0466942673, "C06199_l": 0.2985607573, "trp_L_c": 0.6544556505, "stcrn_m": 0.0418576194, "pyr_m": 1.9698954964, "carn_c": 0.1806945747, "chsterol_n": 1.3091943067, "lys_L_m": 0.7048811684, "g6p_r": 0.0811233373, "arg_L_e": 0.054111142300000005, "acgam_l": 0.0060616716000000005, "c4crn_m": 0.0217720007, "C01601_c": 0.020810891, "hom_L_e": 0.0198954438, "hxan_e": 0.034100879300000005, "lnlccrn_m": 0.0864086385, "im4ac_c": 0.0281417433, "urate_e": 0.5438077472, "g3p_c": 0.11553120439999999, "hdd2crn_c": 0.028467469900000004, "glu_L_r": 0.2615452567, "nac_c": 0.2192928783, "asp_D_e": 0.0962291448, "thrnt_c": 0.027028922200000003, "C01507_c": 0.0080470049, "12ppd_R_c": 0.7108234795, "5oxpro_e": 1.5274901672, "fuc_L_e": 0.010279206800000001, "arab_L_c": 0.0091025599, "vacccrn_m": 0.17147140309999997, "CE6205_c": 0.0567671305, "pram_c": 0.6791837001000001, "ipdp_c": 0.0054441102, "met_L_m": 0.23585464760000002, "ile_L_e": 0.038578442000000004, "hyptaur_c": 0.0087994575, "rbt_e": 0.0236529514, "ocdca_c": 0.2997425829, "Lpipecol_x": 0.023451286000000002, "c10crn_e": 0.1266862098, "dhdascb_c": 0.0113589182, "gal_c": 0.034165797000000005, "phe_L_l": 0.5633621522, "urea_m": 17.1564994232, "glx_m": 0.0281091139, "glc_D_c": 38.712541951700004, "gln_L_e": 0.35998715600000003, "glcur_c": 0.006552095500000001, "crn_e": 0.09666921099999999, "c6crn_x": 0.021671594900000004, "gua_e": 0.0183172107, "dchac_r": 0.1330138855, "4mop_c": 0.0522192449, "sarcs_m": 0.14868951119999999, "anth_e": 0.009064015699999999, "andrstndn_c": 0.013706430300000001, "1p2cbxl_x": 0.19316494550000002, "2coum_c": 0.0203630717, "thr_L_e": 0.9010616053, "bilirub_r": 0.13422579980000002, "5hoxindoa_c": 0.012794922, "ddeccrn_m": 0.0509182421, "3mop_m": 0.08741318039999998, "xylt_e": 0.0070182445, "sphs1p_e": 0.0692879363, "gudac_c": 0.011507253500000002, "succ_r": 0.040073477, "ala_D_c": 17.9733654576, "prgstrn_e": 0.0122316002, "3hmp_m": 0.8603795056999999, "dmnoncrn_x": 0.0068071636, "oaa_x": 0.1144263972, "rib_D_c": 0.0426616081, "gly_m": 1.1056752803, "citr_L_m": 0.6767712907, "glyclt_x": 0.0050904176, "acnam_l": 0.0182371188, "creat_m": 0.2691060061, "tyr_L_l": 0.1581383468, "oxa_c": 126.9915135072, "Lcystin_c": 0.0230561083, "ivcrn_c": 0.058619383600000005, "dhap_x": 0.0249338221, "bz_r": 0.017211468100000002, "lneldc_e": 0.1318864434, "C02356_c": 0.5090292164, "pchol_hs_c": 0.12906694429999999, "asn_L_c": 0.0689704947, "6pgc_c": 0.0367076683, "ser_L_x": 1.3665096936, "leu_L_m": 1.7976609947, "25hvitd3_c": 0.029245804, "gcald_c": 0.516439697, "glyald_m": 0.0130299293, "thm_e": 0.005874844200000001, "c8crn_x": 0.06218576940000001, "pcollg5hlys_c": 0.0829076666, "srb_L_c": 0.0091869895, "5htrp_e": 0.0216520937, "pmtcrn_m": 0.0065572338, "CE2537_c": 0.1386983896, "cyst_L_m": 0.0977180973, "3mob_c": 0.0121763425, "ru5p_D_c": 0.014942356499999998, "cys_L_m": 0.0574106683, "2mcacn_c": 0.0110136643, "pro_D_l": 4.8970107406, "pser_L_c": 0.0096354546, "pac_m": 0.4762834884, "inost_r": 0.22880914079999998, "ttdca_e": 0.037722904, "orn_m": 0.5517640839, "acrn_x": 0.0121239978, "ttdcea_c": 0.0110052202, "fru_e": 0.5044412015999999, "ura_c": 0.030096858799999997, "lac_D_c": 111.22950484459999, "glyc_c": 0.1937832966, "ocdcea_r": 0.0044843543, "ttdcrn_c": 0.022435062000000002}