{"aact_m": 0.3134576148, "sphings_r": 0.0410290131, "val_L_e": 0.3216139866, "C10164_c": 0.0481468378, "HC02024_r": 0.0331609905, "fum_m": 0.0248029975, "hdcea_e": 0.1759479002, "adrnl_e": 0.0022989665, "cit_c": 0.47488394219999996, "4hpro_LT_r": 0.1157209067, "chol_m": 0.0604844966, "4h2oglt_c": 0.033670442599999996, "C06199_l": 0.3377036585, "trp_L_c": 0.3511092725, "stcrn_m": 0.088027781, "pyr_m": 1.3659879041999998, "carn_c": 0.12397373880000001, "chsterol_n": 0.5097600721, "lys_L_m": 0.7330715672, "g6p_r": 0.06540942150000001, "arg_L_e": 0.0704033422, "acgam_l": 0.004137460900000001, "c4crn_m": 0.0193832055, "C01601_c": 0.0138748684, "hom_L_e": 0.0042524757, "hxan_e": 0.19188718920000003, "lnlccrn_m": 0.1452121797, "im4ac_c": 0.0147169747, "urate_e": 0.2546618189, "g3p_c": 0.0472418971, "hdd2crn_c": 0.0752359523, "glu_L_r": 0.2391320914, "nac_c": 0.0457883109, "asp_D_e": 0.1278151314, "thrnt_c": 0.0209574716, "C01507_c": 0.0114034116, "12ppd_R_c": 0.4214271414, "5oxpro_e": 1.5259958638, "fuc_L_e": 0.005675584799999999, "arab_L_c": 0.0018592829000000002, "vacccrn_m": 0.2987533961, "CE6205_c": 0.0087610004, "pram_c": 0.5809385429, "ipdp_c": 0.0047928606, "met_L_m": 0.16101609960000002, "ile_L_e": 0.0301097477, "hyptaur_c": 0.0020466918, "rbt_e": 0.030294292900000002, "ocdca_c": 1.0588659056, "Lpipecol_x": 0.023051769399999998, "c10crn_e": 0.1399905966, "dhdascb_c": 0.015974144, "gal_c": 0.0116628447, "phe_L_l": 0.4575884646, "urea_m": 14.2028042451, "glx_m": 0.0445241267, "glc_D_c": 10.5489326579, "gln_L_e": 0.23448913, "glcur_c": 0.006548830699999999, "crn_e": 0.015893263, "c6crn_x": 0.025137655099999996, "gua_e": 0.020587957900000002, "dchac_r": 0.1236316343, "4mop_c": 0.0391990679, "sarcs_m": 0.1705246131, "anth_e": 0.0069313395, "andrstndn_c": 0.0189109987, "1p2cbxl_x": 0.2461084518, "2coum_c": 0.0191190726, "thr_L_e": 0.6789817611, "bilirub_r": 0.0206981033, "5hoxindoa_c": 0.0080269052, "ddeccrn_m": 0.0768532552, "3mop_m": 0.0439838062, "xylt_e": 0.0060525961, "sphs1p_e": 0.0609465538, "gudac_c": 0.0084030018, "succ_r": 0.036556216, "ala_D_c": 6.9355278292, "prgstrn_e": 0.0167465234, "3hmp_m": 6.4950690726, "dmnoncrn_x": 0.0068548926, "oaa_x": 0.0995760732, "rib_D_c": 0.031144362000000002, "gly_m": 1.8024183546, "citr_L_m": 0.6989024517, "glyclt_x": 0.0035137319, "acnam_l": 0.006883778399999999, "creat_m": 0.38209618310000004, "tyr_L_l": 0.1529401639, "oxa_c": 102.252956633, "Lcystin_c": 0.0327970287, "ivcrn_c": 0.0098001915, "dhap_x": 0.0232095459, "bz_r": 0.0213505913, "lneldc_e": 0.0942115944, "C02356_c": 0.3707043304, "pchol_hs_c": 0.1597509457, "asn_L_c": 0.0320609185, "6pgc_c": 0.0257429751, "ser_L_x": 0.6975100941, "leu_L_m": 1.7288198376, "25hvitd3_c": 0.0306977945, "gcald_c": 0.4716582643, "glyald_m": 0.0179577759, "thm_e": 0.0076075439, "c8crn_x": 0.0456930908, "pcollg5hlys_c": 0.0747519931, "srb_L_c": 0.0086220354, "5htrp_e": 0.0073522972, "pmtcrn_m": 0.0029871768, "CE2537_c": 0.0914016874, "cyst_L_m": 0.0190317159, "3mob_c": 0.0081447472, "ru5p_D_c": 0.0166401373, "cys_L_m": 0.045857996799999995, "2mcacn_c": 0.008770807700000001, "pro_D_l": 2.9769925572000004, "pser_L_c": 0.011232159399999999, "pac_m": 0.4381899474, "inost_r": 0.20403579730000002, "ttdca_e": 0.2063893033, "orn_m": 1.2487397875, "acrn_x": 0.008909071800000001, "ttdcea_c": 0.010646981100000001, "fru_e": 0.026380771299999998, "ura_c": 0.0402372399, "lac_D_c": 135.88753589360002, "glyc_c": 0.3356033359, "ocdcea_r": 0.032706558, "ttdcrn_c": 0.043086740199999994}