{"aact_m": 0.8506948851, "sphings_r": 0.027911409900000003, "val_L_e": 0.3214125181, "C10164_c": 0.0411838093, "HC02024_r": 0.18059494339999999, "fum_m": 0.0164923565, "hdcea_e": 0.1381168408, "adrnl_e": 0.0012847228, "cit_c": 0.8083918077, "4hpro_LT_r": 0.1302341661, "chol_m": 0.0379344183, "4h2oglt_c": 0.0622723707, "C06199_l": 0.5258118090999999, "trp_L_c": 0.7063031978000001, "stcrn_m": 0.0310416389, "pyr_m": 1.1724511765, "carn_c": 0.2842856481, "chsterol_n": 1.3457577895, "lys_L_m": 0.624632827, "g6p_r": 0.442276444, "arg_L_e": 0.0492688754, "acgam_l": 0.0044905743, "c4crn_m": 0.0354739819, "C01601_c": 0.0380709969, "hom_L_e": 0.007569951899999999, "hxan_e": 0.0124262403, "lnlccrn_m": 0.052659538799999996, "im4ac_c": 0.0271903677, "urate_e": 0.739166549, "g3p_c": 0.10502673539999999, "hdd2crn_c": 0.0205327254, "glu_L_r": 0.2084658257, "nac_c": 0.09863425630000001, "asp_D_e": 0.0415930058, "thrnt_c": 0.0469989898, "C01507_c": 0.0133489876, "12ppd_R_c": 0.637446849, "5oxpro_e": 1.8684120512, "fuc_L_e": 0.016278873, "arab_L_c": 0.022438112799999996, "vacccrn_m": 0.1376691518, "CE6205_c": 0.0128197747, "pram_c": 0.7517799112000001, "ipdp_c": 0.0029033042, "met_L_m": 0.2926023987, "ile_L_e": 0.0332612035, "hyptaur_c": 0.0010334972, "rbt_e": 0.0697613022, "ocdca_c": 1.1937514562, "Lpipecol_x": 0.0763033268, "c10crn_e": 0.0564401914, "dhdascb_c": 0.0142342712, "gal_c": 0.0752992425, "phe_L_l": 1.1163692067, "urea_m": 34.942167429099996, "glx_m": 0.06281214110000001, "glc_D_c": 3.0163477315, "gln_L_e": 0.4965663388, "glcur_c": 0.016888118100000002, "crn_e": 0.0332253332, "c6crn_x": 0.0098492723, "gua_e": 0.0196725126, "dchac_r": 0.11537662580000001, "4mop_c": 0.08480825439999999, "sarcs_m": 0.0547774096, "anth_e": 0.0234208025, "andrstndn_c": 0.0107060698, "1p2cbxl_x": 0.3344312548, "2coum_c": 0.0332050431, "thr_L_e": 0.7607841890000001, "bilirub_r": 0.1392268279, "5hoxindoa_c": 0.0115689022, "ddeccrn_m": 0.0274198564, "3mop_m": 0.047992243600000005, "xylt_e": 0.0119646331, "sphs1p_e": 0.0767999225, "gudac_c": 0.0090770798, "succ_r": 0.0145610983, "ala_D_c": 12.7175415475, "prgstrn_e": 0.0081337812, "3hmp_m": 1.0874818381, "dmnoncrn_x": 0.0056090783, "oaa_x": 0.09329126880000001, "rib_D_c": 0.0875411684, "gly_m": 0.42321918490000004, "citr_L_m": 0.6644087286, "glyclt_x": 0.0204154849, "acnam_l": 0.0018880967000000002, "creat_m": 0.3367171797, "tyr_L_l": 0.2544768169, "oxa_c": 242.72572303270002, "Lcystin_c": 0.0644073283, "ivcrn_c": 0.020212878, "dhap_x": 0.0243802988, "bz_r": 0.029413860400000002, "lneldc_e": 0.242811854, "C02356_c": 0.4802212929, "pchol_hs_c": 0.0569839612, "asn_L_c": 0.0957277961, "6pgc_c": 0.0222424617, "ser_L_x": 0.7966307711, "leu_L_m": 4.6124462746, "25hvitd3_c": 0.0239132798, "gcald_c": 0.8886696365000001, "glyald_m": 0.0136136649, "thm_e": 0.0137487593, "c8crn_x": 0.0278542131, "pcollg5hlys_c": 0.0962744228, "srb_L_c": 0.044811020599999994, "5htrp_e": 0.0014832970000000002, "pmtcrn_m": 0.045090541399999996, "CE2537_c": 0.2515449938, "cyst_L_m": 0.014268179099999998, "3mob_c": 0.0151362502, "ru5p_D_c": 0.0204501901, "cys_L_m": 0.1148049508, "2mcacn_c": 0.011866294199999999, "pro_D_l": 11.4690485409, "pser_L_c": 0.0093435246, "pac_m": 0.3888884664, "inost_r": 0.4954509427, "ttdca_e": 0.41164456920000003, "orn_m": 0.3518857618, "acrn_x": 0.0124585794, "ttdcea_c": 0.0164410088, "fru_e": 0.3253451052, "ura_c": 0.037850779, "lac_D_c": 54.2537441535, "glyc_c": 2.2533054083, "ocdcea_r": 0.0486774376, "ttdcrn_c": 0.0176319156}