{"aact_m": 0.39136449560000003, "sphings_r": 0.0209079841, "val_L_e": 0.3666311114, "C10164_c": 0.0585277168, "HC02024_r": 0.07382710990000001, "fum_m": 0.028662018199999997, "hdcea_e": 0.0404663483, "adrnl_e": 0.0006449662, "cit_c": 0.8592841084, "4hpro_LT_r": 0.128990677, "chol_m": 0.0732588064, "4h2oglt_c": 0.0371502723, "C06199_l": 0.3804918691, "trp_L_c": 0.5294270272, "stcrn_m": 0.1057756503, "pyr_m": 1.012684575, "carn_c": 0.1258585561, "chsterol_n": 1.8912946078, "lys_L_m": 1.0283161901, "g6p_r": 0.0596080204, "arg_L_e": 0.0558689428, "acgam_l": 0.007089951999999999, "c4crn_m": 0.056552478200000006, "C01601_c": 0.0220702921, "hom_L_e": 0.0019327609, "hxan_e": 0.043674676399999994, "lnlccrn_m": 0.12542501949999998, "im4ac_c": 0.01872597, "urate_e": 0.3087339085, "g3p_c": 0.0566918967, "hdd2crn_c": 0.040299593599999996, "glu_L_r": 0.13562095789999998, "nac_c": 0.2154840813, "asp_D_e": 0.048514372400000005, "thrnt_c": 0.0600773342, "C01507_c": 0.014556113899999999, "12ppd_R_c": 0.5941436247999999, "5oxpro_e": 1.2764454752, "fuc_L_e": 0.007242239, "arab_L_c": 0.015332743400000001, "vacccrn_m": 0.251764359, "CE6205_c": 0.010868706399999999, "pram_c": 0.5870959172, "ipdp_c": 0.0057111513, "met_L_m": 0.2118284689, "ile_L_e": 0.0274722893, "hyptaur_c": 0.0065783662, "rbt_e": 0.0402761636, "ocdca_c": 0.486967809, "Lpipecol_x": 0.035783095699999996, "c10crn_e": 0.2572466347, "dhdascb_c": 0.0170436118, "gal_c": 0.0264089873, "phe_L_l": 0.6491408262, "urea_m": 28.3889708873, "glx_m": 0.15595331369999998, "glc_D_c": 16.396825494, "gln_L_e": 0.3248670674, "glcur_c": 0.0057104747, "crn_e": 0.022427813300000002, "c6crn_x": 0.0222951025, "gua_e": 0.0178704773, "dchac_r": 0.08873784259999999, "4mop_c": 0.0454022253, "sarcs_m": 0.1428562712, "anth_e": 0.0089614442, "andrstndn_c": 0.0350157336, "1p2cbxl_x": 0.2990468656, "2coum_c": 0.0205542006, "thr_L_e": 0.7220871073999999, "bilirub_r": 0.077985493, "5hoxindoa_c": 0.0129066667, "ddeccrn_m": 0.0754429511, "3mop_m": 0.028904868700000003, "xylt_e": 0.0079554633, "sphs1p_e": 0.0666882963, "gudac_c": 0.0109175255, "succ_r": 0.018925084499999998, "ala_D_c": 8.1658116885, "prgstrn_e": 0.022526532999999998, "3hmp_m": 1.3113555184, "dmnoncrn_x": 0.0153654901, "oaa_x": 0.0892289936, "rib_D_c": 0.0391740361, "gly_m": 1.7732963211000001, "citr_L_m": 0.6832494122, "glyclt_x": 0.0202039464, "acnam_l": 0.0156542987, "creat_m": 0.1459665667, "tyr_L_l": 0.1550773561, "oxa_c": 105.5203063888, "Lcystin_c": 0.0832186831, "ivcrn_c": 0.0163337756, "dhap_x": 0.024707264, "bz_r": 0.0219814713, "lneldc_e": 0.0631809391, "C02356_c": 0.42208151619999995, "pchol_hs_c": 0.0800981775, "asn_L_c": 0.0809736187, "6pgc_c": 0.030488959500000003, "ser_L_x": 1.0194780293999999, "leu_L_m": 2.9038673264, "25hvitd3_c": 0.0374494938, "gcald_c": 0.7691649184, "glyald_m": 0.017860123500000002, "thm_e": 0.0210653455, "c8crn_x": 0.0737325775, "pcollg5hlys_c": 0.0780516628, "srb_L_c": 0.0117724948, "5htrp_e": 0.0107982145, "pmtcrn_m": 0.0026214065, "CE2537_c": 0.1105940602, "cyst_L_m": 0.1742347253, "3mob_c": 0.007170839599999999, "ru5p_D_c": 0.012853738600000001, "cys_L_m": 0.1223564342, "2mcacn_c": 0.0100809221, "pro_D_l": 4.065722639, "pser_L_c": 0.010384285200000001, "pac_m": 0.4950314945, "inost_r": 0.3287814403, "ttdca_e": 0.11423417779999999, "orn_m": 0.9288277111, "acrn_x": 0.0103012672, "ttdcea_c": 0.0133202955, "fru_e": 0.0464151896, "ura_c": 0.0456619408, "lac_D_c": 45.30545224229999, "glyc_c": 0.3374257095, "ocdcea_r": 0.015198511100000001, "ttdcrn_c": 0.0293554268}