{"aact_m": 0.4425945325, "sphings_r": 0.0196151223, "val_L_e": 0.308214048, "C10164_c": 0.1306424892, "HC02024_r": 0.047322350199999995, "fum_m": 0.0596481793, "hdcea_e": 0.0149321327, "adrnl_e": 0.0034063568, "cit_c": 0.5235677678, "4hpro_LT_r": 0.1040303177, "chol_m": 0.0357092157, "4h2oglt_c": 0.0323171152, "C06199_l": 0.3194813752, "trp_L_c": 0.622627871, "stcrn_m": 0.0380208388, "pyr_m": 0.8749989443, "carn_c": 0.1577590788, "chsterol_n": 1.03030233, "lys_L_m": 0.9700088962000001, "g6p_r": 0.040578162, "arg_L_e": 0.057781500599999994, "acgam_l": 0.0063153435, "c4crn_m": 0.036029221800000004, "C01601_c": 0.012929508400000001, "hom_L_e": 0.0069731115, "hxan_e": 0.022817405, "lnlccrn_m": 0.0457354861, "im4ac_c": 0.010068670200000001, "urate_e": 0.6391128304, "g3p_c": 0.0371491944, "hdd2crn_c": 0.013474393400000001, "glu_L_r": 0.08899002789999999, "nac_c": 0.1038270065, "asp_D_e": 0.0299306328, "thrnt_c": 0.024217167400000003, "C01507_c": 0.004463917899999999, "12ppd_R_c": 0.5405444292, "5oxpro_e": 0.8732916808, "fuc_L_e": 0.0098318677, "arab_L_c": 0.050193813600000005, "vacccrn_m": 0.0827458611, "CE6205_c": 0.0107554275, "pram_c": 0.6144057402, "ipdp_c": 0.0034614711, "met_L_m": 0.20466571690000002, "ile_L_e": 0.0350165223, "hyptaur_c": 0.010320432, "rbt_e": 0.025070209399999998, "ocdca_c": 0.38993301979999995, "Lpipecol_x": 0.0292746775, "c10crn_e": 0.0952643771, "dhdascb_c": 0.0139777598, "gal_c": 0.040439058, "phe_L_l": 0.49720517579999995, "urea_m": 13.9241419825, "glx_m": 0.026964046499999998, "glc_D_c": 7.5749975439999995, "gln_L_e": 0.3118307423, "glcur_c": 0.004564623, "crn_e": 0.0328959624, "c6crn_x": 0.014017673799999998, "gua_e": 0.0167971413, "dchac_r": 0.0664495687, "4mop_c": 0.06553375089999999, "sarcs_m": 0.1212444186, "anth_e": 0.0092197966, "andrstndn_c": 0.012776201899999999, "1p2cbxl_x": 0.22432368379999998, "2coum_c": 0.0160030844, "thr_L_e": 0.9975768361, "bilirub_r": 0.059158638799999996, "5hoxindoa_c": 0.009169718, "ddeccrn_m": 0.0426359151, "3mop_m": 0.1571613973, "xylt_e": 0.006603580600000001, "sphs1p_e": 0.026576715600000002, "gudac_c": 0.0093570426, "succ_r": 0.0641259877, "ala_D_c": 10.1530538272, "prgstrn_e": 0.013047155, "3hmp_m": 0.5099199434, "dmnoncrn_x": 0.0083503183, "oaa_x": 0.09457881619999998, "rib_D_c": 0.048549948499999995, "gly_m": 0.846475176, "citr_L_m": 0.6767413770999999, "glyclt_x": 0.0082536841, "acnam_l": 0.0241780507, "creat_m": 0.3456197283, "tyr_L_l": 0.111121064, "oxa_c": 132.3701694303, "Lcystin_c": 0.041402443399999996, "ivcrn_c": 0.0200839165, "dhap_x": 0.021659558, "bz_r": 0.0180349714, "lneldc_e": 0.030277009, "C02356_c": 0.5268599369, "pchol_hs_c": 0.0447558339, "asn_L_c": 0.0707190066, "6pgc_c": 0.0258813636, "ser_L_x": 0.8980831203, "leu_L_m": 2.3869485238, "25hvitd3_c": 0.0167908515, "gcald_c": 0.4552458468, "glyald_m": 0.0060572076, "thm_e": 0.0112985751, "c8crn_x": 0.0309606277, "pcollg5hlys_c": 0.0763504978, "srb_L_c": 0.0111468502, "5htrp_e": 0.0316977268, "pmtcrn_m": 0.0198619094, "CE2537_c": 0.1458392791, "cyst_L_m": 0.10922908960000001, "3mob_c": 0.0116620704, "ru5p_D_c": 0.0079772737, "cys_L_m": 0.0989922586, "2mcacn_c": 0.007803749499999999, "pro_D_l": 6.4024421612, "pser_L_c": 0.0089439629, "pac_m": 0.4015163651, "inost_r": 0.23317326789999998, "ttdca_e": 0.0526997525, "orn_m": 0.42117004189999996, "acrn_x": 0.0124493654, "ttdcea_c": 0.0148819403, "fru_e": 0.030657863100000002, "ura_c": 0.0388028117, "lac_D_c": 33.1173171632, "glyc_c": 0.3774199525, "ocdcea_r": 0.0040983783, "ttdcrn_c": 0.0139127899}