{"aact_m": 0.4173351377, "sphings_r": 0.0295316138, "val_L_e": 0.4534912754, "C10164_c": 0.0425002467, "HC02024_r": 0.10500247480000001, "fum_m": 0.029702465, "hdcea_e": 0.1880320326, "adrnl_e": 0.0071384559, "cit_c": 1.6946758191, "4hpro_LT_r": 0.1253744374, "chol_m": 0.0810725318, "4h2oglt_c": 0.0340016496, "C06199_l": 0.41337322979999996, "trp_L_c": 0.7012570308, "stcrn_m": 0.09251685220000001, "pyr_m": 0.9908289548, "carn_c": 0.34033074770000005, "chsterol_n": 1.1400505509999999, "lys_L_m": 1.2871253084, "g6p_r": 0.0633850388, "arg_L_e": 0.0400203771, "acgam_l": 0.0052489455, "c4crn_m": 0.0538336104, "C01601_c": 0.0340535997, "hom_L_e": 0.0111284788, "hxan_e": 0.007844171899999999, "lnlccrn_m": 0.1167675877, "im4ac_c": 0.030384606800000002, "urate_e": 0.8180687584, "g3p_c": 0.059286693700000004, "hdd2crn_c": 0.046672257800000005, "glu_L_r": 0.2401233333, "nac_c": 0.1896236013, "asp_D_e": 0.0539616645, "thrnt_c": 0.0634992621, "C01507_c": 0.0117911877, "12ppd_R_c": 0.5486610509000001, "5oxpro_e": 1.5336300453, "fuc_L_e": 0.0103287699, "arab_L_c": 0.0132816122, "vacccrn_m": 0.1782125216, "CE6205_c": 0.0123346307, "pram_c": 0.6411242468, "ipdp_c": 0.0056139951, "met_L_m": 0.2310392675, "ile_L_e": 0.042407020999999996, "hyptaur_c": 0.0070047059, "rbt_e": 0.051164326399999994, "ocdca_c": 1.6142408074, "Lpipecol_x": 0.0573190809, "c10crn_e": 0.14870807490000001, "dhdascb_c": 0.0268660144, "gal_c": 0.0342382438, "phe_L_l": 0.6726048720000001, "urea_m": 19.6475764851, "glx_m": 0.045225171200000004, "glc_D_c": 4.176688631, "gln_L_e": 0.42501082630000003, "glcur_c": 0.0175742496, "crn_e": 0.025261186600000003, "c6crn_x": 0.0417070545, "gua_e": 0.0177977373, "dchac_r": 0.1088284054, "4mop_c": 0.0676876242, "sarcs_m": 0.10235485679999999, "anth_e": 0.005259934599999999, "andrstndn_c": 0.0682450164, "1p2cbxl_x": 0.3273834686, "2coum_c": 0.0338835897, "thr_L_e": 0.7389006270999999, "bilirub_r": 0.2035444673, "5hoxindoa_c": 0.012261145900000001, "ddeccrn_m": 0.077228883, "3mop_m": 0.1051274593, "xylt_e": 0.0133390555, "sphs1p_e": 0.0256069623, "gudac_c": 0.010975046, "succ_r": 0.0236250575, "ala_D_c": 13.262047591500002, "prgstrn_e": 0.0251537823, "3hmp_m": 3.0037465127, "dmnoncrn_x": 0.007502593399999999, "oaa_x": 0.0923809028, "rib_D_c": 0.0932785307, "gly_m": 1.1709230234999999, "citr_L_m": 0.6757702643000001, "glyclt_x": 0.009646572800000001, "acnam_l": 0.008802360799999999, "creat_m": 0.2499241, "tyr_L_l": 0.2537941706, "oxa_c": 73.9001378409, "Lcystin_c": 0.1289557785, "ivcrn_c": 0.0176828552, "dhap_x": 0.024813728900000002, "bz_r": 0.0220881562, "lneldc_e": 0.1635369667, "C02356_c": 0.6318291065, "pchol_hs_c": 0.0523077942, "asn_L_c": 0.1063111892, "6pgc_c": 0.026187688599999998, "ser_L_x": 1.2923755275, "leu_L_m": 2.795644155, "25hvitd3_c": 0.0378577883, "gcald_c": 0.5423858522, "glyald_m": 0.0054624196, "thm_e": 0.0151691385, "c8crn_x": 0.051685033899999996, "pcollg5hlys_c": 0.1573460592, "srb_L_c": 0.0288722358, "5htrp_e": 0.0112667126, "pmtcrn_m": 0.008125316700000001, "CE2537_c": 0.2918111932, "cyst_L_m": 0.21749483170000003, "3mob_c": 0.01185443, "ru5p_D_c": 0.0195923106, "cys_L_m": 0.0863892083, "2mcacn_c": 0.0089218097, "pro_D_l": 8.333663769700001, "pser_L_c": 0.009239349, "pac_m": 0.43735488, "inost_r": 0.2541884209, "ttdca_e": 0.48163470810000003, "orn_m": 0.5003083251, "acrn_x": 0.0181547674, "ttdcea_c": 0.0077062994999999995, "fru_e": 0.0398757925, "ura_c": 0.0752460748, "lac_D_c": 44.155655914200004, "glyc_c": 2.0795125, "ocdcea_r": 0.1191460413, "ttdcrn_c": 0.0350840141}