{"aact_m": 0.4384635867, "sphings_r": 0.0143723861, "val_L_e": 0.5306561113, "C10164_c": 0.1081285992, "HC02024_r": 0.0327058927, "fum_m": 0.052582983099999994, "hdcea_e": 0.0505209758, "adrnl_e": 0.0016067882000000001, "cit_c": 0.8032743415000001, "4hpro_LT_r": 0.1002582942, "chol_m": 0.0746152972, "4h2oglt_c": 0.0413900834, "C06199_l": 0.33852151840000005, "trp_L_c": 0.7025491084000001, "stcrn_m": 0.0416608042, "pyr_m": 0.5464974714, "carn_c": 0.15655590449999998, "chsterol_n": 2.0745151508, "lys_L_m": 1.0094814251000002, "g6p_r": 0.0454385197, "arg_L_e": 0.050853763600000004, "acgam_l": 0.0057033362, "c4crn_m": 0.0250089786, "C01601_c": 0.0102630914, "hom_L_e": 0.0042764405, "hxan_e": 0.0179252204, "lnlccrn_m": 0.07782474, "im4ac_c": 0.0149202302, "urate_e": 0.2527116721, "g3p_c": 0.0224044446, "hdd2crn_c": 0.0278840133, "glu_L_r": 0.08576537039999999, "nac_c": 0.2503063815, "asp_D_e": 0.0460700437, "thrnt_c": 0.0802725138, "C01507_c": 0.017436063999999998, "12ppd_R_c": 0.5495321385999999, "5oxpro_e": 1.1953862641, "fuc_L_e": 0.0063626128, "arab_L_c": 0.0050512809, "vacccrn_m": 0.13259409390000002, "CE6205_c": 0.0207006478, "pram_c": 0.6259870603000001, "ipdp_c": 0.0032057382, "met_L_m": 0.2518093013, "ile_L_e": 0.0229660024, "hyptaur_c": 0.0125782413, "rbt_e": 0.1366914674, "ocdca_c": 0.7261728782, "Lpipecol_x": 0.037085907200000004, "c10crn_e": 0.2640915447, "dhdascb_c": 0.013860476699999999, "gal_c": 0.0364378115, "phe_L_l": 0.5618778871, "urea_m": 24.7638157596, "glx_m": 0.0406545179, "glc_D_c": 14.8043125231, "gln_L_e": 0.3054890535, "glcur_c": 0.0102370398, "crn_e": 0.0733095987, "c6crn_x": 0.0295518605, "gua_e": 0.0180745389, "dchac_r": 0.0593932069, "4mop_c": 0.0528100591, "sarcs_m": 0.1991925605, "anth_e": 0.010575588899999998, "andrstndn_c": 0.011912554099999998, "1p2cbxl_x": 0.2624198592, "2coum_c": 0.029898833700000002, "thr_L_e": 0.9517155342, "bilirub_r": 0.0472780208, "5hoxindoa_c": 0.010761398, "ddeccrn_m": 0.0734989235, "3mop_m": 0.0859200539, "xylt_e": 0.013733608100000001, "sphs1p_e": 0.0327012208, "gudac_c": 0.0110718857, "succ_r": 0.0572012331, "ala_D_c": 7.4910930823, "prgstrn_e": 0.028560019300000003, "3hmp_m": 4.4847284111, "dmnoncrn_x": 0.008225452900000001, "oaa_x": 0.0968155179, "rib_D_c": 0.0731286342, "gly_m": 1.4674323042, "citr_L_m": 0.6621845757, "glyclt_x": 0.015595841599999999, "acnam_l": 0.010469760500000001, "creat_m": 0.3118027426, "tyr_L_l": 0.2141249354, "oxa_c": 157.7834739389, "Lcystin_c": 0.0530069526, "ivcrn_c": 0.0326071364, "dhap_x": 0.0213474748, "bz_r": 0.0191098613, "lneldc_e": 0.0202164724, "C02356_c": 0.8047440562999999, "pchol_hs_c": 0.0578038989, "asn_L_c": 0.0986111224, "6pgc_c": 0.0356465178, "ser_L_x": 1.0895947070999998, "leu_L_m": 2.8500114349000003, "25hvitd3_c": 0.0170476467, "gcald_c": 0.5440651495000001, "glyald_m": 0.0052594223, "thm_e": 0.007355761800000001, "c8crn_x": 0.07249143, "pcollg5hlys_c": 0.061041274900000005, "srb_L_c": 0.0212354974, "5htrp_e": 0.0243107264, "pmtcrn_m": 0.0053375601, "CE2537_c": 0.1545842722, "cyst_L_m": 0.048248144900000005, "3mob_c": 0.0103161462, "ru5p_D_c": 0.013637246499999998, "cys_L_m": 0.0945727333, "2mcacn_c": 0.0087873424, "pro_D_l": 5.446311184400001, "pser_L_c": 0.0089927022, "pac_m": 0.47621941149999997, "inost_r": 0.3984831472, "ttdca_e": 0.1198562102, "orn_m": 0.9445721733, "acrn_x": 0.0117652732, "ttdcea_c": 0.0171474605, "fru_e": 0.0368125754, "ura_c": 0.0398580121, "lac_D_c": 23.773014932600002, "glyc_c": 0.4853195339, "ocdcea_r": 0.0157928229, "ttdcrn_c": 0.0214758921}