{"aact_m": 0.9177711543000001, "sphings_r": 0.0385946863, "val_L_e": 1.0087185385, "C10164_c": 0.0490940534, "HC02024_r": 0.0605563945, "fum_m": 0.028334063599999997, "hdcea_e": 0.0754633401, "adrnl_e": 0.0100031458, "cit_c": 0.5422897769, "4hpro_LT_r": 0.1328808944, "chol_m": 0.06299339129999999, "4h2oglt_c": 0.0397749317, "C06199_l": 0.3743978376, "trp_L_c": 0.6747587813, "stcrn_m": 0.0465240174, "pyr_m": 1.2531024256999999, "carn_c": 0.2942359743, "chsterol_n": 0.5857760218, "lys_L_m": 1.0888345733, "g6p_r": 0.1055426143, "arg_L_e": 0.0723260827, "acgam_l": 0.006162124200000001, "c4crn_m": 0.0373179249, "C01601_c": 0.0254803955, "hom_L_e": 0.014350284, "hxan_e": 0.1336014213, "lnlccrn_m": 0.0617103159, "im4ac_c": 0.3047697294, "urate_e": 0.7922428398, "g3p_c": 0.0841167078, "hdd2crn_c": 0.0172468621, "glu_L_r": 0.6527308613, "nac_c": 0.1195389762, "asp_D_e": 0.0961393467, "thrnt_c": 0.0212345964, "C01507_c": 0.009056762900000001, "12ppd_R_c": 0.6816535036, "5oxpro_e": 2.2079738008, "fuc_L_e": 0.013001161200000002, "arab_L_c": 0.012966593600000001, "vacccrn_m": 0.09605665449999999, "CE6205_c": 0.022636761000000002, "pram_c": 0.7177402387999999, "ipdp_c": 0.0054011027, "met_L_m": 0.1695816855, "ile_L_e": 0.0656873502, "hyptaur_c": 0.0018020711, "rbt_e": 0.0553567034, "ocdca_c": 0.48084188549999995, "Lpipecol_x": 0.0508422596, "c10crn_e": 0.0364015622, "dhdascb_c": 0.0159346625, "gal_c": 0.1071301258, "phe_L_l": 0.6764895167, "urea_m": 26.5135747723, "glx_m": 0.0301089246, "glc_D_c": 2.3430401652, "gln_L_e": 0.2726717347, "glcur_c": 0.0209175768, "crn_e": 0.0795089552, "c6crn_x": 0.0097378749, "gua_e": 0.014912538500000001, "dchac_r": 0.1355986049, "4mop_c": 0.0654662258, "sarcs_m": 0.1071131241, "anth_e": 0.012024318700000002, "andrstndn_c": 0.0373267079, "1p2cbxl_x": 0.2510516068, "2coum_c": 0.0252591549, "thr_L_e": 0.7126676358, "bilirub_r": 0.0371452766, "5hoxindoa_c": 0.0129449009, "ddeccrn_m": 0.0192666399, "3mop_m": 0.0790171371, "xylt_e": 0.0115853768, "sphs1p_e": 0.0400182953, "gudac_c": 0.0127669735, "succ_r": 0.0246050213, "ala_D_c": 13.163415173099999, "prgstrn_e": 0.0079764027, "3hmp_m": 0.8864301421999999, "dmnoncrn_x": 0.0053922606000000005, "oaa_x": 0.1087023599, "rib_D_c": 0.094234579, "gly_m": 0.5711374017999999, "citr_L_m": 0.7228505404000001, "glyclt_x": 0.0036373782, "acnam_l": 0.0108492011, "creat_m": 0.2669916207, "tyr_L_l": 0.1892548614, "oxa_c": 144.1309813424, "Lcystin_c": 0.0477755555, "ivcrn_c": 0.0532827491, "dhap_x": 0.0273735757, "bz_r": 0.0229036767, "lneldc_e": 0.15415640390000002, "C02356_c": 0.5276148277, "pchol_hs_c": 0.3501923398, "asn_L_c": 0.0530236455, "6pgc_c": 0.0302453344, "ser_L_x": 0.7603810017, "leu_L_m": 3.3276479494, "25hvitd3_c": 0.0268486504, "gcald_c": 0.7373799048, "glyald_m": 0.0064388069999999995, "thm_e": 0.0319655747, "c8crn_x": 0.0173883329, "pcollg5hlys_c": 0.0751429838, "srb_L_c": 0.027971983, "5htrp_e": 0.0125709625, "pmtcrn_m": 0.0046138128, "CE2537_c": 0.3027786654, "cyst_L_m": 0.07840736599999999, "3mob_c": 0.0132764793, "ru5p_D_c": 0.0355711907, "cys_L_m": 0.0841899954, "2mcacn_c": 0.009865460999999999, "pro_D_l": 6.570667029400001, "pser_L_c": 0.0104944452, "pac_m": 0.4871645343, "inost_r": 0.3266799702, "ttdca_e": 0.11248866539999999, "orn_m": 0.5319060333, "acrn_x": 0.0152427919, "ttdcea_c": 0.0080556806, "fru_e": 0.523281349, "ura_c": 0.0354781731, "lac_D_c": 103.9145549895, "glyc_c": 0.8108120269, "ocdcea_r": 0.010642746000000002, "ttdcrn_c": 0.0110977625}