{"aact_m": 0.8417011164, "sphings_r": 0.0345724713, "val_L_e": 0.3261513941, "C10164_c": 0.0557505894, "HC02024_r": 0.0686219978, "fum_m": 0.0367064114, "hdcea_e": 0.028571006200000002, "adrnl_e": 0.0006879548, "cit_c": 0.3470193379, "4hpro_LT_r": 0.1061770417, "chol_m": 0.1646527425, "4h2oglt_c": 0.0548889879, "C06199_l": 0.34727771729999996, "trp_L_c": 0.48005740939999997, "stcrn_m": 0.041391538, "pyr_m": 0.6635237661, "carn_c": 0.18196367719999998, "chsterol_n": 0.7056951795999999, "lys_L_m": 0.8436450746999999, "g6p_r": 0.0536805891, "arg_L_e": 0.030424000299999997, "acgam_l": 0.0046981485, "c4crn_m": 0.0252067568, "C01601_c": 0.023985626, "hom_L_e": 0.0126287727, "hxan_e": 0.0090681427, "lnlccrn_m": 0.0509741857, "im4ac_c": 0.012273240500000001, "urate_e": 0.5189769794, "g3p_c": 0.06086773349999999, "hdd2crn_c": 0.0147268658, "glu_L_r": 0.2525684278, "nac_c": 0.4811570972, "asp_D_e": 0.0512551111, "thrnt_c": 0.0094006126, "C01507_c": 0.4283146347, "12ppd_R_c": 0.5282328357, "5oxpro_e": 1.5463206566999999, "fuc_L_e": 0.0113132069, "arab_L_c": 0.0154958431, "vacccrn_m": 0.0642768923, "CE6205_c": 0.0477938341, "pram_c": 0.6205007275, "ipdp_c": 0.0040620539, "met_L_m": 0.1684125196, "ile_L_e": 0.0412386403, "hyptaur_c": 0.0023365284, "rbt_e": 0.0620651618, "ocdca_c": 0.3574661083, "Lpipecol_x": 0.0249568343, "c10crn_e": 0.045788552999999996, "dhdascb_c": 0.014711103799999998, "gal_c": 0.0523275754, "phe_L_l": 0.6548609937, "urea_m": 17.5328178577, "glx_m": 0.0238298356, "glc_D_c": 15.784312486900001, "gln_L_e": 0.3963588068, "glcur_c": 0.0069239679, "crn_e": 0.06941510099999999, "c6crn_x": 0.0114663918, "gua_e": 0.0126936568, "dchac_r": 0.10937217619999999, "4mop_c": 0.0440884242, "sarcs_m": 0.039025835099999996, "anth_e": 0.0161664509, "andrstndn_c": 0.0381261232, "1p2cbxl_x": 0.2764272907, "2coum_c": 0.0218090959, "thr_L_e": 0.7427547268000001, "bilirub_r": 0.0460224531, "5hoxindoa_c": 0.010958168600000002, "ddeccrn_m": 0.033414184900000005, "3mop_m": 0.0523384053, "xylt_e": 0.0076286736, "sphs1p_e": 0.0206162259, "gudac_c": 0.0104893855, "succ_r": 0.0280191869, "ala_D_c": 10.0507876815, "prgstrn_e": 0.011394886699999999, "3hmp_m": 0.5759333638, "dmnoncrn_x": 0.005917952, "oaa_x": 0.1303596369, "rib_D_c": 0.0634451825, "gly_m": 1.6216806072999999, "citr_L_m": 0.640616079, "glyclt_x": 0.009559692, "acnam_l": 0.003476483, "creat_m": 0.2041461332, "tyr_L_l": 0.1590134769, "oxa_c": 196.3669420896, "Lcystin_c": 0.0349739309, "ivcrn_c": 0.0736122317, "dhap_x": 0.0204248647, "bz_r": 0.0188891348, "lneldc_e": 0.059196524400000006, "C02356_c": 0.3937361257, "pchol_hs_c": 0.2936877375, "asn_L_c": 0.0281407291, "6pgc_c": 0.0477478996, "ser_L_x": 0.6651910607, "leu_L_m": 3.0532339397, "25hvitd3_c": 0.015102704199999999, "gcald_c": 0.5280545736, "glyald_m": 0.0134730306, "thm_e": 0.0035104563, "c8crn_x": 0.020210083, "pcollg5hlys_c": 0.08048221679999999, "srb_L_c": 0.020707653899999998, "5htrp_e": 0.0057369312, "pmtcrn_m": 0.0033919359000000003, "CE2537_c": 0.18234447920000002, "cyst_L_m": 0.0946489806, "3mob_c": 0.0063918034, "ru5p_D_c": 0.01383237, "cys_L_m": 0.0792179646, "2mcacn_c": 0.0083982093, "pro_D_l": 6.018211271799999, "pser_L_c": 0.0092101135, "pac_m": 0.4373606661, "inost_r": 0.2532161906, "ttdca_e": 0.1068981984, "orn_m": 0.6345904845, "acrn_x": 0.0145449075, "ttdcea_c": 0.014168864599999999, "fru_e": 0.0294263104, "ura_c": 0.0377229702, "lac_D_c": 75.87349698119999, "glyc_c": 0.44119099689999997, "ocdcea_r": 0.0056431147, "ttdcrn_c": 0.014484069399999999}