{"aact_m": 0.3633796505, "sphings_r": 0.0366210184, "val_L_e": 0.3193891929, "C10164_c": 0.0649033428, "HC02024_r": 0.06353439940000001, "fum_m": 0.038041349700000004, "hdcea_e": 0.7866011782, "adrnl_e": 0.0002693766, "cit_c": 0.6053771773, "4hpro_LT_r": 0.1216983742, "chol_m": 0.0648255525, "4h2oglt_c": 0.0298543753, "C06199_l": 0.36205059799999995, "trp_L_c": 0.4910323297, "stcrn_m": 0.13242123849999998, "pyr_m": 0.8344658824, "carn_c": 0.23474820579999997, "chsterol_n": 2.7544774498, "lys_L_m": 1.248622416, "g6p_r": 0.0787378771, "arg_L_e": 0.0650171072, "acgam_l": 0.0056478479, "c4crn_m": 0.018003925100000002, "C01601_c": 0.0306336318, "hom_L_e": 0.0025823365, "hxan_e": 0.0492889089, "lnlccrn_m": 0.10445859800000001, "im4ac_c": 0.0267656053, "urate_e": 0.9003018727, "g3p_c": 0.0689928443, "hdd2crn_c": 0.0707614691, "glu_L_r": 2.0785661000999998, "nac_c": 0.35171030560000005, "asp_D_e": 0.0646925102, "thrnt_c": 0.0372558133, "C01507_c": 0.0067665621999999995, "12ppd_R_c": 0.5399366822999999, "5oxpro_e": 3.2165407395, "fuc_L_e": 0.008474487099999999, "arab_L_c": 0.0105200813, "vacccrn_m": 0.2152372084, "CE6205_c": 0.011218961299999998, "pram_c": 0.0, "ipdp_c": 0.0045742892, "met_L_m": 0.2657201853, "ile_L_e": 0.1159717192, "hyptaur_c": 0.0001457936, "rbt_e": 0.0456120784, "ocdca_c": 1.9216717083000001, "Lpipecol_x": 0.0720061613, "c10crn_e": 0.09207371519999999, "dhdascb_c": 0.014358039599999999, "gal_c": 0.011058014299999998, "phe_L_l": 0.7075376456, "urea_m": 8.344873381000001, "glx_m": 0.0220718796, "glc_D_c": 13.3587293087, "gln_L_e": 0.059360026100000005, "glcur_c": 0.011726205600000001, "crn_e": 0.028091777000000002, "c6crn_x": 0.0166855999, "gua_e": 0.0203563743, "dchac_r": 0.089082994, "4mop_c": 0.09150073800000001, "sarcs_m": 0.0811914173, "anth_e": 0.0008866685, "andrstndn_c": 0.017017875, "1p2cbxl_x": 0.2515595801, "2coum_c": 0.019609859, "thr_L_e": 0.8188282839, "bilirub_r": 0.0296110073, "5hoxindoa_c": 0.0071432176000000005, "ddeccrn_m": 0.0802441926, "3mop_m": 0.026190035299999997, "xylt_e": 0.0094801399, "sphs1p_e": 0.025511730299999997, "gudac_c": 0.0071218789, "succ_r": 0.0874575342, "ala_D_c": 28.3830710452, "prgstrn_e": 0.015116274499999999, "3hmp_m": 4.2384730498000005, "dmnoncrn_x": 0.0053970198, "oaa_x": 0.1420668173, "rib_D_c": 0.081141562, "gly_m": 1.8212981038, "citr_L_m": 0.6981840192000001, "glyclt_x": 0.011200221100000001, "acnam_l": 0.0010487564, "creat_m": 0.041792403799999996, "tyr_L_l": 0.1472505244, "oxa_c": 18.473288439, "Lcystin_c": 0.025482806, "ivcrn_c": 0.0121437321, "dhap_x": 0.0270112307, "bz_r": 0.0189579366, "lneldc_e": 0.050326729900000006, "C02356_c": 0.22260148670000002, "pchol_hs_c": 0.5725089913, "asn_L_c": 0.0106254223, "6pgc_c": 0.0155235515, "ser_L_x": 0.8599418876999999, "leu_L_m": 2.7898934975, "25hvitd3_c": 0.025875267, "gcald_c": 0.3091445598, "glyald_m": 0.0073049280000000005, "thm_e": 0.0077454735999999995, "c8crn_x": 0.0361057319, "pcollg5hlys_c": 0.07640000429999999, "srb_L_c": 0.0186367592, "5htrp_e": 0.0063167363, "pmtcrn_m": 0.0027484833, "CE2537_c": 0.2845480884, "cyst_L_m": 0.14997688650000002, "3mob_c": 0.0141011573, "ru5p_D_c": 0.11106976269999999, "cys_L_m": 0.0476764716, "2mcacn_c": 0.006424320799999999, "pro_D_l": 5.4461002463999995, "pser_L_c": 0.010392305, "pac_m": 0.2756474627, "inost_r": 0.2634172114, "ttdca_e": 0.9525570123999999, "orn_m": 0.4630749081, "acrn_x": 0.017458141599999998, "ttdcea_c": 0.0099018528, "fru_e": 0.0417262812, "ura_c": 0.0351970268, "lac_D_c": 180.4229190899, "glyc_c": 3.5500079206, "ocdcea_r": 0.1437774626, "ttdcrn_c": 0.037712518}