{"aact_m": 0.5307604774, "sphings_r": 0.030136504900000003, "val_L_e": 0.5430116273, "C10164_c": 0.0430383709, "HC02024_r": 0.0878216138, "fum_m": 0.0209864664, "hdcea_e": 0.0349318405, "adrnl_e": 0.0022139046, "cit_c": 0.9105262598, "4hpro_LT_r": 0.1247341761, "chol_m": 0.0755586578, "4h2oglt_c": 0.0404480615, "C06199_l": 0.34759850929999997, "trp_L_c": 0.6218213689000001, "stcrn_m": 0.0448702613, "pyr_m": 0.7637044524, "carn_c": 0.2099084738, "chsterol_n": 1.0045820667, "lys_L_m": 1.0718079618, "g6p_r": 0.045733095, "arg_L_e": 0.0545200442, "acgam_l": 0.0062433537, "c4crn_m": 0.0, "C01601_c": 0.024609182400000002, "hom_L_e": 0.0023478589000000003, "hxan_e": 0.0175113957, "lnlccrn_m": 0.087797498, "im4ac_c": 0.026811323300000002, "urate_e": 0.27891753129999997, "g3p_c": 0.08691394460000001, "hdd2crn_c": 0.0380602994, "glu_L_r": 0.1008650232, "nac_c": 0.1840921701, "asp_D_e": 0.036857302, "thrnt_c": 0.0564790922, "C01507_c": 0.0072446264, "12ppd_R_c": 0.4420667544, "5oxpro_e": 1.4286311886, "fuc_L_e": 0.0105265678, "arab_L_c": 0.0073511098, "vacccrn_m": 0.1967753361, "CE6205_c": 0.0176488869, "pram_c": 0.6188492362, "ipdp_c": 0.0049406633, "met_L_m": 0.2298799625, "ile_L_e": 0.0415252889, "hyptaur_c": 0.007071848100000001, "rbt_e": 0.0236373963, "ocdca_c": 0.4990960506, "Lpipecol_x": 0.09143541449999999, "c10crn_e": 0.3923607187, "dhdascb_c": 0.0162064396, "gal_c": 0.0236421083, "phe_L_l": 0.5653584598, "urea_m": 18.2819647305, "glx_m": 0.0793263253, "glc_D_c": 33.2358911471, "gln_L_e": 0.3960246639, "glcur_c": 0.0042880222, "crn_e": 0.0258732496, "c6crn_x": 0.042331481, "gua_e": 0.0180782212, "dchac_r": 0.08766815900000001, "4mop_c": 0.0603871949, "sarcs_m": 0.17349334519999998, "anth_e": 0.007270552800000001, "andrstndn_c": 0.013828815900000001, "1p2cbxl_x": 0.19694559949999998, "2coum_c": 0.024907356600000003, "thr_L_e": 1.0308057308, "bilirub_r": 0.1572791508, "5hoxindoa_c": 0.0134551136, "ddeccrn_m": 0.08221884480000001, "3mop_m": 0.09376873849999999, "xylt_e": 0.0070098929, "sphs1p_e": 0.0547621663, "gudac_c": 0.0110984457, "succ_r": 0.0160633114, "ala_D_c": 8.9800957688, "prgstrn_e": 0.0254926342, "3hmp_m": 1.9724098999000002, "dmnoncrn_x": 0.011392899, "oaa_x": 0.0948140284, "rib_D_c": 0.06368645469999999, "gly_m": 1.5960804597, "citr_L_m": 0.6329280133, "glyclt_x": 0.0128666173, "acnam_l": 0.0081329675, "creat_m": 0.3971351414, "tyr_L_l": 0.18670473559999998, "oxa_c": 91.71786835450001, "Lcystin_c": 0.058012033899999996, "ivcrn_c": 0.0253702027, "dhap_x": 0.0232379754, "bz_r": 0.0019637313, "lneldc_e": 0.1793853516, "C02356_c": 0.7897215687000001, "pchol_hs_c": 0.0652156524, "asn_L_c": 0.1111379216, "6pgc_c": 0.0319875143, "ser_L_x": 1.1457323759, "leu_L_m": 2.9753309689, "25hvitd3_c": 0.034619134700000005, "gcald_c": 0.5509709163000001, "glyald_m": 0.0124000217, "thm_e": 0.0072778695, "c8crn_x": 0.1746680916, "pcollg5hlys_c": 0.0942784701, "srb_L_c": 0.015098830700000001, "5htrp_e": 0.0091017415, "pmtcrn_m": 0.0070129976, "CE2537_c": 0.1839447814, "cyst_L_m": 0.022326902000000003, "3mob_c": 0.0129018207, "ru5p_D_c": 0.0144916102, "cys_L_m": 0.0761696172, "2mcacn_c": 0.0085197708, "pro_D_l": 4.7376268199, "pser_L_c": 0.0092185009, "pac_m": 0.45841668630000004, "inost_r": 0.2350916768, "ttdca_e": 0.0719826321, "orn_m": 0.5739411625, "acrn_x": 0.0072646955000000004, "ttdcea_c": 0.012064731399999999, "fru_e": 0.10269331820000001, "ura_c": 0.0446446749, "lac_D_c": 32.0627503867, "glyc_c": 0.2676066093, "ocdcea_r": 0.0152466924, "ttdcrn_c": 0.0289880731}