{"aact_m": 0.6103121793999999, "sphings_r": 0.0166828947, "val_L_e": 0.3265662237, "C10164_c": 0.0733623168, "HC02024_r": 0.050178838600000004, "fum_m": 0.044397018200000006, "hdcea_e": 0.0383354918, "adrnl_e": 0.0058968702, "cit_c": 1.0404964102, "4hpro_LT_r": 0.1067459064, "chol_m": 0.094630381, "4h2oglt_c": 0.0403258404, "C06199_l": 0.3698784657, "trp_L_c": 0.6119861579, "stcrn_m": 0.0501515712, "pyr_m": 1.0498624711, "carn_c": 0.1792052757, "chsterol_n": 1.9818984788999998, "lys_L_m": 0.854717939, "g6p_r": 0.06336136440000001, "arg_L_e": 0.0439193337, "acgam_l": 0.0059909765, "c4crn_m": 0.046828633700000004, "C01601_c": 0.0153711476, "hom_L_e": 0.0141066834, "hxan_e": 0.030421422799999997, "lnlccrn_m": 0.0695994586, "im4ac_c": 0.0334425113, "urate_e": 0.5155899565, "g3p_c": 0.0291594283, "hdd2crn_c": 0.032251344700000004, "glu_L_r": 0.168786192, "nac_c": 0.0452074219, "asp_D_e": 0.0447798918, "thrnt_c": 0.010018880899999999, "C01507_c": 0.0085668592, "12ppd_R_c": 0.5269669610000001, "5oxpro_e": 1.2227920335, "fuc_L_e": 0.010765076100000001, "arab_L_c": 0.0189274693, "vacccrn_m": 0.1652467564, "CE6205_c": 0.014544746, "pram_c": 0.7358301264, "ipdp_c": 0.003930251500000001, "met_L_m": 0.1809825196, "ile_L_e": 0.0382323237, "hyptaur_c": 0.0086205349, "rbt_e": 0.0485263483, "ocdca_c": 0.48627261229999996, "Lpipecol_x": 0.0825469043, "c10crn_e": 0.2141322529, "dhdascb_c": 0.0206509044, "gal_c": 0.042484561799999994, "phe_L_l": 0.6168415369, "urea_m": 14.754851701199998, "glx_m": 0.0551167034, "glc_D_c": 11.323651768, "gln_L_e": 0.3163246474, "glcur_c": 0.0095750904, "crn_e": 0.052048570499999995, "c6crn_x": 0.0296864862, "gua_e": 0.0139235393, "dchac_r": 0.0647948593, "4mop_c": 0.0437195104, "sarcs_m": 0.2223881784, "anth_e": 0.0104726361, "andrstndn_c": 0.0117093515, "1p2cbxl_x": 0.3918868258, "2coum_c": 0.0256125325, "thr_L_e": 0.616857406, "bilirub_r": 0.0460319955, "5hoxindoa_c": 0.0102598558, "ddeccrn_m": 0.0648452295, "3mop_m": 0.0517395197, "xylt_e": 0.0090589352, "sphs1p_e": 0.0364101474, "gudac_c": 0.0107323152, "succ_r": 0.0340592293, "ala_D_c": 11.905719616199999, "prgstrn_e": 0.0254751689, "3hmp_m": 1.376074628, "dmnoncrn_x": 0.0134753276, "oaa_x": 0.1061845388, "rib_D_c": 0.0704698123, "gly_m": 3.29003909, "citr_L_m": 0.7013864266, "glyclt_x": 0.0046475351, "acnam_l": 0.013896496599999999, "creat_m": 0.34030117719999997, "tyr_L_l": 0.18003351480000002, "oxa_c": 153.2340340088, "Lcystin_c": 0.0928658511, "ivcrn_c": 0.0284570544, "dhap_x": 0.022197174500000003, "bz_r": 0.020882234399999998, "lneldc_e": 0.0314683922, "C02356_c": 0.3456416328, "pchol_hs_c": 0.0732464032, "asn_L_c": 0.0586400591, "6pgc_c": 0.0333888091, "ser_L_x": 1.294338039, "leu_L_m": 2.0138199913, "25hvitd3_c": 0.025253961600000003, "gcald_c": 0.5573910266, "glyald_m": 0.0242362968, "thm_e": 0.0165539376, "c8crn_x": 0.06868421549999999, "pcollg5hlys_c": 0.07895516400000001, "srb_L_c": 0.0158106765, "5htrp_e": 0.0118998046, "pmtcrn_m": 0.0030737504, "CE2537_c": 0.21932667039999998, "cyst_L_m": 0.0394393396, "3mob_c": 0.0096375408, "ru5p_D_c": 0.0078707546, "cys_L_m": 0.1446701884, "2mcacn_c": 0.0092991629, "pro_D_l": 7.1495816575, "pser_L_c": 0.0089733181, "pac_m": 0.4374886969, "inost_r": 0.35632704299999995, "ttdca_e": 0.0980307627, "orn_m": 0.7460146419, "acrn_x": 0.0117643526, "ttdcea_c": 0.0143445971, "fru_e": 0.0818791684, "ura_c": 0.056605875300000004, "lac_D_c": 56.181496700299995, "glyc_c": 0.7165528548000001, "ocdcea_r": 0.0180196771, "ttdcrn_c": 0.0266540204}