{"aact_m": 0.5887995615, "sphings_r": 0.0317996119, "val_L_e": 0.29998390350000004, "C10164_c": 0.0304247577, "HC02024_r": 0.11697103699999999, "fum_m": 0.0187294319, "hdcea_e": 0.0240151023, "adrnl_e": 0.1292933221, "cit_c": 1.0067741931999998, "4hpro_LT_r": 0.1363817789, "chol_m": 0.095553712, "4h2oglt_c": 0.0404248689, "C06199_l": 0.3735356854, "trp_L_c": 0.5802010406, "stcrn_m": 0.0569937878, "pyr_m": 0.5322951788, "carn_c": 0.1974626894, "chsterol_n": 1.5496769, "lys_L_m": 0.5709867262, "g6p_r": 0.10611879099999999, "arg_L_e": 0.0714403991, "acgam_l": 0.0056229502, "c4crn_m": 0.0727078161, "C01601_c": 0.0162530982, "hom_L_e": 0.0036242818, "hxan_e": 0.023355573799999998, "lnlccrn_m": 0.0858255556, "im4ac_c": 0.0365504081, "urate_e": 0.4163103226, "g3p_c": 0.1489402266, "hdd2crn_c": 0.044596696500000005, "glu_L_r": 0.1029637966, "nac_c": 0.2564334576, "asp_D_e": 0.025324710099999998, "thrnt_c": 0.0606171243, "C01507_c": 0.0196770155, "12ppd_R_c": 0.4184176373, "5oxpro_e": 1.1213096083, "fuc_L_e": 0.0087342163, "arab_L_c": 0.0076485283, "vacccrn_m": 0.1866555692, "CE6205_c": 0.0344520018, "pram_c": 0.6084956853, "ipdp_c": 0.005321643399999999, "met_L_m": 0.17314575850000002, "ile_L_e": 0.0321095752, "hyptaur_c": 0.0063471082, "rbt_e": 0.0352203148, "ocdca_c": 0.4431540189, "Lpipecol_x": 0.037434155, "c10crn_e": 0.32567867149999996, "dhdascb_c": 0.0181170359, "gal_c": 0.024591639, "phe_L_l": 0.5520792875, "urea_m": 18.9609992753, "glx_m": 0.06300775480000001, "glc_D_c": 32.603282680700005, "gln_L_e": 0.3866974046, "glcur_c": 0.0075756368000000004, "crn_e": 0.0073291579, "c6crn_x": 0.0460463008, "gua_e": 0.015616881200000002, "dchac_r": 0.076538497, "4mop_c": 0.0529251794, "sarcs_m": 0.1735627297, "anth_e": 0.0077455878, "andrstndn_c": 0.008575688100000001, "1p2cbxl_x": 0.25094999760000003, "2coum_c": 0.0231546148, "thr_L_e": 0.703640884, "bilirub_r": 0.0733188139, "5hoxindoa_c": 0.0126909172, "ddeccrn_m": 0.0911006328, "3mop_m": 0.1066659728, "xylt_e": 0.0111120083, "sphs1p_e": 0.06411178940000001, "gudac_c": 0.0117747194, "succ_r": 0.0150923835, "ala_D_c": 10.5781037418, "prgstrn_e": 0.034089632, "3hmp_m": 0.6215980047999999, "dmnoncrn_x": 0.015055724599999999, "oaa_x": 0.1122204024, "rib_D_c": 0.0453587337, "gly_m": 1.5764356914, "citr_L_m": 0.6720726770000001, "glyclt_x": 0.0142969653, "acnam_l": 0.0109330921, "creat_m": 0.33221751239999997, "tyr_L_l": 0.1709692751, "oxa_c": 90.45804029709998, "Lcystin_c": 0.0626987603, "ivcrn_c": 0.0466014624, "dhap_x": 0.0269703846, "bz_r": 0.020674708899999998, "lneldc_e": 0.0796428361, "C02356_c": 0.41751336, "pchol_hs_c": 0.0855842637, "asn_L_c": 0.06324900110000001, "6pgc_c": 0.0317495098, "ser_L_x": 0.9838769556999999, "leu_L_m": 1.9527232241999999, "25hvitd3_c": 0.0343365542, "gcald_c": 0.607309874, "glyald_m": 0.0108115237, "thm_e": 0.0038710065000000004, "c8crn_x": 0.1524549995, "pcollg5hlys_c": 0.1081946366, "srb_L_c": 0.0108150433, "5htrp_e": 0.006070685300000001, "pmtcrn_m": 0.004522241, "CE2537_c": 0.1302153381, "cyst_L_m": 0.1095316531, "3mob_c": 0.0109354069, "ru5p_D_c": 0.011587228400000002, "cys_L_m": 0.07437444230000001, "2mcacn_c": 0.0092939063, "pro_D_l": 4.5133397230000005, "pser_L_c": 0.0101935813, "pac_m": 0.4786308158, "inost_r": 0.31332027219999997, "ttdca_e": 0.07225682509999999, "orn_m": 0.3752285733, "acrn_x": 0.008836753000000001, "ttdcea_c": 0.0099908863, "fru_e": 0.2063628134, "ura_c": 0.0495038176, "lac_D_c": 33.264207878, "glyc_c": 0.4103517775, "ocdcea_r": 0.007894326600000001, "ttdcrn_c": 0.039435337}