{"aact_m": 0.5641642872, "sphings_r": 0.036943695299999996, "val_L_e": 0.29159299510000003, "C10164_c": 0.0275766912, "HC02024_r": 0.1646020816, "fum_m": 0.015496789399999999, "hdcea_e": 0.0253714621, "adrnl_e": 0.0047554803, "cit_c": 0.7875463082999999, "4hpro_LT_r": 0.13995525080000001, "chol_m": 0.0865196606, "4h2oglt_c": 0.06929094549999999, "C06199_l": 0.4123872587, "trp_L_c": 0.8272628337000001, "stcrn_m": 0.0663093963, "pyr_m": 0.826425222, "carn_c": 0.1542659946, "chsterol_n": 1.8580210165, "lys_L_m": 0.6281251377, "g6p_r": 0.33382757420000003, "arg_L_e": 0.0739569652, "acgam_l": 0.0061450241, "c4crn_m": 0.034621883799999996, "C01601_c": 0.0385456602, "hom_L_e": 0.0087902702, "hxan_e": 0.0182535082, "lnlccrn_m": 0.0811473329, "im4ac_c": 0.0144247851, "urate_e": 0.475197585, "g3p_c": 0.1326973583, "hdd2crn_c": 0.0217695933, "glu_L_r": 0.29972894559999996, "nac_c": 0.1370297868, "asp_D_e": 0.0381025276, "thrnt_c": 0.041635778, "C01507_c": 0.6716478276000001, "12ppd_R_c": 0.5226951036, "5oxpro_e": 1.7289887603999998, "fuc_L_e": 0.0108187019, "arab_L_c": 0.022557022799999996, "vacccrn_m": 0.16653078359999998, "CE6205_c": 0.0106749323, "pram_c": 0.6037548471, "ipdp_c": 0.0058222551, "met_L_m": 0.2128473584, "ile_L_e": 0.0704490338, "hyptaur_c": 0.0011142889999999999, "rbt_e": 0.0520056771, "ocdca_c": 0.5595172388, "Lpipecol_x": 0.0229692986, "c10crn_e": 0.10587838570000001, "dhdascb_c": 0.0148861143, "gal_c": 0.047989667699999995, "phe_L_l": 0.7935569621999999, "urea_m": 30.504254429699998, "glx_m": 0.0417027172, "glc_D_c": 25.959168205900003, "gln_L_e": 0.37158484340000003, "glcur_c": 0.0207919149, "crn_e": 0.0566731109, "c6crn_x": 0.0150212533, "gua_e": 0.015739528200000002, "dchac_r": 0.1343203925, "4mop_c": 0.06544398059999999, "sarcs_m": 0.0692022054, "anth_e": 0.012503504399999999, "andrstndn_c": 0.04751808230000001, "1p2cbxl_x": 0.3049337791, "2coum_c": 0.0171991029, "thr_L_e": 0.6210218518, "bilirub_r": 0.18195340010000002, "5hoxindoa_c": 0.0159119682, "ddeccrn_m": 0.0463587198, "3mop_m": 0.0665541189, "xylt_e": 0.0093323706, "sphs1p_e": 0.051229301100000006, "gudac_c": 0.0120075141, "succ_r": 0.0130756391, "ala_D_c": 15.5861599674, "prgstrn_e": 0.0171713523, "3hmp_m": 0.8129907833, "dmnoncrn_x": 0.0133857255, "oaa_x": 0.0954243368, "rib_D_c": 0.05329824650000001, "gly_m": 1.7199112668, "citr_L_m": 0.6709150940999999, "glyclt_x": 0.0133471338, "acnam_l": 0.011451011499999999, "creat_m": 0.2852216956, "tyr_L_l": 0.1559004632, "oxa_c": 143.93773390200002, "Lcystin_c": 0.0665518744, "ivcrn_c": 0.0172912571, "dhap_x": 0.032718691800000005, "bz_r": 0.022653064900000002, "lneldc_e": 0.9562288402, "C02356_c": 0.5531116738, "pchol_hs_c": 0.05585356019999999, "asn_L_c": 0.0827251718, "6pgc_c": 0.0377741431, "ser_L_x": 1.0044777172, "leu_L_m": 2.8041866313, "25hvitd3_c": 0.0268235629, "gcald_c": 0.7969633917, "glyald_m": 0.0102935066, "thm_e": 0.0178566437, "c8crn_x": 0.0434988604, "pcollg5hlys_c": 0.0730916612, "srb_L_c": 0.0384612938, "5htrp_e": 0.0043543265, "pmtcrn_m": 0.0108653795, "CE2537_c": 0.14710721640000002, "cyst_L_m": 0.1641535271, "3mob_c": 0.0147764718, "ru5p_D_c": 0.0177624918, "cys_L_m": 0.11944831869999999, "2mcacn_c": 0.013914062, "pro_D_l": 7.7944701617, "pser_L_c": 0.0107672693, "pac_m": 0.5697994884, "inost_r": 0.4248523213, "ttdca_e": 0.10422529900000001, "orn_m": 0.5264536745, "acrn_x": 0.0148655201, "ttdcea_c": 0.012775551100000001, "fru_e": 0.2385712237, "ura_c": 0.039313070299999996, "lac_D_c": 39.0993931095, "glyc_c": 0.7839549587000001, "ocdcea_r": 0.0155224174, "ttdcrn_c": 0.0240152207}