{"aact_m": 0.5786387628, "sphings_r": 0.0297951328, "val_L_e": 0.2829549627, "C10164_c": 0.0425858258, "HC02024_r": 0.0694373356, "fum_m": 0.0224751166, "hdcea_e": 0.0321773923, "adrnl_e": 0.0025518551, "cit_c": 0.7866705558, "4hpro_LT_r": 0.132201474, "chol_m": 0.0651760173, "4h2oglt_c": 0.0436905032, "C06199_l": 0.4638638812, "trp_L_c": 0.5371205429, "stcrn_m": 0.0666926524, "pyr_m": 0.7041142762, "carn_c": 0.2080862853, "chsterol_n": 1.2905581179, "lys_L_m": 1.1816410752, "g6p_r": 0.0665834402, "arg_L_e": 0.0981371034, "acgam_l": 0.006505976, "c4crn_m": 0.007010049399999999, "C01601_c": 0.0231769888, "hom_L_e": 0.0023554775, "hxan_e": 0.0314283525, "lnlccrn_m": 0.1165837553, "im4ac_c": 0.0107482709, "urate_e": 0.1007409382, "g3p_c": 0.0672032834, "hdd2crn_c": 0.023374985499999997, "glu_L_r": 0.06403931809999999, "nac_c": 0.17630177989999998, "asp_D_e": 0.0327403419, "thrnt_c": 0.0388529144, "C01507_c": 0.013328794, "12ppd_R_c": 0.3774158024, "5oxpro_e": 1.6375720583000002, "fuc_L_e": 0.0101231714, "arab_L_c": 0.0019499857, "vacccrn_m": 0.1980738075, "CE6205_c": 0.0115551919, "pram_c": 0.8085195811, "ipdp_c": 0.0057668963, "met_L_m": 0.2473732968, "ile_L_e": 0.028057589100000002, "hyptaur_c": 0.009438651, "rbt_e": 0.0213426671, "ocdca_c": 0.7198035877, "Lpipecol_x": 0.0390747167, "c10crn_e": 0.09497199769999999, "dhdascb_c": 0.0170363597, "gal_c": 0.0301055077, "phe_L_l": 0.5648637371, "urea_m": 25.8167902492, "glx_m": 0.041892300099999995, "glc_D_c": 1.0770963354, "gln_L_e": 0.6479672854, "glcur_c": 0.0041540437, "crn_e": 0.0109618232, "c6crn_x": 0.0096612901, "gua_e": 0.020660729, "dchac_r": 0.10021012970000001, "4mop_c": 0.0580956572, "sarcs_m": 0.1461034678, "anth_e": 0.0091077784, "andrstndn_c": 0.0134216785, "1p2cbxl_x": 0.2328457562, "2coum_c": 0.0183560832, "thr_L_e": 1.2091971997, "bilirub_r": 0.1118547614, "5hoxindoa_c": 0.0111951776, "ddeccrn_m": 0.0359800315, "3mop_m": 0.083103676, "xylt_e": 0.0060458615, "sphs1p_e": 0.0494818212, "gudac_c": 0.0093116793, "succ_r": 0.0153352788, "ala_D_c": 10.1624466538, "prgstrn_e": 0.0109046296, "3hmp_m": 1.1633313643, "dmnoncrn_x": 0.0039231427, "oaa_x": 0.1161608391, "rib_D_c": 0.0411857193, "gly_m": 2.1067867853, "citr_L_m": 0.6613426483, "glyclt_x": 0.017587661100000002, "acnam_l": 0.014826613899999999, "creat_m": 0.3048593799, "tyr_L_l": 0.14223624210000002, "oxa_c": 104.09461933680001, "Lcystin_c": 0.0453942073, "ivcrn_c": 0.022924605299999998, "dhap_x": 0.0249719139, "bz_r": 0.0196901095, "lneldc_e": 0.0602928352, "C02356_c": 0.5665721767, "pchol_hs_c": 0.1139925782, "asn_L_c": 0.12071009199999999, "6pgc_c": 0.0321023786, "ser_L_x": 1.2569811301, "leu_L_m": 3.0736319148, "25hvitd3_c": 0.029137501899999998, "gcald_c": 0.8131996189, "glyald_m": 0.0106112313, "thm_e": 0.0107682352, "c8crn_x": 0.0327743616, "pcollg5hlys_c": 0.0745068225, "srb_L_c": 0.0086532103, "5htrp_e": 0.0094363452, "pmtcrn_m": 0.0146445969, "CE2537_c": 0.11631172140000001, "cyst_L_m": 0.08328736, "3mob_c": 0.0097423127, "ru5p_D_c": 0.0142867472, "cys_L_m": 0.0983129478, "2mcacn_c": 0.0075792506, "pro_D_l": 4.9691504342, "pser_L_c": 0.0093360125, "pac_m": 0.4204480097, "inost_r": 0.1766367255, "ttdca_e": 0.1009543819, "orn_m": 0.6096448685, "acrn_x": 0.0051051872, "ttdcea_c": 0.0092671756, "fru_e": 0.036500776299999996, "ura_c": 0.045376705999999996, "lac_D_c": 31.6990759429, "glyc_c": 0.18594229620000002, "ocdcea_r": 0.0166018142, "ttdcrn_c": 0.0172621922}