{"aact_m": 0.8124865976000001, "sphings_r": 0.040686279900000004, "val_L_e": 0.31383306699999997, "C10164_c": 0.0578866054, "HC02024_r": 0.0855868315, "fum_m": 0.0557966494, "hdcea_e": 0.1332416985, "adrnl_e": 0.044948698499999995, "cit_c": 1.0629727425, "4hpro_LT_r": 0.1170566514, "chol_m": 0.073271922, "4h2oglt_c": 0.0386348464, "C06199_l": 0.2224753497, "trp_L_c": 0.5433007013000001, "stcrn_m": 0.1084025697, "pyr_m": 2.4774413141, "carn_c": 0.0993329768, "chsterol_n": 1.5303557147, "lys_L_m": 0.5743232742000001, "g6p_r": 0.06890286030000001, "arg_L_e": 0.0529807208, "acgam_l": 0.005339391, "c4crn_m": 0.021604498599999997, "C01601_c": 0.0179140618, "hom_L_e": 0.0061693934, "hxan_e": 0.1104799124, "lnlccrn_m": 0.1425902164, "im4ac_c": 0.0113177491, "urate_e": 0.5477835743, "g3p_c": 0.06624172730000001, "hdd2crn_c": 0.0520004867, "glu_L_r": 0.2219509591, "nac_c": 0.5462863736, "asp_D_e": 0.06743559, "thrnt_c": 0.0649004899, "C01507_c": 0.0055034916, "12ppd_R_c": 0.5944077585, "5oxpro_e": 1.6116430947, "fuc_L_e": 0.005609456600000001, "arab_L_c": 0.0078937696, "vacccrn_m": 0.3141907557, "CE6205_c": 0.0163890909, "pram_c": 0.4744324656, "ipdp_c": 0.0047598417, "met_L_m": 0.14148989509999998, "ile_L_e": 0.0523730187, "hyptaur_c": 0.0062095759, "rbt_e": 0.031306955899999996, "ocdca_c": 1.0068526219, "Lpipecol_x": 0.013781453999999999, "c10crn_e": 0.052808804699999996, "dhdascb_c": 0.0170228002, "gal_c": 0.020873693000000002, "phe_L_l": 0.5046599314, "urea_m": 29.557110039899996, "glx_m": 0.0246548593, "glc_D_c": 9.467196299400001, "gln_L_e": 0.2519195572, "glcur_c": 0.0046086127000000005, "crn_e": 0.0632976625, "c6crn_x": 0.0140697615, "gua_e": 0.0109225275, "dchac_r": 0.1352336966, "4mop_c": 0.1382244048, "sarcs_m": 0.1540851551, "anth_e": 0.0057216462, "andrstndn_c": 0.012601253799999998, "1p2cbxl_x": 0.2523388341, "2coum_c": 0.0115340028, "thr_L_e": 0.553134012, "bilirub_r": 0.1115072299, "5hoxindoa_c": 0.0101883232, "ddeccrn_m": 0.0553206104, "3mop_m": 0.0569369877, "xylt_e": 0.005632979399999999, "sphs1p_e": 0.0642295318, "gudac_c": 0.009399122099999999, "succ_r": 0.0499557933, "ala_D_c": 7.8263373745, "prgstrn_e": 0.0083019675, "3hmp_m": 34.068890412600005, "dmnoncrn_x": 0.0051404084, "oaa_x": 0.11164582070000001, "rib_D_c": 0.024016231000000002, "gly_m": 1.2759572909999999, "citr_L_m": 0.7133100498, "glyclt_x": 0.006700081700000001, "acnam_l": 0.0086996965, "creat_m": 0.2737895332, "tyr_L_l": 0.0845780332, "oxa_c": 119.7283465516, "Lcystin_c": 0.0245300729, "ivcrn_c": 0.0277401362, "dhap_x": 0.0218471923, "bz_r": 0.0160066086, "lneldc_e": 0.12138291, "C02356_c": 1.0736462922, "pchol_hs_c": 0.1273961221, "asn_L_c": 0.0555421324, "6pgc_c": 0.0288164301, "ser_L_x": 0.7170035083, "leu_L_m": 3.3960438476999997, "25hvitd3_c": 0.037902839, "gcald_c": 0.5788821966, "glyald_m": 0.0123550751, "thm_e": 0.007427453499999999, "c8crn_x": 0.0190579388, "pcollg5hlys_c": 0.0673448407, "srb_L_c": 0.0075677298, "5htrp_e": 0.00811562, "pmtcrn_m": 0.0056153958, "CE2537_c": 0.0720553132, "cyst_L_m": 0.1304198833, "3mob_c": 0.011097673300000001, "ru5p_D_c": 0.023432107999999997, "cys_L_m": 0.040845472599999995, "2mcacn_c": 0.0092769584, "pro_D_l": 3.4863943402, "pser_L_c": 0.0087588629, "pac_m": 0.3891720635, "inost_r": 0.33677205829999995, "ttdca_e": 0.16951441, "orn_m": 0.7328319164, "acrn_x": 0.013688787, "ttdcea_c": 0.0076395670999999995, "fru_e": 0.0293520625, "ura_c": 0.042766182199999996, "lac_D_c": 175.9565795665, "glyc_c": 0.871071815, "ocdcea_r": 0.0384980356, "ttdcrn_c": 0.036321280899999996}