{"aact_m": 0.9317094909999999, "sphings_r": 0.0347883827, "val_L_e": 0.3430884377, "C10164_c": 0.027209354300000002, "HC02024_r": 0.1575777175, "fum_m": 0.0115827681, "hdcea_e": 0.0184989938, "adrnl_e": 0.0014237115, "cit_c": 0.6920729051000001, "4hpro_LT_r": 0.13607632960000002, "chol_m": 0.0976516491, "4h2oglt_c": 0.0845294696, "C06199_l": 0.5418611057, "trp_L_c": 0.5498797727, "stcrn_m": 0.0404656654, "pyr_m": 0.0147586049, "carn_c": 0.1978808035, "chsterol_n": 1.1438625216, "lys_L_m": 1.0196878871, "g6p_r": 0.0581526237, "arg_L_e": 0.0355507386, "acgam_l": 0.0045813499, "c4crn_m": 0.0228676751, "C01601_c": 0.037815368599999996, "hom_L_e": 0.009924658900000001, "hxan_e": 0.0191278242, "lnlccrn_m": 0.044784713399999995, "im4ac_c": 0.0202013443, "urate_e": 0.5593738329, "g3p_c": 0.1155108376, "hdd2crn_c": 0.0147796525, "glu_L_r": 1.2094592015999999, "nac_c": 0.19124501010000003, "asp_D_e": 0.3367150671, "thrnt_c": 0.0100427387, "C01507_c": 0.0092921985, "12ppd_R_c": 0.4630964579, "5oxpro_e": 3.6072818455, "fuc_L_e": 0.0095240113, "arab_L_c": 0.0103589613, "vacccrn_m": 0.1096577936, "CE6205_c": 0.0124900857, "pram_c": 0.8498277546999999, "ipdp_c": 0.0053197209, "met_L_m": 0.23234823079999997, "ile_L_e": 0.0317819708, "hyptaur_c": 0.0003116052, "rbt_e": 0.023865521, "ocdca_c": 0.6472448475, "Lpipecol_x": 0.0624058938, "c10crn_e": 0.0345097456, "dhdascb_c": 0.0158542482, "gal_c": 0.0326134272, "phe_L_l": 0.7881750068000001, "urea_m": 16.3270218952, "glx_m": 0.0181943615, "glc_D_c": 1.0853013663, "gln_L_e": 0.26480071980000003, "glcur_c": 0.010489786200000002, "crn_e": 0.0614618019, "c6crn_x": 0.0065649998, "gua_e": 0.019261280800000002, "dchac_r": 0.1678792841, "4mop_c": 0.0054755227, "sarcs_m": 0.3199451109, "anth_e": 0.0096468615, "andrstndn_c": 0.011566836799999999, "1p2cbxl_x": 0.28784536899999996, "2coum_c": 0.0289368537, "thr_L_e": 1.2058318225, "bilirub_r": 0.0343931917, "5hoxindoa_c": 0.0147615308, "ddeccrn_m": 0.0166856216, "3mop_m": 0.0871071389, "xylt_e": 0.0070200849, "sphs1p_e": 0.0320961367, "gudac_c": 0.0113676833, "succ_r": 0.0230472645, "ala_D_c": 11.1240337003, "prgstrn_e": 0.006902073199999999, "3hmp_m": 0.8298716653, "dmnoncrn_x": 0.0030924142, "oaa_x": 0.11628664890000001, "rib_D_c": 0.047378570099999996, "gly_m": 0.9312945716, "citr_L_m": 0.7115178077, "glyclt_x": 0.0114028667, "acnam_l": 0.0016809154, "creat_m": 0.40009125149999997, "tyr_L_l": 0.2199912399, "oxa_c": 112.245103754, "Lcystin_c": 0.0189722494, "ivcrn_c": 0.018371011200000002, "dhap_x": 0.0241876358, "bz_r": 0.023865885899999998, "lneldc_e": 0.4595837207, "C02356_c": 0.2837625786, "pchol_hs_c": 0.18713091969999998, "asn_L_c": 0.024141688999999997, "6pgc_c": 0.0408719678, "ser_L_x": 1.7178257658000002, "leu_L_m": 2.8146673604, "25hvitd3_c": 0.0197673381, "gcald_c": 0.6404848419, "glyald_m": 0.0117466409, "thm_e": 0.007211505500000001, "c8crn_x": 0.0159906001, "pcollg5hlys_c": 0.08449642269999999, "srb_L_c": 0.025440808500000002, "5htrp_e": 0.0025311932000000002, "pmtcrn_m": 0.0149896399, "CE2537_c": 0.1414251286, "cyst_L_m": 0.0167115762, "3mob_c": 0.0005016177999999999, "ru5p_D_c": 0.018775511499999998, "cys_L_m": 0.04576682, "2mcacn_c": 0.014055979599999999, "pro_D_l": 6.2719737857, "pser_L_c": 0.0104221711, "pac_m": 0.5146110857, "inost_r": 0.19882944730000002, "ttdca_e": 0.0866755715, "orn_m": 0.476036146, "acrn_x": 0.015582478799999999, "ttdcea_c": 0.030845384, "fru_e": 0.12478417439999999, "ura_c": 0.0407045553, "lac_D_c": 22.747091709, "glyc_c": 0.346462125, "ocdcea_r": 0.0079396834, "ttdcrn_c": 0.0128559933}