{"aact_m": 0.4988946515, "sphings_r": 0.0133474375, "val_L_e": 0.3672702143, "C10164_c": 0.5970248541, "HC02024_r": 0.0406748957, "fum_m": 0.0749855236, "hdcea_e": 0.004938076, "adrnl_e": 0.0018459579000000002, "cit_c": 0.9852771257999999, "4hpro_LT_r": 0.0941487737, "chol_m": 0.0342682028, "4h2oglt_c": 0.0337825052, "C06199_l": 0.5047216874, "trp_L_c": 0.8675791056000001, "stcrn_m": 0.021280298700000002, "pyr_m": 1.0667919214, "carn_c": 0.1651013542, "chsterol_n": 0.9737737984999999, "lys_L_m": 0.5939457365999999, "g6p_r": 0.059924403499999994, "arg_L_e": 0.0474279332, "acgam_l": 0.0085496889, "c4crn_m": 0.0234376992, "C01601_c": 0.0102619587, "hom_L_e": 0.022026200099999997, "hxan_e": 0.0187665308, "lnlccrn_m": 0.0301613634, "im4ac_c": 0.020656473300000002, "urate_e": 0.3790975237, "g3p_c": 0.025566253100000002, "hdd2crn_c": 0.0051321477, "glu_L_r": 0.1266421576, "nac_c": 0.10334422730000001, "asp_D_e": 0.0579219528, "thrnt_c": 0.0389446397, "C01507_c": 0.0554866737, "12ppd_R_c": 0.5143516558, "5oxpro_e": 1.1268609484, "fuc_L_e": 0.0089604278, "arab_L_c": 0.0142465695, "vacccrn_m": 0.041135928700000005, "CE6205_c": 0.015494011399999999, "pram_c": 0.6305035193999999, "ipdp_c": 0.0037463786, "met_L_m": 0.206389092, "ile_L_e": 0.0291582997, "hyptaur_c": 0.0090183586, "rbt_e": 0.036277215, "ocdca_c": 0.37396627990000003, "Lpipecol_x": 0.0684353402, "c10crn_e": 0.0194562779, "dhdascb_c": 0.017134731, "gal_c": 0.0853344156, "phe_L_l": 0.8845558215, "urea_m": 25.368625431199998, "glx_m": 0.0775110309, "glc_D_c": 14.813147031, "gln_L_e": 0.24151338260000002, "glcur_c": 0.0062496146, "crn_e": 0.09204249310000001, "c6crn_x": 0.0055927497, "gua_e": 0.0141389076, "dchac_r": 0.05136050650000001, "4mop_c": 0.05465582980000001, "sarcs_m": 0.11675120929999999, "anth_e": 0.0103589291, "andrstndn_c": 0.014131583799999998, "1p2cbxl_x": 0.2268210121, "2coum_c": 0.0338863591, "thr_L_e": 0.626945801, "bilirub_r": 0.0327157537, "5hoxindoa_c": 0.0084949075, "ddeccrn_m": 0.0157405529, "3mop_m": 0.1396738451, "xylt_e": 0.009446843199999999, "sphs1p_e": 0.0352225242, "gudac_c": 0.0089041827, "succ_r": 0.14783177390000002, "ala_D_c": 12.644376052, "prgstrn_e": 0.0050596018, "3hmp_m": 1.06332494, "dmnoncrn_x": 0.0033115244, "oaa_x": 0.09673227279999999, "rib_D_c": 0.051537895, "gly_m": 0.49140046119999997, "citr_L_m": 0.6353883697, "glyclt_x": 0.0118671448, "acnam_l": 0.006314593, "creat_m": 0.2451534315, "tyr_L_l": 0.2344025445, "oxa_c": 153.184328279, "Lcystin_c": 0.0346291699, "ivcrn_c": 0.0327815088, "dhap_x": 0.020476003899999998, "bz_r": 0.025577719300000003, "lneldc_e": 0.12009917710000001, "C02356_c": 0.3813068918, "pchol_hs_c": 0.0559933017, "asn_L_c": 0.1345033941, "6pgc_c": 0.026708968, "ser_L_x": 1.1827820708, "leu_L_m": 3.4931056328, "25hvitd3_c": 0.00936528, "gcald_c": 0.5694416292, "glyald_m": 0.0071216833, "thm_e": 0.0060241633, "c8crn_x": 0.0083092828, "pcollg5hlys_c": 0.0546057446, "srb_L_c": 0.024231726800000002, "5htrp_e": 0.0377920178, "pmtcrn_m": 0.0057960445999999995, "CE2537_c": 0.1431881491, "cyst_L_m": 0.0226872108, "3mob_c": 0.010240274399999999, "ru5p_D_c": 0.0057958364000000005, "cys_L_m": 0.09505723199999999, "2mcacn_c": 0.0073996063, "pro_D_l": 10.294583746599999, "pser_L_c": 0.0080930476, "pac_m": 0.3604432461, "inost_r": 0.28549331769999997, "ttdca_e": 0.029268308700000002, "orn_m": 0.44985572450000005, "acrn_x": 0.0125607402, "ttdcea_c": 0.0168533727, "fru_e": 2.1976938362, "ura_c": 0.047399450999999995, "lac_D_c": 48.2418916052, "glyc_c": 0.3035058965, "ocdcea_r": 0.2699219739, "ttdcrn_c": 0.0078384786}