{"aact_m": 0.22526986780000002, "sphings_r": 0.013688713100000001, "val_L_e": 0.4837465807, "C10164_c": 1.1199925488, "HC02024_r": 0.0256311894, "fum_m": 0.1046663925, "hdcea_e": 0.1371170098, "adrnl_e": 0.0095844472, "cit_c": 0.8773483355, "4hpro_LT_r": 0.0986528797, "chol_m": 0.0756833837, "4h2oglt_c": 0.041716271, "C06199_l": 0.42186022619999997, "trp_L_c": 0.5419798765, "stcrn_m": 0.024411361, "pyr_m": 0.028524181200000002, "carn_c": 0.12042137189999999, "chsterol_n": 1.0860728998, "lys_L_m": 0.5775734471, "g6p_r": 0.36184829770000004, "arg_L_e": 0.0500221188, "acgam_l": 0.0130758163, "c4crn_m": 0.0114689371, "C01601_c": 0.0566284062, "hom_L_e": 0.02217873, "hxan_e": 0.0439309274, "lnlccrn_m": 0.0392426205, "im4ac_c": 0.0121164573, "urate_e": 0.41838008039999997, "g3p_c": 0.0232928043, "hdd2crn_c": 0.0236124434, "glu_L_r": 3.0468385505, "nac_c": 0.10815661130000001, "asp_D_e": 0.35176974759999996, "thrnt_c": 0.0140967379, "C01507_c": 0.0138212451, "12ppd_R_c": 0.6443753922, "5oxpro_e": 7.107173371799999, "fuc_L_e": 0.012061611100000001, "arab_L_c": 0.0167677596, "vacccrn_m": 0.1081504971, "CE6205_c": 0.0057433201, "pram_c": 0.6370269836, "ipdp_c": 0.0036193378999999997, "met_L_m": 0.2317507464, "ile_L_e": 0.059096267699999996, "hyptaur_c": 0.0038823233, "rbt_e": 0.0505458266, "ocdca_c": 1.4048322684999999, "Lpipecol_x": 0.0341678532, "c10crn_e": 0.0671100949, "dhdascb_c": 0.0155134747, "gal_c": 0.048460963600000004, "phe_L_l": 0.9546026848, "urea_m": 21.441250449600002, "glx_m": 0.0324915162, "glc_D_c": 13.862117276, "gln_L_e": 0.1252477076, "glcur_c": 0.0154698466, "crn_e": 0.0762875796, "c6crn_x": 0.015452066, "gua_e": 0.014385907, "dchac_r": 0.045947569699999996, "4mop_c": 0.0150936104, "sarcs_m": 0.0914235353, "anth_e": 0.0179641175, "andrstndn_c": 0.0307803638, "1p2cbxl_x": 0.33038185670000003, "2coum_c": 0.0208635952, "thr_L_e": 2.3027306906000002, "bilirub_r": 0.036326639300000005, "5hoxindoa_c": 0.0105740145, "ddeccrn_m": 0.0314549056, "3mop_m": 0.0679222927, "xylt_e": 0.0123468984, "sphs1p_e": 0.0312608579, "gudac_c": 0.010394296800000001, "succ_r": 0.3272594447, "ala_D_c": 11.6520241781, "prgstrn_e": 0.0162071829, "3hmp_m": 3.8479490505, "dmnoncrn_x": 0.0045176886999999995, "oaa_x": 0.1015825556, "rib_D_c": 0.047562623, "gly_m": 1.9377813394999999, "citr_L_m": 0.6569080293, "glyclt_x": 0.0028592928, "acnam_l": 0.0020475396, "creat_m": 0.23658355260000002, "tyr_L_l": 0.14117101769999998, "oxa_c": 250.5982662238, "Lcystin_c": 0.0231283519, "ivcrn_c": 0.0091432031, "dhap_x": 0.021207074300000003, "bz_r": 0.0216604631, "lneldc_e": 0.14247946820000001, "C02356_c": 0.4683944995, "pchol_hs_c": 0.1449093642, "asn_L_c": 0.04852184440000001, "6pgc_c": 0.035499489700000005, "ser_L_x": 1.9130651464, "leu_L_m": 3.1207403163, "25hvitd3_c": 0.011193652, "gcald_c": 0.5162003624, "glyald_m": 0.010926344, "thm_e": 0.005418520600000001, "c8crn_x": 0.0285660114, "pcollg5hlys_c": 0.0731076743, "srb_L_c": 0.0289630604, "5htrp_e": 0.0265034046, "pmtcrn_m": 0.0031740732, "CE2537_c": 0.1602380379, "cyst_L_m": 0.0274993167, "3mob_c": 0.0023604287, "ru5p_D_c": 0.015672659199999998, "cys_L_m": 0.087307237, "2mcacn_c": 0.0087422162, "pro_D_l": 7.9769570898, "pser_L_c": 0.0092505943, "pac_m": 0.45367683799999997, "inost_r": 0.31520259219999996, "ttdca_e": 0.2299290612, "orn_m": 0.2990779336, "acrn_x": 0.0131047351, "ttdcea_c": 0.017838268799999998, "fru_e": 0.0333120218, "ura_c": 0.0401959325, "lac_D_c": 101.1269027295, "glyc_c": 0.7014167595999999, "ocdcea_r": 0.057883600599999994, "ttdcrn_c": 0.0114392424}