{"aact_m": 0.4959748911, "sphings_r": 0.0326810893, "val_L_e": 0.5248854231, "C10164_c": 0.0571669017, "HC02024_r": 0.0953323534, "fum_m": 0.0343382322, "hdcea_e": 0.028305933399999997, "adrnl_e": 0.0003058628, "cit_c": 0.5745729860000001, "4hpro_LT_r": 0.1266204292, "chol_m": 0.1105110127, "4h2oglt_c": 0.039728687, "C06199_l": 0.3650264907, "trp_L_c": 0.6497076349, "stcrn_m": 0.056652098600000006, "pyr_m": 1.5316205241, "carn_c": 0.12618477779999998, "chsterol_n": 1.0653884257, "lys_L_m": 0.8783841615000001, "g6p_r": 0.0608951104, "arg_L_e": 0.042322142400000005, "acgam_l": 0.0071892894999999995, "c4crn_m": 0.0349498713, "C01601_c": 0.0339125794, "hom_L_e": 0.0076944840000000006, "hxan_e": 0.2192851262, "lnlccrn_m": 0.1802572876, "im4ac_c": 0.017775013899999997, "urate_e": 0.3435831632, "g3p_c": 0.0684814291, "hdd2crn_c": 0.0263024992, "glu_L_r": 0.35595501770000004, "nac_c": 0.2387291359, "asp_D_e": 0.1322643149, "thrnt_c": 0.10384375039999999, "C01507_c": 0.12440429480000001, "12ppd_R_c": 0.7317586078, "5oxpro_e": 2.2796932269, "fuc_L_e": 0.007791166800000001, "arab_L_c": 0.0156654407, "vacccrn_m": 0.20015044329999998, "CE6205_c": 0.012790358200000001, "pram_c": 0.6217850235, "ipdp_c": 0.0057258284, "met_L_m": 0.1982958486, "ile_L_e": 0.0262218908, "hyptaur_c": 0.0058591684, "rbt_e": 0.0657798587, "ocdca_c": 0.7054447971, "Lpipecol_x": 0.0828592989, "c10crn_e": 0.10559772320000001, "dhdascb_c": 0.0165591246, "gal_c": 0.0456264321, "phe_L_l": 0.6868577734, "urea_m": 31.0020076271, "glx_m": 0.0355179902, "glc_D_c": 13.5380269942, "gln_L_e": 0.3129615986, "glcur_c": 0.013056154399999999, "crn_e": 0.0325021669, "c6crn_x": 0.0222677439, "gua_e": 0.0180842017, "dchac_r": 0.11519852259999999, "4mop_c": 0.0399327925, "sarcs_m": 0.2535975624, "anth_e": 0.005894382199999999, "andrstndn_c": 0.0191537488, "1p2cbxl_x": 0.2962349843, "2coum_c": 0.0206970037, "thr_L_e": 0.7926323318999999, "bilirub_r": 0.0601368295, "5hoxindoa_c": 0.013262966299999998, "ddeccrn_m": 0.034330435299999996, "3mop_m": 0.12469400539999999, "xylt_e": 0.010878841299999999, "sphs1p_e": 0.1057343167, "gudac_c": 0.0114087075, "succ_r": 0.0623600688, "ala_D_c": 12.0345812227, "prgstrn_e": 0.0195568572, "3hmp_m": 0.7484210952, "dmnoncrn_x": 0.0110891557, "oaa_x": 0.0899973067, "rib_D_c": 0.034708379, "gly_m": 1.1798398818, "citr_L_m": 0.7057700091, "glyclt_x": 0.006517710699999999, "acnam_l": 0.0139864303, "creat_m": 0.5026402511, "tyr_L_l": 0.1495812767, "oxa_c": 85.2259671764, "Lcystin_c": 0.0421547068, "ivcrn_c": 0.018515342, "dhap_x": 0.024695596400000002, "bz_r": 0.0219031663, "lneldc_e": 0.1524264207, "C02356_c": 0.2352713129, "pchol_hs_c": 0.1444873082, "asn_L_c": 0.076222833, "6pgc_c": 0.0318929983, "ser_L_x": 1.0875415239, "leu_L_m": 2.6660913656, "25hvitd3_c": 0.028416903599999998, "gcald_c": 0.7634247247, "glyald_m": 0.007876394200000001, "thm_e": 0.0152392542, "c8crn_x": 0.0479175815, "pcollg5hlys_c": 0.0821617828, "srb_L_c": 0.0278376369, "5htrp_e": 0.0139573096, "pmtcrn_m": 0.0025206657, "CE2537_c": 0.09130543619999999, "cyst_L_m": 0.1878500104, "3mob_c": 0.0085981922, "ru5p_D_c": 0.0160301003, "cys_L_m": 0.0818170512, "2mcacn_c": 0.0101016656, "pro_D_l": 7.9459475803999995, "pser_L_c": 0.0095923892, "pac_m": 0.47667875880000005, "inost_r": 0.416399652, "ttdca_e": 0.1226644939, "orn_m": 0.8182175134999999, "acrn_x": 0.0126775716, "ttdcea_c": 0.0122525943, "fru_e": 1.1393958624, "ura_c": 0.0311587711, "lac_D_c": 243.79373185990002, "glyc_c": 0.4749308142, "ocdcea_r": 0.0095428498, "ttdcrn_c": 0.021795566699999998}