{"aact_m": 1.0047490619, "sphings_r": 0.026099531699999998, "val_L_e": 0.573353577, "C10164_c": 0.050302573200000006, "HC02024_r": 0.0846332195, "fum_m": 0.0302911212, "hdcea_e": 0.0945846658, "adrnl_e": 0.0015706607, "cit_c": 0.9682510773, "4hpro_LT_r": 0.1254028888, "chol_m": 0.07307401349999999, "4h2oglt_c": 0.0321865301, "C06199_l": 0.3262130195, "trp_L_c": 0.6402728299, "stcrn_m": 0.0850300041, "pyr_m": 0.7633399822, "carn_c": 0.1459713408, "chsterol_n": 1.3367222054999999, "lys_L_m": 0.7769469531000001, "g6p_r": 0.0494759907, "arg_L_e": 0.0585975244, "acgam_l": 0.0053854729, "c4crn_m": 0.0071048571, "C01601_c": 0.022555371400000003, "hom_L_e": 0.0020916352999999998, "hxan_e": 0.038182046000000004, "lnlccrn_m": 0.19196245690000002, "im4ac_c": 0.0088839736, "urate_e": 0.34119848840000006, "g3p_c": 0.0676523145, "hdd2crn_c": 0.0487747654, "glu_L_r": 0.35715357329999997, "nac_c": 0.2296196333, "asp_D_e": 0.0651773583, "thrnt_c": 0.1276257628, "C01507_c": 0.010845438300000001, "12ppd_R_c": 0.5978707379, "5oxpro_e": 1.8577726746, "fuc_L_e": 0.0072205373, "arab_L_c": 0.0090373503, "vacccrn_m": 0.24758111230000002, "CE6205_c": 0.0191351938, "pram_c": 0.6488508052, "ipdp_c": 0.0055837707999999995, "met_L_m": 0.1799288905, "ile_L_e": 0.029141957000000003, "hyptaur_c": 0.005893832900000001, "rbt_e": 0.0316128216, "ocdca_c": 0.9815612274, "Lpipecol_x": 0.14181159029999998, "c10crn_e": 0.18325678469999998, "dhdascb_c": 0.0179315668, "gal_c": 0.025068839500000002, "phe_L_l": 0.5637151288000001, "urea_m": 14.657760229900001, "glx_m": 0.0371879261, "glc_D_c": 20.5725137034, "gln_L_e": 0.3193182151, "glcur_c": 0.0068320079, "crn_e": 0.0639920991, "c6crn_x": 0.0216660661, "gua_e": 0.015246044399999999, "dchac_r": 0.1062049657, "4mop_c": 0.0452956886, "sarcs_m": 0.0647281084, "anth_e": 0.0124572574, "andrstndn_c": 0.015897665800000002, "1p2cbxl_x": 0.28133380620000004, "2coum_c": 0.018378565, "thr_L_e": 0.6095986122, "bilirub_r": 0.0775151686, "5hoxindoa_c": 0.0114340403, "ddeccrn_m": 0.0926156651, "3mop_m": 0.043155966799999994, "xylt_e": 0.0099301221, "sphs1p_e": 0.0561502043, "gudac_c": 0.0100570547, "succ_r": 0.0344758893, "ala_D_c": 8.7163440757, "prgstrn_e": 0.023302342900000002, "3hmp_m": 3.6980903166, "dmnoncrn_x": 0.012595280300000001, "oaa_x": 0.0990952769, "rib_D_c": 0.0407058023, "gly_m": 1.7684775216, "citr_L_m": 0.7026288794, "glyclt_x": 0.0083028802, "acnam_l": 0.0103751066, "creat_m": 0.18726775350000002, "tyr_L_l": 0.1342973506, "oxa_c": 141.2250575825, "Lcystin_c": 0.0315982731, "ivcrn_c": 0.033173532799999995, "dhap_x": 0.0246326288, "bz_r": 0.0190949647, "lneldc_e": 0.18222962809999999, "C02356_c": 0.3968627851, "pchol_hs_c": 0.28766646, "asn_L_c": 0.0652456547, "6pgc_c": 0.022949434700000004, "ser_L_x": 0.8913477201000001, "leu_L_m": 2.6621458050999998, "25hvitd3_c": 0.0419780206, "gcald_c": 0.4575607793, "glyald_m": 0.0070861353, "thm_e": 0.0020449228, "c8crn_x": 0.0649867785, "pcollg5hlys_c": 0.0749887279, "srb_L_c": 0.0181559569, "5htrp_e": 0.0141377313, "pmtcrn_m": 0.0028422054999999997, "CE2537_c": 0.10068153449999999, "cyst_L_m": 0.0632809079, "3mob_c": 0.0087980332, "ru5p_D_c": 0.0257794069, "cys_L_m": 0.0651781258, "2mcacn_c": 0.0092469475, "pro_D_l": 4.291473352200001, "pser_L_c": 0.0093191224, "pac_m": 0.39664827210000003, "inost_r": 0.1906077722, "ttdca_e": 0.2283135725, "orn_m": 0.7810459453, "acrn_x": 0.011149595900000002, "ttdcea_c": 0.010963975800000001, "fru_e": 0.0431728004, "ura_c": 0.046987180700000006, "lac_D_c": 76.9161888731, "glyc_c": 0.6740007984999999, "ocdcea_r": 0.029567056499999998, "ttdcrn_c": 0.0359437933}