{"aact_m": 0.425716627, "sphings_r": 0.023337835600000002, "val_L_e": 0.4275832094, "C10164_c": 0.098544133, "HC02024_r": 0.0687359997, "fum_m": 0.0550039455, "hdcea_e": 0.0608419146, "adrnl_e": 0.0121207803, "cit_c": 0.6075711598, "4hpro_LT_r": 0.1024833619, "chol_m": 0.0836583081, "4h2oglt_c": 0.0323196231, "C06199_l": 0.37226511240000004, "trp_L_c": 0.5472873843, "stcrn_m": 0.0318759581, "pyr_m": 1.2449859979, "carn_c": 0.1815696953, "chsterol_n": 1.3049905664, "lys_L_m": 0.5905756506000001, "g6p_r": 0.06204746480000001, "arg_L_e": 0.0340661394, "acgam_l": 0.005201427, "c4crn_m": 0.040672857400000005, "C01601_c": 0.0111116225, "hom_L_e": 0.0078675274, "hxan_e": 0.0411097994, "lnlccrn_m": 0.0959639167, "im4ac_c": 0.0118648872, "urate_e": 0.3793342197, "g3p_c": 0.0388356889, "hdd2crn_c": 0.0214132097, "glu_L_r": 0.3129041676, "nac_c": 0.18081868399999998, "asp_D_e": 0.07650494320000001, "thrnt_c": 0.06107141, "C01507_c": 0.0363741671, "12ppd_R_c": 0.6353293697, "5oxpro_e": 1.8586809737, "fuc_L_e": 0.0101852598, "arab_L_c": 0.0105282243, "vacccrn_m": 0.12147406570000001, "CE6205_c": 0.012413180800000001, "pram_c": 0.6171659207, "ipdp_c": 0.0033270738, "met_L_m": 0.1883335492, "ile_L_e": 0.0252957683, "hyptaur_c": 0.0061108362, "rbt_e": 0.028953594300000003, "ocdca_c": 0.559819199, "Lpipecol_x": 0.0321198879, "c10crn_e": 0.1480258925, "dhdascb_c": 0.011430771599999999, "gal_c": 0.02412429, "phe_L_l": 0.5791908143, "urea_m": 17.355023263299998, "glx_m": 0.036366031800000004, "glc_D_c": 22.1712840569, "gln_L_e": 0.2522137109, "glcur_c": 0.0070026948, "crn_e": 0.040095996, "c6crn_x": 0.020875073600000002, "gua_e": 0.0152550013, "dchac_r": 0.0624530418, "4mop_c": 0.0411732058, "sarcs_m": 0.17394965440000001, "anth_e": 0.011021486, "andrstndn_c": 0.0322048749, "1p2cbxl_x": 0.18433142530000002, "2coum_c": 0.023761383599999998, "thr_L_e": 0.764544071, "bilirub_r": 0.0903685048, "5hoxindoa_c": 0.0083240483, "ddeccrn_m": 0.054097920099999995, "3mop_m": 0.0397524982, "xylt_e": 0.0056622231000000006, "sphs1p_e": 0.0509841098, "gudac_c": 0.0088302262, "succ_r": 0.0564718275, "ala_D_c": 10.1803297185, "prgstrn_e": 0.0191740541, "3hmp_m": 0.6427770156, "dmnoncrn_x": 0.0100127254, "oaa_x": 0.09400645619999999, "rib_D_c": 0.054758489, "gly_m": 1.2218739923, "citr_L_m": 0.6443619866, "glyclt_x": 0.0095766289, "acnam_l": 0.008811025, "creat_m": 0.1162804603, "tyr_L_l": 0.1714317345, "oxa_c": 153.2252107857, "Lcystin_c": 0.029578299199999998, "ivcrn_c": 0.0218884975, "dhap_x": 0.0209786311, "bz_r": 0.0197699812, "lneldc_e": 0.024590805, "C02356_c": 0.8021275158, "pchol_hs_c": 0.0538314783, "asn_L_c": 0.0840228317, "6pgc_c": 0.0241729694, "ser_L_x": 1.07944603, "leu_L_m": 2.2460360744, "25hvitd3_c": 0.019209195800000002, "gcald_c": 0.4383061041, "glyald_m": 0.0123571819, "thm_e": 0.0054684888, "c8crn_x": 0.043558236900000005, "pcollg5hlys_c": 0.0754868873, "srb_L_c": 0.01311254, "5htrp_e": 0.0190558721, "pmtcrn_m": 0.0023887076999999997, "CE2537_c": 0.1805693581, "cyst_L_m": 0.0330980149, "3mob_c": 0.0092071478, "ru5p_D_c": 0.0169044644, "cys_L_m": 0.0483265839, "2mcacn_c": 0.0072655148, "pro_D_l": 8.149966992000001, "pser_L_c": 0.008838834200000001, "pac_m": 0.38040158049999995, "inost_r": 0.21572179519999998, "ttdca_e": 0.18065750390000002, "orn_m": 1.6559891768000001, "acrn_x": 0.012525064099999999, "ttdcea_c": 0.0064126878000000005, "fru_e": 0.0339970113, "ura_c": 0.0307685342, "lac_D_c": 61.2972528821, "glyc_c": 1.4225070653, "ocdcea_r": 0.0205910306, "ttdcrn_c": 0.0223534406}