{"aact_m": 0.5127547093, "sphings_r": 0.0369535472, "val_L_e": 0.8279795052, "C10164_c": 0.055402729000000005, "HC02024_r": 0.1009572567, "fum_m": 0.035683297999999995, "hdcea_e": 0.011026731599999999, "adrnl_e": 0.0024913723, "cit_c": 0.7259688153, "4hpro_LT_r": 0.1220142301, "chol_m": 0.071491217, "4h2oglt_c": 0.0403516411, "C06199_l": 0.36533686229999995, "trp_L_c": 0.6648886146999999, "stcrn_m": 0.0467762361, "pyr_m": 1.2016233721, "carn_c": 0.1605420303, "chsterol_n": 1.2849063512, "lys_L_m": 0.8432630192, "g6p_r": 0.0629024295, "arg_L_e": 0.07599129660000001, "acgam_l": 0.0058511854, "c4crn_m": 0.04817956650000001, "C01601_c": 0.0413906073, "hom_L_e": 0.0067611373, "hxan_e": 0.02677399, "lnlccrn_m": 0.171500706, "im4ac_c": 0.0141353081, "urate_e": 0.2703804284, "g3p_c": 0.0748777998, "hdd2crn_c": 0.019537577, "glu_L_r": 0.1296766573, "nac_c": 0.3142578756, "asp_D_e": 0.04712846440000001, "thrnt_c": 0.0666776603, "C01507_c": 0.023674806200000002, "12ppd_R_c": 0.5913628161, "5oxpro_e": 1.3041138783, "fuc_L_e": 0.0072207842, "arab_L_c": 0.0390774325, "vacccrn_m": 0.1376362757, "CE6205_c": 0.0164960465, "pram_c": 0.5988184348, "ipdp_c": 0.0048211823999999995, "met_L_m": 0.2454768273, "ile_L_e": 0.0195372132, "hyptaur_c": 0.0159202154, "rbt_e": 0.0402719877, "ocdca_c": 0.2654323674, "Lpipecol_x": 0.0611238416, "c10crn_e": 0.049441287800000004, "dhdascb_c": 0.0138764519, "gal_c": 0.0289704215, "phe_L_l": 0.6210756929, "urea_m": 22.345969732600004, "glx_m": 0.07270463419999999, "glc_D_c": 27.3982189587, "gln_L_e": 0.4045163396, "glcur_c": 0.010020780200000001, "crn_e": 0.0882196301, "c6crn_x": 0.0119012497, "gua_e": 0.018656412600000002, "dchac_r": 0.1092798358, "4mop_c": 0.059774777, "sarcs_m": 0.0872774674, "anth_e": 0.0075989131, "andrstndn_c": 0.020308993100000002, "1p2cbxl_x": 0.1958448995, "2coum_c": 0.024966571200000003, "thr_L_e": 0.9007239490000001, "bilirub_r": 0.0504100021, "5hoxindoa_c": 0.0134462248, "ddeccrn_m": 0.016848604099999998, "3mop_m": 0.0979099619, "xylt_e": 0.0109396674, "sphs1p_e": 0.0754530591, "gudac_c": 0.0110930202, "succ_r": 0.0244787509, "ala_D_c": 12.6835400391, "prgstrn_e": 0.0132746868, "3hmp_m": 0.6585241662, "dmnoncrn_x": 0.003485868, "oaa_x": 0.08721680109999999, "rib_D_c": 0.0373196564, "gly_m": 1.3267824625, "citr_L_m": 0.6763614206, "glyclt_x": 0.0088058639, "acnam_l": 0.014622308700000001, "creat_m": 0.24202083219999998, "tyr_L_l": 0.1838102065, "oxa_c": 98.4145213249, "Lcystin_c": 0.0528832879, "ivcrn_c": 0.0259698178, "dhap_x": 0.022741347599999996, "bz_r": 0.021723892, "lneldc_e": 0.16333935089999999, "C02356_c": 0.4841315436, "pchol_hs_c": 0.0630629939, "asn_L_c": 0.1238022463, "6pgc_c": 0.0354481771, "ser_L_x": 1.1842661039, "leu_L_m": 2.4779843396, "25hvitd3_c": 0.0246818567, "gcald_c": 0.6186187022999999, "glyald_m": 0.008279731700000001, "thm_e": 0.0020221374, "c8crn_x": 0.0224725348, "pcollg5hlys_c": 0.0891447848, "srb_L_c": 0.0224857299, "5htrp_e": 0.012978119199999999, "pmtcrn_m": 0.004988795999999999, "CE2537_c": 0.10578796619999999, "cyst_L_m": 0.10575078369999999, "3mob_c": 0.009208645, "ru5p_D_c": 0.007037285999999999, "cys_L_m": 0.0818129986, "2mcacn_c": 0.009978395400000001, "pro_D_l": 8.0074287585, "pser_L_c": 0.0091536151, "pac_m": 0.5032103417, "inost_r": 0.3864498121, "ttdca_e": 0.0270298689, "orn_m": 0.7777407631000001, "acrn_x": 0.012615703300000001, "ttdcea_c": 0.0139824461, "fru_e": 0.2803759577, "ura_c": 0.0380806178, "lac_D_c": 39.359073624400004, "glyc_c": 0.1479009943, "ocdcea_r": 0.0022931854000000002, "ttdcrn_c": 0.0120440724}