{"aact_m": 0.5114247555, "sphings_r": 0.0297742312, "val_L_e": 0.4583523702, "C10164_c": 0.0663799961, "HC02024_r": 0.0958984535, "fum_m": 0.0437223653, "hdcea_e": 0.0029890160999999998, "adrnl_e": 0.0081405383, "cit_c": 0.6095591026, "4hpro_LT_r": 0.1202857195, "chol_m": 0.1128742441, "4h2oglt_c": 0.0375241196, "C06199_l": 0.274028087, "trp_L_c": 0.35215187670000003, "stcrn_m": 0.0373322362, "pyr_m": 0.7790998169, "carn_c": 0.155811464, "chsterol_n": 1.1909364197, "lys_L_m": 0.7430886367, "g6p_r": 0.040547238799999996, "arg_L_e": 0.0514611747, "acgam_l": 0.0061156388, "c4crn_m": 0.0079510528, "C01601_c": 0.0513179055, "hom_L_e": 0.006399848100000001, "hxan_e": 0.015487948500000001, "lnlccrn_m": 0.0852641747, "im4ac_c": 0.018179166599999998, "urate_e": 0.2473159694, "g3p_c": 0.0501971746, "hdd2crn_c": 0.0121531698, "glu_L_r": 0.1853020772, "nac_c": 0.3851010244, "asp_D_e": 0.047212425599999996, "thrnt_c": 0.0368805158, "C01507_c": 0.6664978433, "12ppd_R_c": 0.6397122439999999, "5oxpro_e": 1.1565150273, "fuc_L_e": 0.008631694799999999, "arab_L_c": 0.0465600107, "vacccrn_m": 0.0777171344, "CE6205_c": 0.0136866155, "pram_c": 4.9397684167137e-05, "ipdp_c": 0.0049282279, "met_L_m": 0.1378017551, "ile_L_e": 0.030663625299999997, "hyptaur_c": 0.0099586563, "rbt_e": 0.1067174721, "ocdca_c": 0.2630500353, "Lpipecol_x": 0.09371182230000001, "c10crn_e": 0.030430166, "dhdascb_c": 0.012223058899999998, "gal_c": 0.0195563046, "phe_L_l": 0.4429150508, "urea_m": 13.9440729865, "glx_m": 0.0349456168, "glc_D_c": 30.5347061338, "gln_L_e": 0.25582480809999997, "glcur_c": 0.015599003799999999, "crn_e": 0.0746731097, "c6crn_x": 0.0048535441, "gua_e": 0.011676316200000002, "dchac_r": 0.1191317691, "4mop_c": 0.0317865755, "sarcs_m": 0.0904604191, "anth_e": 0.0077339399, "andrstndn_c": 0.0141612524, "1p2cbxl_x": 0.233604273, "2coum_c": 0.016506578100000002, "thr_L_e": 0.6281078857, "bilirub_r": 0.034527280699999996, "5hoxindoa_c": 0.011427526200000001, "ddeccrn_m": 0.0140376131, "3mop_m": 0.07469912570000001, "xylt_e": 0.0074663983, "sphs1p_e": 0.0403925959, "gudac_c": 0.0104615038, "succ_r": 0.0235334492, "ala_D_c": 10.8624919952, "prgstrn_e": 0.0075117839, "3hmp_m": 0.4399502196, "dmnoncrn_x": 0.0032550853, "oaa_x": 0.0987993006, "rib_D_c": 0.0370831226, "gly_m": 2.5521965742, "citr_L_m": 0.6757391168000001, "glyclt_x": 0.0034380309, "acnam_l": 0.015427840600000001, "creat_m": 0.2450956406, "tyr_L_l": 0.1228650542, "oxa_c": 95.8839916574, "Lcystin_c": 0.038919464, "ivcrn_c": 0.0178653554, "dhap_x": 0.0229434473, "bz_r": 0.0169937143, "lneldc_e": 0.1379788103, "C02356_c": 0.21653439489999998, "pchol_hs_c": 0.0813153346, "asn_L_c": 0.09126126710000002, "6pgc_c": 0.0291170658, "ser_L_x": 1.0092669534, "leu_L_m": 1.8984288668, "25hvitd3_c": 0.010991196100000001, "gcald_c": 0.4371976291, "glyald_m": 0.010713917199999999, "thm_e": 0.007020047299999999, "c8crn_x": 0.0107152046, "pcollg5hlys_c": 0.0689627738, "srb_L_c": 0.015389959299999999, "5htrp_e": 0.0142189605, "pmtcrn_m": 0.0037256783, "CE2537_c": 0.1038355224, "cyst_L_m": 0.018513101100000002, "3mob_c": 0.0078546499, "ru5p_D_c": 0.0124304852, "cys_L_m": 0.0688407164, "2mcacn_c": 0.008662685600000001, "pro_D_l": 5.8290175558, "pser_L_c": 0.0097964929, "pac_m": 0.45267243799999995, "inost_r": 0.2417911509, "ttdca_e": 0.0249714527, "orn_m": 0.6281884772, "acrn_x": 0.0112137497, "ttdcea_c": 0.0098448173, "fru_e": 0.11739709220000001, "ura_c": 0.0335897872, "lac_D_c": 39.464013695700004, "glyc_c": 0.2679489632, "ocdcea_r": 0.002174842, "ttdcrn_c": 0.0101650085}