{"aact_m": 1.0856390609, "sphings_r": 0.031161345299999997, "val_L_e": 0.8227737016, "C10164_c": 0.0335824089, "HC02024_r": 0.1356961132, "fum_m": 0.016955819599999998, "hdcea_e": 0.0027310386, "adrnl_e": 0.0012638313, "cit_c": 1.0151358278, "4hpro_LT_r": 0.1411301734, "chol_m": 0.0371755582, "4h2oglt_c": 0.0477699778, "C06199_l": 0.3555548668, "trp_L_c": 0.38468760020000003, "stcrn_m": 0.045512823099999995, "pyr_m": 0.7996526681999999, "carn_c": 0.16584859130000001, "chsterol_n": 1.6791520368000001, "lys_L_m": 0.9453377690000001, "g6p_r": 0.3803883258, "arg_L_e": 0.1200648514, "acgam_l": 0.006317598000000001, "c4crn_m": 0.0, "C01601_c": 0.0454193494, "hom_L_e": 0.0069659069999999995, "hxan_e": 0.0069464932999999994, "lnlccrn_m": 0.0921349824, "im4ac_c": 0.0101148632, "urate_e": 0.4406529407, "g3p_c": 0.0707508471, "hdd2crn_c": 0.0082961108, "glu_L_r": 0.10623101199999999, "nac_c": 0.1834575944, "asp_D_e": 0.0316277093, "thrnt_c": 0.0538671059, "C01507_c": 0.0188036743, "12ppd_R_c": 0.5429646893, "5oxpro_e": 1.4822180244, "fuc_L_e": 0.0096579838, "arab_L_c": 0.016153381, "vacccrn_m": 0.0924164548, "CE6205_c": 0.0728690216, "pram_c": 0.6641513718, "ipdp_c": 0.0055441074, "met_L_m": 0.2563822712, "ile_L_e": 0.029164639, "hyptaur_c": 0.0071785090000000005, "rbt_e": 0.08400357060000001, "ocdca_c": 0.2900510798, "Lpipecol_x": 0.25081915050000003, "c10crn_e": 0.011975791299999998, "dhdascb_c": 0.0176457792, "gal_c": 0.040727571000000004, "phe_L_l": 0.6890743282999999, "urea_m": 17.0316627989, "glx_m": 0.051470542599999995, "glc_D_c": 23.180231419600002, "gln_L_e": 0.41383560399999997, "glcur_c": 0.013687583500000001, "crn_e": 0.0713490341, "c6crn_x": 0.0062899172, "gua_e": 0.0191585668, "dchac_r": 0.1439008731, "4mop_c": 0.0653341192, "sarcs_m": 0.0529156447, "anth_e": 0.0168496503, "andrstndn_c": 0.0173375764, "1p2cbxl_x": 0.20574228600000002, "2coum_c": 0.015104469099999998, "thr_L_e": 0.9900024608, "bilirub_r": 0.0389382692, "5hoxindoa_c": 0.0136586968, "ddeccrn_m": 0.0098293702, "3mop_m": 0.0953560119, "xylt_e": 0.0084704134, "sphs1p_e": 0.0353961329, "gudac_c": 0.011553560800000001, "succ_r": 0.0171565945, "ala_D_c": 20.1473133626, "prgstrn_e": 0.0032375891, "3hmp_m": 0.6066397749, "dmnoncrn_x": 0.0028565167999999998, "oaa_x": 0.1254610768, "rib_D_c": 0.0498549285, "gly_m": 1.8631411274, "citr_L_m": 0.7002554954000001, "glyclt_x": 0.0259372126, "acnam_l": 0.0054529463, "creat_m": 0.49268527009999996, "tyr_L_l": 0.1209065747, "oxa_c": 180.8506478137, "Lcystin_c": 0.0381849587, "ivcrn_c": 0.0604503292, "dhap_x": 0.026679511099999997, "bz_r": 0.0024834748, "lneldc_e": 0.2733925568, "C02356_c": 0.4855620255, "pchol_hs_c": 0.1895531312, "asn_L_c": 0.1272782351, "6pgc_c": 0.0362043024, "ser_L_x": 1.2542836959, "leu_L_m": 2.6349182024, "25hvitd3_c": 0.0206616443, "gcald_c": 0.017208335800000002, "glyald_m": 0.0117638628, "thm_e": 0.0036847239000000003, "c8crn_x": 0.0064418462, "pcollg5hlys_c": 0.0624602338, "srb_L_c": 0.0223483302, "5htrp_e": 0.0052116584, "pmtcrn_m": 0.0799370575, "CE2537_c": 0.1526323513, "cyst_L_m": 0.038386041, "3mob_c": 0.0120580409, "ru5p_D_c": 0.0118858327, "cys_L_m": 0.0854024284, "2mcacn_c": 0.0112615873, "pro_D_l": 7.413080373400001, "pser_L_c": 0.009720124200000001, "pac_m": 0.46598412130000005, "inost_r": 0.4086792211, "ttdca_e": 0.023666273199999997, "orn_m": 0.4991073327, "acrn_x": 0.0105837451, "ttdcea_c": 0.0204973764, "fru_e": 0.14526201519999998, "ura_c": 0.047091676900000004, "lac_D_c": 50.91935888890001, "glyc_c": 0.24285193800000002, "ocdcea_r": 0.0013353789000000002, "ttdcrn_c": 0.0089380678}