{"aact_m": 0.8993565873, "sphings_r": 0.038196702400000004, "val_L_e": 0.3788895399, "C10164_c": 0.0757439753, "HC02024_r": 0.0742896668, "fum_m": 0.048876373499999994, "hdcea_e": 0.0217957798, "adrnl_e": 0.0020264764000000003, "cit_c": 0.6987079034999999, "4hpro_LT_r": 0.1196310828, "chol_m": 0.0816098939, "4h2oglt_c": 0.045841965, "C06199_l": 0.3192160544, "trp_L_c": 0.4258440311, "stcrn_m": 0.0388048625, "pyr_m": 0.7220581256, "carn_c": 0.1635023294, "chsterol_n": 0.8997890676000001, "lys_L_m": 0.7438347476999999, "g6p_r": 0.0955354183, "arg_L_e": 0.050583131600000004, "acgam_l": 0.0060743459, "c4crn_m": 0.0100918688, "C01601_c": 0.030133589900000004, "hom_L_e": 0.0030895823999999997, "hxan_e": 0.012453606499999999, "lnlccrn_m": 0.0391530361, "im4ac_c": 0.015566523200000001, "urate_e": 0.3373099377, "g3p_c": 0.057878697400000005, "hdd2crn_c": 0.0105223004, "glu_L_r": 0.3312280067, "nac_c": 0.23312767329999998, "asp_D_e": 0.1233583822, "thrnt_c": 0.043934582300000004, "C01507_c": 0.2012495339, "12ppd_R_c": 0.6682029691, "5oxpro_e": 2.0738449103, "fuc_L_e": 0.0100164208, "arab_L_c": 0.012010153899999999, "vacccrn_m": 0.07471013259999999, "CE6205_c": 0.0265674523, "pram_c": 0.6070793768, "ipdp_c": 0.0045336687, "met_L_m": 0.2597459528, "ile_L_e": 0.0269541862, "hyptaur_c": 0.0037973246, "rbt_e": 0.0986248722, "ocdca_c": 0.25601279260000004, "Lpipecol_x": 0.20566957859999999, "c10crn_e": 0.020415564599999998, "dhdascb_c": 0.0141093382, "gal_c": 0.036940443999999996, "phe_L_l": 0.56150249, "urea_m": 19.971644448, "glx_m": 0.0270333612, "glc_D_c": 8.1811555348, "gln_L_e": 0.2607568586, "glcur_c": 0.0095570593, "crn_e": 0.0948565559, "c6crn_x": 0.0048899417, "gua_e": 0.0171272417, "dchac_r": 0.1316607955, "4mop_c": 0.028612048199999997, "sarcs_m": 0.0784861853, "anth_e": 0.015173143899999998, "andrstndn_c": 0.0105080274, "1p2cbxl_x": 0.2358915771, "2coum_c": 0.0194815154, "thr_L_e": 1.6109855615000002, "bilirub_r": 0.11532987869999999, "5hoxindoa_c": 0.012188209299999999, "ddeccrn_m": 0.021639537599999998, "3mop_m": 0.0909761318, "xylt_e": 0.0145356806, "sphs1p_e": 0.023119836, "gudac_c": 0.0115749796, "succ_r": 0.06434552980000001, "ala_D_c": 15.9200383748, "prgstrn_e": 0.0067405527, "3hmp_m": 0.5386771792, "dmnoncrn_x": 0.0030207628999999996, "oaa_x": 0.10942966259999999, "rib_D_c": 0.0549919036, "gly_m": 4.8275856572, "citr_L_m": 0.7145983681, "glyclt_x": 0.015615036399999999, "acnam_l": 0.0042396745, "creat_m": 0.2515918693, "tyr_L_l": 0.14196206220000002, "oxa_c": 192.1313572442, "Lcystin_c": 0.0333658115, "ivcrn_c": 0.0285458592, "dhap_x": 0.0235946644, "bz_r": 0.0198078058, "lneldc_e": 0.0632141525, "C02356_c": 0.5185960113, "pchol_hs_c": 0.3055708597, "asn_L_c": 0.0450656339, "6pgc_c": 0.035608715, "ser_L_x": 1.5761932903, "leu_L_m": 1.5138178818, "25hvitd3_c": 0.0151666451, "gcald_c": 0.6163809185, "glyald_m": 0.012723948200000001, "thm_e": 0.0034893708, "c8crn_x": 0.0100352149, "pcollg5hlys_c": 0.07091416190000001, "srb_L_c": 0.0234750444, "5htrp_e": 0.005533337199999999, "pmtcrn_m": 0.0028339106, "CE2537_c": 0.14292199220000001, "cyst_L_m": 0.0500173541, "3mob_c": 0.0068331488, "ru5p_D_c": 0.0169289127, "cys_L_m": 0.079288928, "2mcacn_c": 0.0097613039, "pro_D_l": 10.7582920683, "pser_L_c": 0.009499308100000001, "pac_m": 0.47949157729999997, "inost_r": 0.3235533835, "ttdca_e": 0.0625780789, "orn_m": 0.5579148925999999, "acrn_x": 0.0241778694, "ttdcea_c": 0.013311149, "fru_e": 0.22901777620000002, "ura_c": 0.0381966754, "lac_D_c": 29.4315559858, "glyc_c": 0.3717983796, "ocdcea_r": 0.0031589241999999997, "ttdcrn_c": 0.0101071514}