{"aact_m": 1.1200940578, "sphings_r": 0.0333031088, "val_L_e": 0.3503895489, "C10164_c": 0.0810566137, "HC02024_r": 0.0869659596, "fum_m": 0.047496112699999996, "hdcea_e": 0.042188418899999997, "adrnl_e": 0.0028963515000000003, "cit_c": 0.8193209190999999, "4hpro_LT_r": 0.1175604616, "chol_m": 0.0961428642, "4h2oglt_c": 0.049777188099999994, "C06199_l": 0.5237976584, "trp_L_c": 0.5631509363, "stcrn_m": 0.060787148, "pyr_m": 0.558409644, "carn_c": 0.1376102483, "chsterol_n": 2.1756953475, "lys_L_m": 0.6206086975999999, "g6p_r": 0.0323829157, "arg_L_e": 0.09240590779999999, "acgam_l": 0.0056869273, "c4crn_m": 0.0195196309, "C01601_c": 0.033829660299999995, "hom_L_e": 0.0068692416, "hxan_e": 0.0057122824, "lnlccrn_m": 0.0386247787, "im4ac_c": 0.0031557238, "urate_e": 0.2168245166, "g3p_c": 0.07836782269999999, "hdd2crn_c": 0.0125662385, "glu_L_r": 0.6644415745000001, "nac_c": 0.27400996629999996, "asp_D_e": 0.2234979324, "thrnt_c": 0.008667774, "C01507_c": 0.0113094105, "12ppd_R_c": 0.6335130738, "5oxpro_e": 3.5608775914999997, "fuc_L_e": 0.0086832723, "arab_L_c": 0.007474427099999999, "vacccrn_m": 0.0867408509, "CE6205_c": 0.039579839, "pram_c": 0.0, "ipdp_c": 0.0042910921, "met_L_m": 0.1591110999, "ile_L_e": 0.0519657827, "hyptaur_c": 0.006162873100000001, "rbt_e": 0.044979598499999995, "ocdca_c": 0.5066056451, "Lpipecol_x": 0.2475815321, "c10crn_e": 0.0253034584, "dhdascb_c": 0.014684316999999999, "gal_c": 0.046437955, "phe_L_l": 0.8008417801000001, "urea_m": 6.4986757684, "glx_m": 0.0182448453, "glc_D_c": 24.3361473097, "gln_L_e": 0.3296291231, "glcur_c": 0.0095770479, "crn_e": 0.0663373116, "c6crn_x": 0.005149104, "gua_e": 0.0126131756, "dchac_r": 0.08033270740000001, "4mop_c": 0.0501824661, "sarcs_m": 0.0362642167, "anth_e": 0.014887401299999999, "andrstndn_c": 0.0054552154, "1p2cbxl_x": 0.2190493821, "2coum_c": 0.029893986400000003, "thr_L_e": 0.4628193685, "bilirub_r": 0.059893431500000004, "5hoxindoa_c": 0.011831669199999999, "ddeccrn_m": 0.0231769909, "3mop_m": 0.14668244390000001, "xylt_e": 0.0088903258, "sphs1p_e": 0.0289496895, "gudac_c": 0.011108485, "succ_r": 0.0446858997, "ala_D_c": 16.892516588099998, "prgstrn_e": 0.0031633290000000003, "3hmp_m": 0.4294184658, "dmnoncrn_x": 0.0034488402000000004, "oaa_x": 0.117879018, "rib_D_c": 0.0433873889, "gly_m": 1.6587542894999998, "citr_L_m": 0.676728993, "glyclt_x": 0.0034798948999999997, "acnam_l": 0.0055702816, "creat_m": 0.344917979, "tyr_L_l": 0.2200822192, "oxa_c": 174.64166831740002, "Lcystin_c": 0.0324463921, "ivcrn_c": 0.0464234489, "dhap_x": 0.022421934100000002, "bz_r": 0.0256772084, "lneldc_e": 0.0543402505, "C02356_c": 0.0746544485, "pchol_hs_c": 0.6023587262, "asn_L_c": 0.052671453, "6pgc_c": 0.0395867564, "ser_L_x": 1.4272221557, "leu_L_m": 2.7409790776999996, "25hvitd3_c": 0.0152143674, "gcald_c": 0.2678365974, "glyald_m": 0.0087426377, "thm_e": 0.005351873399999999, "c8crn_x": 0.0098937894, "pcollg5hlys_c": 0.0769726932, "srb_L_c": 0.0362456452, "5htrp_e": 0.0099763072, "pmtcrn_m": 0.0063246491, "CE2537_c": 0.1233895249, "cyst_L_m": 0.08882970800000001, "3mob_c": 0.0078526403, "ru5p_D_c": 0.047934073, "cys_L_m": 0.0657553541, "2mcacn_c": 0.0089042512, "pro_D_l": 9.2314579326, "pser_L_c": 0.0094057802, "pac_m": 0.4696568389, "inost_r": 0.1551665527, "ttdca_e": 0.1113050234, "orn_m": 1.0056874243, "acrn_x": 0.012772090500000001, "ttdcea_c": 0.0254370398, "fru_e": 0.2907908019, "ura_c": 0.0403731824, "lac_D_c": 49.0037015116, "glyc_c": 0.5753165659, "ocdcea_r": 0.0042417844, "ttdcrn_c": 0.0097205889}