{"aact_m": 0.2256945653, "sphings_r": 0.036708252999999996, "val_L_e": 0.3838835989, "C10164_c": 0.07636165639999999, "HC02024_r": 0.055240015499999996, "fum_m": 0.0461315281, "hdcea_e": 0.0123493138, "adrnl_e": 0.0013374814, "cit_c": 0.9642798495999999, "4hpro_LT_r": 0.1042584593, "chol_m": 0.06641325690000001, "4h2oglt_c": 0.0353973892, "C06199_l": 0.41921023399999996, "trp_L_c": 0.6402340393, "stcrn_m": 0.1203030192, "pyr_m": 1.1053286591, "carn_c": 0.1765849591, "chsterol_n": 1.6289405322, "lys_L_m": 0.9929813448999999, "g6p_r": 0.0501762271, "arg_L_e": 0.0593255263, "acgam_l": 0.0051368977, "c4crn_m": 0.040672446800000005, "C01601_c": 0.017606446499999998, "hom_L_e": 0.0171933224, "hxan_e": 0.0324697403, "lnlccrn_m": 0.0755675971, "im4ac_c": 0.0165204997, "urate_e": 0.7121105172, "g3p_c": 0.049042593499999995, "hdd2crn_c": 0.0295227907, "glu_L_r": 0.4343219737, "nac_c": 0.0353410787, "asp_D_e": 0.09689910019999999, "thrnt_c": 0.0337913166, "C01507_c": 0.0128707763, "12ppd_R_c": 0.7344363077, "5oxpro_e": 1.9015935144999998, "fuc_L_e": 0.0071312274, "arab_L_c": 0.0166126893, "vacccrn_m": 0.19021657649999998, "CE6205_c": 0.011464831399999998, "pram_c": 0.5468737886, "ipdp_c": 0.0050305322999999996, "met_L_m": 0.2214173187, "ile_L_e": 0.027122711299999998, "hyptaur_c": 0.0066366213, "rbt_e": 0.052699788899999996, "ocdca_c": 0.35865562729999995, "Lpipecol_x": 0.0284441785, "c10crn_e": 0.24256669399999997, "dhdascb_c": 0.0205171734, "gal_c": 0.0134657682, "phe_L_l": 0.7470322497, "urea_m": 43.744513385699996, "glx_m": 0.1060759892, "glc_D_c": 20.2270183679, "gln_L_e": 0.3293021385, "glcur_c": 0.00018698080000000003, "crn_e": 0.024016534500000002, "c6crn_x": 0.0337626043, "gua_e": 0.0166347716, "dchac_r": 0.1066576561, "4mop_c": 0.045588464599999996, "sarcs_m": 0.46515423310000004, "anth_e": 0.005467734399999999, "andrstndn_c": 0.0301899434, "1p2cbxl_x": 0.2914571481, "2coum_c": 0.030528451800000002, "thr_L_e": 0.8169147990000001, "bilirub_r": 0.040775248300000004, "5hoxindoa_c": 0.0068285493, "ddeccrn_m": 0.0621758433, "3mop_m": 0.0771350417, "xylt_e": 0.0119057947, "sphs1p_e": 0.0597943396, "gudac_c": 0.0065351949, "succ_r": 0.0314760028, "ala_D_c": 11.809211810599999, "prgstrn_e": 0.023540357999999997, "3hmp_m": 0.7320284259000001, "dmnoncrn_x": 0.0088472471, "oaa_x": 0.11434795789999999, "rib_D_c": 0.0633550227, "gly_m": 1.6866967966, "citr_L_m": 0.6372013482, "glyclt_x": 0.0066183959999999995, "acnam_l": 0.0158754131, "creat_m": 0.39531800149999996, "tyr_L_l": 0.22340615530000002, "oxa_c": 101.8947961569, "Lcystin_c": 0.0958519645, "ivcrn_c": 0.0115591345, "dhap_x": 0.0251561541, "bz_r": 0.021949143799999998, "lneldc_e": 0.0489500282, "C02356_c": 0.5865798444, "pchol_hs_c": 0.0643173862, "asn_L_c": 0.10024518710000001, "6pgc_c": 0.026607370499999998, "ser_L_x": 1.0095604429, "leu_L_m": 3.2868680079000003, "25hvitd3_c": 0.0230799227, "gcald_c": 0.7485392790000001, "glyald_m": 0.027754301800000002, "thm_e": 0.0225044178, "c8crn_x": 0.13062845720000002, "pcollg5hlys_c": 0.06656301469999999, "srb_L_c": 0.0206362295, "5htrp_e": 0.0114605352, "pmtcrn_m": 0.0045917605, "CE2537_c": 0.1697807429, "cyst_L_m": 0.004704086, "3mob_c": 0.0073876304, "ru5p_D_c": 0.0119711619, "cys_L_m": 0.13267955539999998, "2mcacn_c": 0.007998740899999999, "pro_D_l": 11.5096143378, "pser_L_c": 0.011498308, "pac_m": 0.37573006, "inost_r": 0.460847116, "ttdca_e": 0.056016434299999994, "orn_m": 1.1372383412, "acrn_x": 0.0086792867, "ttdcea_c": 0.0133341172, "fru_e": 0.0979601604, "ura_c": 0.0558181645, "lac_D_c": 45.771729774399994, "glyc_c": 0.6180720168, "ocdcea_r": 0.005259039599999999, "ttdcrn_c": 0.0303808171}