{"aact_m": 0.9473059145999999, "sphings_r": 0.0244018906, "val_L_e": 0.5822265548, "C10164_c": 0.049086708099999994, "HC02024_r": 0.0835925022, "fum_m": 0.0300155333, "hdcea_e": 0.008332435899999999, "adrnl_e": 0.0142532546, "cit_c": 1.1518980017, "4hpro_LT_r": 0.1204975598, "chol_m": 0.042522754100000004, "4h2oglt_c": 0.0280499125, "C06199_l": 0.45084805009999995, "trp_L_c": 0.7560852574, "stcrn_m": 0.08462402390000001, "pyr_m": 1.348984755, "carn_c": 0.202573347, "chsterol_n": 1.5584341311, "lys_L_m": 0.8966691255, "g6p_r": 0.0599552116, "arg_L_e": 0.049191463399999996, "acgam_l": 0.006775714699999999, "c4crn_m": 0.013010672, "C01601_c": 0.042193914299999996, "hom_L_e": 0.0137672022, "hxan_e": 0.0475674642, "lnlccrn_m": 0.18294106629999998, "im4ac_c": 0.0156608925, "urate_e": 0.2637451771, "g3p_c": 0.0489566917, "hdd2crn_c": 0.0367625535, "glu_L_r": 0.1453903604, "nac_c": 0.24100003949999999, "asp_D_e": 0.0423550879, "thrnt_c": 0.0533016404, "C01507_c": 0.0208931102, "12ppd_R_c": 0.6900330020000001, "5oxpro_e": 1.3469630897, "fuc_L_e": 0.009676232, "arab_L_c": 0.029524207900000002, "vacccrn_m": 0.21800250850000003, "CE6205_c": 0.0386818335, "pram_c": 0.5811414020000001, "ipdp_c": 0.005059779699999999, "met_L_m": 0.22687720179999998, "ile_L_e": 0.0229000645, "hyptaur_c": 0.0102000744, "rbt_e": 0.043528181799999996, "ocdca_c": 0.2819376025, "Lpipecol_x": 0.055432477800000005, "c10crn_e": 0.0852223223, "dhdascb_c": 0.0231840202, "gal_c": 0.1020101431, "phe_L_l": 0.7170001425, "urea_m": 39.269653429099996, "glx_m": 0.035578535099999996, "glc_D_c": 15.0670866547, "gln_L_e": 0.3521831869, "glcur_c": 0.0095807961, "crn_e": 0.0256843333, "c6crn_x": 0.014521708999999999, "gua_e": 0.018378889, "dchac_r": 0.10746503339999999, "4mop_c": 0.05743614650000001, "sarcs_m": 0.2768062337, "anth_e": 0.008377354, "andrstndn_c": 0.0286342171, "1p2cbxl_x": 0.3034832346, "2coum_c": 0.0276729579, "thr_L_e": 0.8643164631999999, "bilirub_r": 0.162485283, "5hoxindoa_c": 0.011351618899999999, "ddeccrn_m": 0.0445434629, "3mop_m": 0.052467645, "xylt_e": 0.0078575753, "sphs1p_e": 0.0803529212, "gudac_c": 0.010321308199999999, "succ_r": 0.0262073896, "ala_D_c": 15.5628554064, "prgstrn_e": 0.0163959024, "3hmp_m": 0.8247910856, "dmnoncrn_x": 0.0088765058, "oaa_x": 0.0773965107, "rib_D_c": 0.0483374445, "gly_m": 2.2449715477, "citr_L_m": 0.7316073912000001, "glyclt_x": 0.0053679259, "acnam_l": 0.0151915155, "creat_m": 0.19000530100000002, "tyr_L_l": 0.2044835833, "oxa_c": 111.5546884804, "Lcystin_c": 0.0687135832, "ivcrn_c": 0.0420584137, "dhap_x": 0.024473203500000002, "bz_r": 0.025581854700000003, "lneldc_e": 0.0761303532, "C02356_c": 0.6161860036, "pchol_hs_c": 0.17190441969999998, "asn_L_c": 0.1111629417, "6pgc_c": 0.0228757568, "ser_L_x": 1.4564346259, "leu_L_m": 2.8932867323, "25hvitd3_c": 0.026226322599999997, "gcald_c": 0.8365142396999999, "glyald_m": 0.0078327901, "thm_e": 0.0077207657999999995, "c8crn_x": 0.0305430861, "pcollg5hlys_c": 0.1014503225, "srb_L_c": 0.027625882400000003, "5htrp_e": 0.0118630379, "pmtcrn_m": 0.0042288887, "CE2537_c": 0.1323646567, "cyst_L_m": 0.2272465878, "3mob_c": 0.0092289413, "ru5p_D_c": 0.0111183364, "cys_L_m": 0.10743273369999999, "2mcacn_c": 0.0084788113, "pro_D_l": 8.0712671831, "pser_L_c": 0.0089982955, "pac_m": 0.4056314544, "inost_r": 0.3286109908, "ttdca_e": 0.0428731949, "orn_m": 0.9205285251, "acrn_x": 0.0107255673, "ttdcea_c": 0.0099209208, "fru_e": 0.4598451387, "ura_c": 0.0608300213, "lac_D_c": 62.2381352774, "glyc_c": 0.2256715591, "ocdcea_r": 0.0027000865999999998, "ttdcrn_c": 0.0257356033}