{"aact_m": 0.44914445299999994, "sphings_r": 0.0218476286, "val_L_e": 0.4833466051, "C10164_c": 0.0528147664, "HC02024_r": 0.0709718572, "fum_m": 0.0319493667, "hdcea_e": 0.0122823581, "adrnl_e": 0.0015279534, "cit_c": 0.7683408884, "4hpro_LT_r": 0.11727553869999999, "chol_m": 0.0543610912, "4h2oglt_c": 0.0349919941, "C06199_l": 0.3580949657, "trp_L_c": 0.5519504042, "stcrn_m": 0.0523594083, "pyr_m": 0.9410925887, "carn_c": 0.1745754436, "chsterol_n": 1.9502573441, "lys_L_m": 0.8472464919, "g6p_r": 0.050535867000000005, "arg_L_e": 0.051870558600000005, "acgam_l": 0.0070512835, "c4crn_m": 0.0316131693, "C01601_c": 0.0361677919, "hom_L_e": 0.0019466829999999998, "hxan_e": 0.029337050400000002, "lnlccrn_m": 0.08475641789999999, "im4ac_c": 0.007277229499999999, "urate_e": 0.39791036520000006, "g3p_c": 0.0417452387, "hdd2crn_c": 0.0179844301, "glu_L_r": 0.0823307372, "nac_c": 0.1055781228, "asp_D_e": 0.0313313833, "thrnt_c": 0.0348054255, "C01507_c": 0.1331725012, "12ppd_R_c": 0.5907238029, "5oxpro_e": 0.9867311756999999, "fuc_L_e": 0.008785313000000001, "arab_L_c": 0.0034161517, "vacccrn_m": 0.0794217814, "CE6205_c": 0.0148103555, "pram_c": 0.6839473881999999, "ipdp_c": 0.005267381999999999, "met_L_m": 0.2112315343, "ile_L_e": 0.018305332, "hyptaur_c": 0.0083392861, "rbt_e": 0.0515765674, "ocdca_c": 0.4369820115, "Lpipecol_x": 0.349215824, "c10crn_e": 0.0314350444, "dhdascb_c": 0.0185526491, "gal_c": 0.0415776105, "phe_L_l": 0.5885344089, "urea_m": 14.174071023, "glx_m": 0.0345016942, "glc_D_c": 10.010762691, "gln_L_e": 0.3915768287, "glcur_c": 0.0092619638, "crn_e": 0.0392862924, "c6crn_x": 0.0094162589, "gua_e": 0.0154960938, "dchac_r": 0.0989247608, "4mop_c": 0.051337695499999995, "sarcs_m": 0.082350142, "anth_e": 0.008185347800000001, "andrstndn_c": 0.023958177400000003, "1p2cbxl_x": 0.2434513723, "2coum_c": 0.0224173706, "thr_L_e": 0.7290855104, "bilirub_r": 0.047304522, "5hoxindoa_c": 0.0111301235, "ddeccrn_m": 0.0169832958, "3mop_m": 0.15948724539999998, "xylt_e": 0.0080515979, "sphs1p_e": 0.047814805499999995, "gudac_c": 0.0102093819, "succ_r": 0.021354156099999997, "ala_D_c": 8.577889322799999, "prgstrn_e": 0.0096257327, "3hmp_m": 0.6382325515999999, "dmnoncrn_x": 0.0054726002, "oaa_x": 0.0972545664, "rib_D_c": 0.0459337418, "gly_m": 0.7475775165, "citr_L_m": 0.6742044923, "glyclt_x": 0.014266421599999999, "acnam_l": 0.0129952007, "creat_m": 0.35530572899999996, "tyr_L_l": 0.1649218986, "oxa_c": 104.1038733182, "Lcystin_c": 0.048254192599999995, "ivcrn_c": 0.0217905409, "dhap_x": 0.0243577991, "bz_r": 0.0205149639, "lneldc_e": 0.16030554619999998, "C02356_c": 0.2574513526, "pchol_hs_c": 0.100525285, "asn_L_c": 0.0775432614, "6pgc_c": 0.026392896800000003, "ser_L_x": 0.8156521720000001, "leu_L_m": 2.5909581628, "25hvitd3_c": 0.0188052486, "gcald_c": 0.5305171250999999, "glyald_m": 0.0060297835, "thm_e": 0.011956111799999999, "c8crn_x": 0.0156155368, "pcollg5hlys_c": 0.0896725142, "srb_L_c": 0.021675146800000003, "5htrp_e": 0.015261630900000002, "pmtcrn_m": 0.0031627401000000003, "CE2537_c": 0.13621178, "cyst_L_m": 0.056241329400000005, "3mob_c": 0.006997956600000001, "ru5p_D_c": 0.0116079254, "cys_L_m": 0.11220300789999998, "2mcacn_c": 0.0092268371, "pro_D_l": 5.8989300684, "pser_L_c": 0.009163161099999999, "pac_m": 0.4123555411, "inost_r": 0.44250078159999995, "ttdca_e": 0.0667254428, "orn_m": 0.7058666539, "acrn_x": 0.0112381409, "ttdcea_c": 0.015623206799999999, "fru_e": 0.0964614726, "ura_c": 0.0494122483, "lac_D_c": 24.2658591493, "glyc_c": 0.287344596, "ocdcea_r": 0.0070500729, "ttdcrn_c": 0.011571692199999999}