{"aact_m": 0.3794346191, "sphings_r": 0.0333880812, "val_L_e": 0.7248849971, "C10164_c": 0.007751875, "HC02024_r": 0.0407851731, "fum_m": 0.0032700646000000002, "hdcea_e": 0.0192635975, "adrnl_e": 0.0052801185, "cit_c": 0.14156840029999998, "4hpro_LT_r": 0.1334464971, "chol_m": 0.17768781, "4h2oglt_c": 0.0380882996, "C06199_l": 0.40531342740000004, "trp_L_c": 0.0928863878, "stcrn_m": 0.0795433597, "pyr_m": 0.12198417380000001, "carn_c": 0.1751268185, "chsterol_n": 0.0099126444, "lys_L_m": 0.1026402998, "g6p_r": 0.0832762987, "arg_L_e": 0.054205232, "acgam_l": 0.0011557528, "c4crn_m": 0.0399053592, "C01601_c": 0.0045299583, "hom_L_e": 0.002121312, "hxan_e": 0.0435128508, "lnlccrn_m": 0.1907533779, "im4ac_c": 0.0031394369, "urate_e": 0.1034672874, "g3p_c": 0.1289438721, "hdd2crn_c": 0.0613306849, "glu_L_r": 0.0344236619, "nac_c": 0.470937095, "asp_D_e": 0.0072622911, "thrnt_c": 0.0080008239, "C01507_c": 0.0233568008, "12ppd_R_c": 0.1499334255, "5oxpro_e": 0.325398395, "fuc_L_e": 0.0013826039000000001, "arab_L_c": 0.0011902799000000001, "vacccrn_m": 0.3719648682, "CE6205_c": 0.0081520605, "pram_c": 0.6830423699, "ipdp_c": 0.0059999928, "met_L_m": 0.0261270085, "ile_L_e": 0.0046415583, "hyptaur_c": 0.0007504642, "rbt_e": 0.0087664397, "ocdca_c": 0.0916528442, "Lpipecol_x": 0.0040701206, "c10crn_e": 0.1934430563, "dhdascb_c": 0.0174212076, "gal_c": 0.0012192227, "phe_L_l": 0.09095077539999999, "urea_m": 3.0640414898, "glx_m": 0.0062454324, "glc_D_c": 9.1914920528, "gln_L_e": 0.4712627426, "glcur_c": 0.0013906943, "crn_e": 0.0764297372, "c6crn_x": 0.0346722177, "gua_e": 0.01481157, "dchac_r": 0.1325305585, "4mop_c": 0.0036859395000000002, "sarcs_m": 0.022532211099999998, "anth_e": 0.0006814888, "andrstndn_c": 0.0656202306, "1p2cbxl_x": 0.2886078358, "2coum_c": 0.0233884517, "thr_L_e": 0.074569304, "bilirub_r": 0.1254828115, "5hoxindoa_c": 0.0119701171, "ddeccrn_m": 0.0710926179, "3mop_m": 0.0399003083, "xylt_e": 0.0016938329999999998, "sphs1p_e": 0.1020470699, "gudac_c": 0.010234423000000001, "succ_r": 0.0027189906, "ala_D_c": 1.4791366413, "prgstrn_e": 0.026378486099999997, "3hmp_m": 0.27326874510000004, "dmnoncrn_x": 0.0094317593, "oaa_x": 0.10378039999999998, "rib_D_c": 0.0042106603, "gly_m": 0.1473320275, "citr_L_m": 0.6931393068, "glyclt_x": 0.0175398714, "acnam_l": 0.0014714244, "creat_m": 0.0332730105, "tyr_L_l": 0.18179113670000002, "oxa_c": 13.4353369728, "Lcystin_c": 0.0071343328000000004, "ivcrn_c": 0.0118406318, "dhap_x": 0.0257135356, "bz_r": 0.021195026800000002, "lneldc_e": 0.16141736269999998, "C02356_c": 0.052143238200000004, "pchol_hs_c": 0.0409040499, "asn_L_c": 0.0116660627, "6pgc_c": 0.026837683199999997, "ser_L_x": 0.11042142519999999, "leu_L_m": 0.3758100468, "25hvitd3_c": 0.0443231446, "gcald_c": 0.703283288, "glyald_m": 0.0027299229, "thm_e": 0.0108922158, "c8crn_x": 0.0712651985, "pcollg5hlys_c": 0.09380247380000001, "srb_L_c": 0.0015627957, "5htrp_e": 0.0005869801, "pmtcrn_m": 0.0113732906, "CE2537_c": 0.0131879102, "cyst_L_m": 0.1503157016, "3mob_c": 0.0008396338000000001, "ru5p_D_c": 0.0016863901, "cys_L_m": 0.0151655881, "2mcacn_c": 0.0106298722, "pro_D_l": 0.7263389245, "pser_L_c": 0.0094140013, "pac_m": 0.4427420339, "inost_r": 0.0580469602, "ttdca_e": 0.028852715, "orn_m": 0.12551503, "acrn_x": 0.0133537605, "ttdcea_c": 0.0012527215, "fru_e": 0.0033987921000000003, "ura_c": 0.044479366900000004, "lac_D_c": 7.350382896599999, "glyc_c": 0.1234356725, "ocdcea_r": 0.0031266224, "ttdcrn_c": 0.0340552855}