{"aact_m": 0.9593360961, "sphings_r": 0.030032608199999998, "val_L_e": 0.5528261461, "C10164_c": 0.056155324900000005, "HC02024_r": 0.062251643200000005, "fum_m": 0.029347680600000002, "hdcea_e": 0.0108690677, "adrnl_e": 0.0036735923, "cit_c": 0.7154112256, "4hpro_LT_r": 0.1258548606, "chol_m": 0.040679853599999996, "4h2oglt_c": 0.0472841543, "C06199_l": 0.5475295294, "trp_L_c": 0.6399661702, "stcrn_m": 0.0301136532, "pyr_m": 0.0192071786, "carn_c": 0.2516346765, "chsterol_n": 0.9413310133, "lys_L_m": 1.0329040818000002, "g6p_r": 0.0656611478, "arg_L_e": 0.0241857152, "acgam_l": 0.0059733137, "c4crn_m": 0.021028767400000002, "C01601_c": 0.0495621054, "hom_L_e": 0.0125401778, "hxan_e": 0.0284407918, "lnlccrn_m": 0.0553196086, "im4ac_c": 0.0112128923, "urate_e": 0.3773899536, "g3p_c": 0.0560398521, "hdd2crn_c": 0.0087347335, "glu_L_r": 1.3851526876, "nac_c": 0.45858172280000004, "asp_D_e": 0.3236287363, "thrnt_c": 0.0187726044, "C01507_c": 0.0142246503, "12ppd_R_c": 0.4830218296, "5oxpro_e": 3.5950155237, "fuc_L_e": 0.0082937595, "arab_L_c": 0.0103005366, "vacccrn_m": 0.0582697316, "CE6205_c": 0.0200671947, "pram_c": 1.0253034849, "ipdp_c": 0.0051604456, "met_L_m": 0.2392147625, "ile_L_e": 0.048134143600000005, "hyptaur_c": 0.0011072725, "rbt_e": 0.040139943, "ocdca_c": 0.5321929828, "Lpipecol_x": 0.0339071055, "c10crn_e": 0.0186227827, "dhdascb_c": 0.015345291, "gal_c": 0.038575363599999996, "phe_L_l": 0.8264907547, "urea_m": 17.4692252462, "glx_m": 0.0200787267, "glc_D_c": 18.460484919200002, "gln_L_e": 0.1924267282, "glcur_c": 0.0065387516, "crn_e": 0.07924425730000001, "c6crn_x": 0.007540792199999999, "gua_e": 0.0183203595, "dchac_r": 0.1140940409, "4mop_c": 0.0198409549, "sarcs_m": 0.0294384681, "anth_e": 0.0125986226, "andrstndn_c": 0.019701688999999998, "1p2cbxl_x": 0.21606211949999998, "2coum_c": 0.029223798199999998, "thr_L_e": 0.8810002337, "bilirub_r": 0.028096006200000002, "5hoxindoa_c": 0.0109067906, "ddeccrn_m": 0.013000340400000001, "3mop_m": 0.06407034959999999, "xylt_e": 0.0065506501, "sphs1p_e": 0.027776229399999998, "gudac_c": 0.0101712286, "succ_r": 0.0355853573, "ala_D_c": 11.628839784, "prgstrn_e": 0.0080398741, "3hmp_m": 0.9049041125, "dmnoncrn_x": 0.0022437095999999998, "oaa_x": 0.1226936191, "rib_D_c": 0.0512407097, "gly_m": 1.5290205741, "citr_L_m": 0.6724311327, "glyclt_x": 0.0040185216, "acnam_l": 0.0039896415, "creat_m": 0.24198690190000002, "tyr_L_l": 0.22113146329999997, "oxa_c": 151.0970755947, "Lcystin_c": 0.025092384500000002, "ivcrn_c": 0.0356586642, "dhap_x": 0.023436024500000003, "bz_r": 0.0243739529, "lneldc_e": 0.45674228149999996, "C02356_c": 0.47057781509999996, "pchol_hs_c": 0.33944011869999996, "asn_L_c": 0.0244399016, "6pgc_c": 0.0362187096, "ser_L_x": 1.5960011622999999, "leu_L_m": 3.3733228882999997, "25hvitd3_c": 0.012192464299999999, "gcald_c": 0.5383341463, "glyald_m": 0.0084708387, "thm_e": 0.0055210656000000006, "c8crn_x": 0.009500741600000001, "pcollg5hlys_c": 0.0778243019, "srb_L_c": 0.0226959256, "5htrp_e": 0.008423923199999999, "pmtcrn_m": 0.0029376578999999996, "CE2537_c": 0.1460152777, "cyst_L_m": 0.024012499399999998, "3mob_c": 0.0022441523000000002, "ru5p_D_c": 0.010729216100000001, "cys_L_m": 0.052190298600000004, "2mcacn_c": 0.0102186101, "pro_D_l": 8.046460226, "pser_L_c": 0.0100870403, "pac_m": 0.43686812869999997, "inost_r": 0.2275368025, "ttdca_e": 0.1172117535, "orn_m": 0.5835037425999999, "acrn_x": 0.0165750614, "ttdcea_c": 0.022008189900000003, "fru_e": 0.0696911441, "ura_c": 0.0397863722, "lac_D_c": 53.2413413071, "glyc_c": 0.3635724886, "ocdcea_r": 0.0066536187, "ttdcrn_c": 0.0090233854}