{"aact_m": 0.3259243415, "sphings_r": 0.0206493044, "val_L_e": 0.272331607, "C10164_c": 0.095781219, "HC02024_r": 0.08437164789999999, "fum_m": 0.058062528200000005, "hdcea_e": 0.0433845592, "adrnl_e": 0.0084713987, "cit_c": 0.7954439903, "4hpro_LT_r": 0.1056245666, "chol_m": 0.1097290242, "4h2oglt_c": 0.0364727347, "C06199_l": 0.31531243579999996, "trp_L_c": 0.7713511945999999, "stcrn_m": 0.036915389, "pyr_m": 1.2301261568000001, "carn_c": 0.1472339485, "chsterol_n": 1.5260752734, "lys_L_m": 0.9796491458, "g6p_r": 0.07251609120000001, "arg_L_e": 0.0592198372, "acgam_l": 0.007566799, "c4crn_m": 0.0299310767, "C01601_c": 0.0175719608, "hom_L_e": 0.012257881399999998, "hxan_e": 0.036090402599999995, "lnlccrn_m": 0.07498167730000001, "im4ac_c": 0.0331999524, "urate_e": 0.2572179043, "g3p_c": 0.0348821433, "hdd2crn_c": 0.0129933626, "glu_L_r": 0.0681857309, "nac_c": 0.2772025671, "asp_D_e": 0.0346624366, "thrnt_c": 0.014475985, "C01507_c": 0.005707039200000001, "12ppd_R_c": 0.6074734445000001, "5oxpro_e": 0.9340307175, "fuc_L_e": 0.014204076699999998, "arab_L_c": 0.0036597371999999998, "vacccrn_m": 0.09379308439999999, "CE6205_c": 0.0087902641, "pram_c": 0.5405564197, "ipdp_c": 0.0039994895, "met_L_m": 0.17942187489999997, "ile_L_e": 0.0322791247, "hyptaur_c": 0.0074898698, "rbt_e": 0.025948736899999998, "ocdca_c": 0.5990660890999999, "Lpipecol_x": 0.0621800875, "c10crn_e": 0.0885192232, "dhdascb_c": 0.018169751100000003, "gal_c": 0.0367593881, "phe_L_l": 0.6147252292000001, "urea_m": 39.187258747899996, "glx_m": 0.0406597769, "glc_D_c": 11.330124895099999, "gln_L_e": 0.2122543496, "glcur_c": 0.0042302391, "crn_e": 0.0338582151, "c6crn_x": 0.0105348774, "gua_e": 0.011572153200000001, "dchac_r": 0.0621915845, "4mop_c": 0.08009139480000001, "sarcs_m": 0.12395124140000001, "anth_e": 0.0075218676, "andrstndn_c": 0.0066698618, "1p2cbxl_x": 0.244274333, "2coum_c": 0.0181023515, "thr_L_e": 0.6739549934000001, "bilirub_r": 0.0793958733, "5hoxindoa_c": 0.0100962805, "ddeccrn_m": 0.028100850299999997, "3mop_m": 0.0324304485, "xylt_e": 0.0076711133, "sphs1p_e": 0.0383100954, "gudac_c": 0.010576795200000001, "succ_r": 0.0365929504, "ala_D_c": 10.6883235011, "prgstrn_e": 0.011467370800000001, "3hmp_m": 1.2592486582, "dmnoncrn_x": 0.004192857800000001, "oaa_x": 0.0938610346, "rib_D_c": 0.058556355899999996, "gly_m": 1.7313288788999999, "citr_L_m": 0.6645039596, "glyclt_x": 0.005071159600000001, "acnam_l": 0.0212160496, "creat_m": 0.135702698, "tyr_L_l": 0.12991301759999999, "oxa_c": 117.48884907770001, "Lcystin_c": 0.0329718773, "ivcrn_c": 0.0156987517, "dhap_x": 0.023493860699999997, "bz_r": 0.018290688200000002, "lneldc_e": 0.0229544333, "C02356_c": 0.47110478570000003, "pchol_hs_c": 0.0556220162, "asn_L_c": 0.0733197029, "6pgc_c": 0.0283280285, "ser_L_x": 0.9527844489, "leu_L_m": 3.0272956629000003, "25hvitd3_c": 0.0145067545, "gcald_c": 0.8589819705, "glyald_m": 0.0188799911, "thm_e": 0.0177239073, "c8crn_x": 0.0276665983, "pcollg5hlys_c": 0.0703081839, "srb_L_c": 0.0185130084, "5htrp_e": 0.016999208300000002, "pmtcrn_m": 0.0040791494, "CE2537_c": 0.1800550097, "cyst_L_m": 0.024715032999999997, "3mob_c": 0.0135287705, "ru5p_D_c": 0.0179639781, "cys_L_m": 0.0875514609, "2mcacn_c": 0.0087781779, "pro_D_l": 5.6869003127, "pser_L_c": 0.0092159862, "pac_m": 0.4453858503, "inost_r": 0.21828084679999998, "ttdca_e": 0.1033821425, "orn_m": 0.5931913934, "acrn_x": 0.0130211256, "ttdcea_c": 0.0056141903, "fru_e": 0.0335900132, "ura_c": 0.0490554288, "lac_D_c": 48.2820327691, "glyc_c": 0.6973808128, "ocdcea_r": 0.0163311561, "ttdcrn_c": 0.0098140421}