{"aact_m": 0.4287726492, "sphings_r": 0.0150659317, "val_L_e": 0.5066502998, "C10164_c": 0.1486729205, "HC02024_r": 0.07244891269999999, "fum_m": 0.0601226983, "hdcea_e": 0.0143916558, "adrnl_e": 0.0063360001, "cit_c": 1.1614691915000002, "4hpro_LT_r": 0.1012132766, "chol_m": 0.0367439191, "4h2oglt_c": 0.0337535339, "C06199_l": 0.40384970299999995, "trp_L_c": 0.3634327897, "stcrn_m": 0.0394771483, "pyr_m": 1.1886213012, "carn_c": 0.42155766990000004, "chsterol_n": 1.290546382, "lys_L_m": 1.7166265781999999, "g6p_r": 0.0446012649, "arg_L_e": 0.0316299232, "acgam_l": 0.006021187900000001, "c4crn_m": 0.0522061217, "C01601_c": 0.012715703, "hom_L_e": 0.0167232507, "hxan_e": 0.0654021083, "lnlccrn_m": 0.0733579326, "im4ac_c": 0.0421899418, "urate_e": 0.5695837278, "g3p_c": 0.0280472215, "hdd2crn_c": 0.017764113600000003, "glu_L_r": 0.1633871486, "nac_c": 0.122733205, "asp_D_e": 0.041552356400000004, "thrnt_c": 0.0259616397, "C01507_c": 0.0346846344, "12ppd_R_c": 0.453782568, "5oxpro_e": 1.2588400724, "fuc_L_e": 0.012982003999999998, "arab_L_c": 0.024434422200000003, "vacccrn_m": 0.1462195273, "CE6205_c": 0.022452886000000002, "pram_c": 0.6414699186, "ipdp_c": 0.0032506964, "met_L_m": 0.1724082672, "ile_L_e": 0.0254784019, "hyptaur_c": 0.0080443756, "rbt_e": 0.067378772, "ocdca_c": 0.451564697, "Lpipecol_x": 0.7667423675, "c10crn_e": 0.1085252719, "dhdascb_c": 0.022582303300000002, "gal_c": 0.056902419800000006, "phe_L_l": 0.6333384450999999, "urea_m": 38.864930759699995, "glx_m": 0.0297711573, "glc_D_c": 51.532279544, "gln_L_e": 0.4158627193, "glcur_c": 0.012063345500000001, "crn_e": 0.0104640709, "c6crn_x": 0.0198790228, "gua_e": 0.015126206000000001, "dchac_r": 0.060378988099999996, "4mop_c": 0.0359749307, "sarcs_m": 0.1256808483, "anth_e": 0.0114333949, "andrstndn_c": 0.0259956267, "1p2cbxl_x": 0.3175406259, "2coum_c": 0.021048653799999997, "thr_L_e": 0.8657230837000001, "bilirub_r": 0.0483580417, "5hoxindoa_c": 0.0082982723, "ddeccrn_m": 0.0429118841, "3mop_m": 0.0585927412, "xylt_e": 0.0097856303, "sphs1p_e": 0.0523690507, "gudac_c": 0.0081262739, "succ_r": 0.0749757947, "ala_D_c": 10.7735046547, "prgstrn_e": 0.013608871399999998, "3hmp_m": 1.4977562426, "dmnoncrn_x": 0.0076898203000000005, "oaa_x": 0.09479038779999999, "rib_D_c": 0.1174828827, "gly_m": 1.0350591321, "citr_L_m": 0.6732466975, "glyclt_x": 0.0066053362, "acnam_l": 0.0227463735, "creat_m": 0.1615863678, "tyr_L_l": 0.1469005964, "oxa_c": 147.2021041945, "Lcystin_c": 0.1384741132, "ivcrn_c": 0.016811934599999998, "dhap_x": 0.0210540288, "bz_r": 0.022967519300000003, "lneldc_e": 0.021467466400000003, "C02356_c": 0.5449185863, "pchol_hs_c": 0.0426127366, "asn_L_c": 0.0852243551, "6pgc_c": 0.024379294, "ser_L_x": 0.98797388, "leu_L_m": 2.5664277732, "25hvitd3_c": 0.0161593666, "gcald_c": 0.7449997629999999, "glyald_m": 0.0077012164000000004, "thm_e": 0.042765807, "c8crn_x": 0.0390445659, "pcollg5hlys_c": 0.07507416410000001, "srb_L_c": 0.0437775459, "5htrp_e": 0.029684190099999997, "pmtcrn_m": 0.0060165267, "CE2537_c": 0.37668268130000004, "cyst_L_m": 0.0698769309, "3mob_c": 0.0083771693, "ru5p_D_c": 0.0106995852, "cys_L_m": 0.1351940417, "2mcacn_c": 0.0077082339, "pro_D_l": 8.3361676728, "pser_L_c": 0.008105160699999999, "pac_m": 0.36461483829999997, "inost_r": 0.46137758689999997, "ttdca_e": 0.1001676105, "orn_m": 0.9217667051, "acrn_x": 0.009405137, "ttdcea_c": 0.0067405752000000005, "fru_e": 0.1396317919, "ura_c": 0.060928717599999994, "lac_D_c": 64.2132166014, "glyc_c": 0.3843169693, "ocdcea_r": 0.0071126414, "ttdcrn_c": 0.0192205045}