{"aact_m": 0.2634217981, "sphings_r": 0.0151255774, "val_L_e": 0.3869154361, "C10164_c": 0.0953719709, "HC02024_r": 0.067167458, "fum_m": 0.0606370496, "hdcea_e": 0.0087455083, "adrnl_e": 0.0087115981, "cit_c": 1.1042890823, "4hpro_LT_r": 0.10189567050000001, "chol_m": 0.0495369296, "4h2oglt_c": 0.0440010357, "C06199_l": 0.7015623646, "trp_L_c": 0.9237693467, "stcrn_m": 0.0416562895, "pyr_m": 0.6729559246, "carn_c": 0.1615720706, "chsterol_n": 1.4398751994999999, "lys_L_m": 1.7919894706000001, "g6p_r": 0.0417013339, "arg_L_e": 0.0593521329, "acgam_l": 0.0065381389000000005, "c4crn_m": 0.0782056758, "C01601_c": 0.0150327066, "hom_L_e": 0.0080450755, "hxan_e": 0.029305415499999998, "lnlccrn_m": 0.0412630179, "im4ac_c": 0.0168019833, "urate_e": 0.4946591165, "g3p_c": 0.0234210207, "hdd2crn_c": 0.016153838400000002, "glu_L_r": 0.1432254397, "nac_c": 0.2053202961, "asp_D_e": 0.0505630614, "thrnt_c": 0.0365999588, "C01507_c": 0.0154424574, "12ppd_R_c": 0.5890538362, "5oxpro_e": 1.2598976492, "fuc_L_e": 0.0095021131, "arab_L_c": 0.0055072064, "vacccrn_m": 0.0926997216, "CE6205_c": 0.0165321151, "pram_c": 0.6947077645, "ipdp_c": 0.0033548881, "met_L_m": 0.320686712, "ile_L_e": 0.048258287000000004, "hyptaur_c": 0.0084344161, "rbt_e": 0.042167917, "ocdca_c": 0.3036000838, "Lpipecol_x": 0.0666451064, "c10crn_e": 0.1597821029, "dhdascb_c": 0.022102223799999998, "gal_c": 0.034670087999999995, "phe_L_l": 0.930831083, "urea_m": 44.290076006199996, "glx_m": 0.0309367079, "glc_D_c": 11.5993141884, "gln_L_e": 0.3404183247, "glcur_c": 0.0055459593, "crn_e": 0.0283119446, "c6crn_x": 0.0223069343, "gua_e": 0.025136815099999998, "dchac_r": 0.0539919217, "4mop_c": 0.0917983001, "sarcs_m": 0.1531576617, "anth_e": 0.014805311000000002, "andrstndn_c": 0.0424956349, "1p2cbxl_x": 0.2810442402, "2coum_c": 0.0558882727, "thr_L_e": 0.6406766409, "bilirub_r": 0.0423209599, "5hoxindoa_c": 0.0104602693, "ddeccrn_m": 0.052503253, "3mop_m": 0.14853066380000002, "xylt_e": 0.007089220500000001, "sphs1p_e": 0.0323332335, "gudac_c": 0.011182131000000001, "succ_r": 0.0543164576, "ala_D_c": 12.9893614925, "prgstrn_e": 0.0187011364, "3hmp_m": 1.4850400215000001, "dmnoncrn_x": 0.0132122778, "oaa_x": 0.1216144976, "rib_D_c": 0.045631746200000003, "gly_m": 0.953383097, "citr_L_m": 0.6652188146, "glyclt_x": 0.015438198700000001, "acnam_l": 0.0213380463, "creat_m": 0.2819863547, "tyr_L_l": 0.4021722311, "oxa_c": 197.0691660434, "Lcystin_c": 0.0659863733, "ivcrn_c": 0.0278886471, "dhap_x": 0.0232417935, "bz_r": 0.0302037519, "lneldc_e": 0.0248599448, "C02356_c": 0.6305908325, "pchol_hs_c": 0.0622403121, "asn_L_c": 0.07655434400000001, "6pgc_c": 0.0355540334, "ser_L_x": 0.8953487525, "leu_L_m": 6.1924897041, "25hvitd3_c": 0.0198224273, "gcald_c": 0.8536473743999999, "glyald_m": 0.0078780862, "thm_e": 0.0182753556, "c8crn_x": 0.043543398600000005, "pcollg5hlys_c": 0.0786814571, "srb_L_c": 0.014835956200000002, "5htrp_e": 0.026379432, "pmtcrn_m": 0.0104864732, "CE2537_c": 0.1357811203, "cyst_L_m": 0.3175210409, "3mob_c": 0.0105231126, "ru5p_D_c": 0.0116194282, "cys_L_m": 0.1545328172, "2mcacn_c": 0.0076327679, "pro_D_l": 10.3175265388, "pser_L_c": 0.0099718975, "pac_m": 0.4467745883, "inost_r": 0.3016218015, "ttdca_e": 0.08464818980000001, "orn_m": 1.0196970955, "acrn_x": 0.008121303199999999, "ttdcea_c": 0.014630586999999999, "fru_e": 0.0531264199, "ura_c": 0.0617445658, "lac_D_c": 29.7845360238, "glyc_c": 0.48029499770000006, "ocdcea_r": 0.0015411425, "ttdcrn_c": 0.0229565647}