{"aact_m": 1.0883562037, "sphings_r": 0.0354859626, "val_L_e": 0.5279520335, "C10164_c": 0.1193237382, "HC02024_r": 0.0486724027, "fum_m": 0.045198191799999995, "hdcea_e": 0.0714503316, "adrnl_e": 0.0021954136, "cit_c": 0.5927821621, "4hpro_LT_r": 0.1335972401, "chol_m": 0.0534133027, "4h2oglt_c": 0.0420607458, "C06199_l": 0.49781212189999996, "trp_L_c": 0.3853362656, "stcrn_m": 0.0320042896, "pyr_m": 0.0064339344, "carn_c": 0.2114159398, "chsterol_n": 1.159681433, "lys_L_m": 0.9491925507, "g6p_r": 0.0630852295, "arg_L_e": 0.033976768399999996, "acgam_l": 0.006058251, "c4crn_m": 0.0200989894, "C01601_c": 0.0756055573, "hom_L_e": 0.0017362961999999999, "hxan_e": 0.031782330899999996, "lnlccrn_m": 0.0802521084, "im4ac_c": 0.0053992606000000005, "urate_e": 0.4159124004, "g3p_c": 0.0821267641, "hdd2crn_c": 0.029696055699999998, "glu_L_r": 1.4169914397, "nac_c": 0.6077015031, "asp_D_e": 0.2962277646, "thrnt_c": 0.0450064312, "C01507_c": 0.0051016361, "12ppd_R_c": 0.5806188597999999, "5oxpro_e": 3.0761847419999997, "fuc_L_e": 0.0100607822, "arab_L_c": 0.0091429363, "vacccrn_m": 0.1287757447, "CE6205_c": 0.0475725905, "pram_c": 0.0, "ipdp_c": 0.0055440341, "met_L_m": 0.2198526278, "ile_L_e": 0.0252186494, "hyptaur_c": 0.0008572732, "rbt_e": 0.025731467, "ocdca_c": 0.6438758353, "Lpipecol_x": 0.1927303922, "c10crn_e": 0.0610679554, "dhdascb_c": 0.014117406499999999, "gal_c": 0.0539107137, "phe_L_l": 0.7585329143, "urea_m": 17.6072852149, "glx_m": 0.0231306083, "glc_D_c": 8.6525889732, "gln_L_e": 0.116454382, "glcur_c": 0.0125804404, "crn_e": 0.0813860329, "c6crn_x": 0.0135070603, "gua_e": 0.0169156398, "dchac_r": 0.1205471483, "4mop_c": 0.0152097957, "sarcs_m": 0.0147412721, "anth_e": 0.008651414, "andrstndn_c": 0.0192933327, "1p2cbxl_x": 0.17452551019999998, "2coum_c": 0.024956435, "thr_L_e": 0.6273083857, "bilirub_r": 0.0518034569, "5hoxindoa_c": 0.012740776200000001, "ddeccrn_m": 0.0340066024, "3mop_m": 0.0946854671, "xylt_e": 0.0066181349, "sphs1p_e": 0.025120397200000002, "gudac_c": 0.0119309732, "succ_r": 0.0452002808, "ala_D_c": 8.488863875, "prgstrn_e": 0.0140981027, "3hmp_m": 2.513820188, "dmnoncrn_x": 0.0070074651000000005, "oaa_x": 0.11082196849999999, "rib_D_c": 0.055960503499999995, "gly_m": 1.1687909568000001, "citr_L_m": 0.708576238, "glyclt_x": 0.002034584, "acnam_l": 0.0033062376000000003, "creat_m": 0.2935311325, "tyr_L_l": 0.1837359563, "oxa_c": 123.7156617201, "Lcystin_c": 0.0239187912, "ivcrn_c": 0.0550899796, "dhap_x": 0.0260835248, "bz_r": 0.022141527400000003, "lneldc_e": 0.492636291, "C02356_c": 0.5248496894, "pchol_hs_c": 0.20281368989999998, "asn_L_c": 0.0080068291, "6pgc_c": 0.031717646099999997, "ser_L_x": 1.5875488012, "leu_L_m": 3.3563776562, "25hvitd3_c": 0.0198372423, "gcald_c": 0.5843732751, "glyald_m": 0.010698178999999999, "thm_e": 0.0036284354, "c8crn_x": 0.0305105886, "pcollg5hlys_c": 0.0751202119, "srb_L_c": 0.0140614565, "5htrp_e": 0.0101971733, "pmtcrn_m": 0.005481514200000001, "CE2537_c": 0.1739631912, "cyst_L_m": 0.014931398700000001, "3mob_c": 0.0020240029, "ru5p_D_c": 0.0170038793, "cys_L_m": 0.031226698900000002, "2mcacn_c": 0.0108650316, "pro_D_l": 6.0676651034, "pser_L_c": 0.0111739608, "pac_m": 0.5091961477, "inost_r": 0.2570836366, "ttdca_e": 0.1627341319, "orn_m": 0.4950368219, "acrn_x": 0.0166223634, "ttdcea_c": 0.0203414826, "fru_e": 0.22379825239999998, "ura_c": 0.0365927929, "lac_D_c": 34.6551081907, "glyc_c": 0.5989217732, "ocdcea_r": 0.0196837055, "ttdcrn_c": 0.0169347135}