{"aact_m": 0.36454733570000003, "sphings_r": 0.013657215700000001, "val_L_e": 0.5705752846, "C10164_c": 0.1026308411, "HC02024_r": 0.0786755314, "fum_m": 0.059811678, "hdcea_e": 0.0328165319, "adrnl_e": 0.0029963206, "cit_c": 1.1417200099, "4hpro_LT_r": 0.1055620602, "chol_m": 0.044981556500000006, "4h2oglt_c": 0.047924423499999994, "C06199_l": 0.6667026581000001, "trp_L_c": 0.7138478453, "stcrn_m": 0.023263343500000002, "pyr_m": 0.0115052818, "carn_c": 0.2484616972, "chsterol_n": 0.9232230285999999, "lys_L_m": 1.1524412759, "g6p_r": 0.0361365469, "arg_L_e": 0.0418915503, "acgam_l": 0.0058285165, "c4crn_m": 0.021333298900000002, "C01601_c": 0.0114234201, "hom_L_e": 0.0079388005, "hxan_e": 0.0052439056, "lnlccrn_m": 0.039622905, "im4ac_c": 0.0098363355, "urate_e": 0.78868182, "g3p_c": 0.0234737665, "hdd2crn_c": 0.0156647915, "glu_L_r": 2.3971668888, "nac_c": 0.1961072211, "asp_D_e": 0.3248933116, "thrnt_c": 0.0729561038, "C01507_c": 0.0127694445, "12ppd_R_c": 0.5127933920000001, "5oxpro_e": 4.6088570961, "fuc_L_e": 0.0140438553, "arab_L_c": 0.0077664686, "vacccrn_m": 0.08152834190000001, "CE6205_c": 0.0115690793, "pram_c": 0.7899696062, "ipdp_c": 0.0035773371999999995, "met_L_m": 0.1784644816, "ile_L_e": 0.0555457986, "hyptaur_c": 0.0004758644, "rbt_e": 0.0403832013, "ocdca_c": 0.376078223, "Lpipecol_x": 0.06999289360000001, "c10crn_e": 0.0668704824, "dhdascb_c": 0.0191808018, "gal_c": 0.0270593091, "phe_L_l": 1.0557899691, "urea_m": 21.3027870141, "glx_m": 0.0405541484, "glc_D_c": 58.4601731639, "gln_L_e": 0.1325235724, "glcur_c": 0.0108648646, "crn_e": 0.031118295299999998, "c6crn_x": 0.012088108600000001, "gua_e": 0.014157836799999999, "dchac_r": 0.05491814230000001, "4mop_c": 0.0138226487, "sarcs_m": 0.0430704744, "anth_e": 0.0053434322, "andrstndn_c": 0.0300674975, "1p2cbxl_x": 0.322181082, "2coum_c": 0.0352984096, "thr_L_e": 0.8941139103, "bilirub_r": 0.0094425436, "5hoxindoa_c": 0.0103238269, "ddeccrn_m": 0.0312235174, "3mop_m": 0.0422926407, "xylt_e": 0.0099806651, "sphs1p_e": 0.016938865900000002, "gudac_c": 0.010562749299999999, "succ_r": 0.1169277184, "ala_D_c": 16.1207988147, "prgstrn_e": 0.0121932239, "3hmp_m": 1.0920261495, "dmnoncrn_x": 0.0060231307, "oaa_x": 0.1256346446, "rib_D_c": 0.07247950980000001, "gly_m": 1.4225984425, "citr_L_m": 0.668282657, "glyclt_x": 0.008210934100000001, "acnam_l": 0.0180985678, "creat_m": 0.1338999691, "tyr_L_l": 0.2527026708, "oxa_c": 90.39490337059999, "Lcystin_c": 0.013523814399999999, "ivcrn_c": 0.0250032237, "dhap_x": 0.0219573533, "bz_r": 0.027565768799999998, "lneldc_e": 0.018882785, "C02356_c": 0.5659685964, "pchol_hs_c": 0.2411055607, "asn_L_c": 0.020749065900000002, "6pgc_c": 0.0391786742, "ser_L_x": 1.3375980906, "leu_L_m": 3.4998984561, "25hvitd3_c": 0.0148068029, "gcald_c": 0.5215506818, "glyald_m": 0.0202745004, "thm_e": 0.0029840132000000003, "c8crn_x": 0.0294261667, "pcollg5hlys_c": 0.0870325574, "srb_L_c": 0.0315620763, "5htrp_e": 0.024290811800000003, "pmtcrn_m": 0.0076666061, "CE2537_c": 0.2377887103, "cyst_L_m": 0.0642955658, "3mob_c": 0.0013865651999999998, "ru5p_D_c": 0.0209385307, "cys_L_m": 0.0255127171, "2mcacn_c": 0.0079531236, "pro_D_l": 9.6577933218, "pser_L_c": 0.009291529100000001, "pac_m": 0.4427682322, "inost_r": 0.299000654, "ttdca_e": 0.0818863074, "orn_m": 0.5996065649, "acrn_x": 0.0108038704, "ttdcea_c": 0.0220072291, "fru_e": 0.1479244972, "ura_c": 0.05297995, "lac_D_c": 30.0829309028, "glyc_c": 0.9066521751000001, "ocdcea_r": 0.008290032, "ttdcrn_c": 0.0117225534}