{"aact_m": 0.3579440544, "sphings_r": 0.014863543, "val_L_e": 0.4549935707, "C10164_c": 0.06313450940000001, "HC02024_r": 0.0675087287, "fum_m": 0.0448280569, "hdcea_e": 0.011509295800000001, "adrnl_e": 0.009661388100000001, "cit_c": 0.8341859197, "4hpro_LT_r": 0.1048644575, "chol_m": 0.0432160038, "4h2oglt_c": 0.041483552, "C06199_l": 0.3998859922, "trp_L_c": 0.6819936529999999, "stcrn_m": 0.0336425339, "pyr_m": 0.8889297639, "carn_c": 0.1358124975, "chsterol_n": 1.8265593647999998, "lys_L_m": 0.9873613192, "g6p_r": 0.06530093349999999, "arg_L_e": 0.0644568505, "acgam_l": 0.0047625276, "c4crn_m": 0.041410240200000004, "C01601_c": 0.0161957566, "hom_L_e": 0.0117446922, "hxan_e": 0.049039936, "lnlccrn_m": 0.05885658, "im4ac_c": 0.009148596, "urate_e": 0.286230752, "g3p_c": 0.0330668611, "hdd2crn_c": 0.0222525186, "glu_L_r": 0.1906288879, "nac_c": 0.1797321288, "asp_D_e": 0.0637677584, "thrnt_c": 0.0772264673, "C01507_c": 0.0112346419, "12ppd_R_c": 0.5368585984, "5oxpro_e": 1.4487358575, "fuc_L_e": 0.007781208299999999, "arab_L_c": 0.0304765309, "vacccrn_m": 0.1051643292, "CE6205_c": 0.015845743500000002, "pram_c": 0.5901043592, "ipdp_c": 0.0032381897999999997, "met_L_m": 0.2024584077, "ile_L_e": 0.0378480425, "hyptaur_c": 0.0095979564, "rbt_e": 0.0391644106, "ocdca_c": 0.235651425, "Lpipecol_x": 0.3076780462, "c10crn_e": 0.057301684400000004, "dhdascb_c": 0.015213575, "gal_c": 0.043222971799999996, "phe_L_l": 0.6375824912, "urea_m": 21.1769944788, "glx_m": 0.039669562799999995, "glc_D_c": 17.8407607059, "gln_L_e": 0.3270884664, "glcur_c": 0.0074816566, "crn_e": 0.0368683415, "c6crn_x": 0.0115275159, "gua_e": 0.0149779789, "dchac_r": 0.0425287955, "4mop_c": 0.0547659109, "sarcs_m": 0.0823237675, "anth_e": 0.0120572351, "andrstndn_c": 0.012348478700000002, "1p2cbxl_x": 0.2320872859, "2coum_c": 0.024115760299999997, "thr_L_e": 0.9586978075, "bilirub_r": 0.07622809929999999, "5hoxindoa_c": 0.0101821189, "ddeccrn_m": 0.0271663571, "3mop_m": 0.0931039412, "xylt_e": 0.030730953300000002, "sphs1p_e": 0.0529553974, "gudac_c": 0.0103180649, "succ_r": 0.045060528499999995, "ala_D_c": 15.7900846179, "prgstrn_e": 0.009361404399999999, "3hmp_m": 0.5366518445, "dmnoncrn_x": 0.0053178152, "oaa_x": 0.11258835210000001, "rib_D_c": 0.0372293199, "gly_m": 1.7058410249, "citr_L_m": 0.6701713736, "glyclt_x": 0.0139193989, "acnam_l": 0.015197318000000001, "creat_m": 0.32208000859999997, "tyr_L_l": 0.1742228108, "oxa_c": 169.68417839219998, "Lcystin_c": 0.048430619800000005, "ivcrn_c": 0.027370987700000002, "dhap_x": 0.021945861400000002, "bz_r": 0.0220818417, "lneldc_e": 0.010684936200000002, "C02356_c": 0.582968379, "pchol_hs_c": 0.0831685523, "asn_L_c": 0.0919929798, "6pgc_c": 0.0342055397, "ser_L_x": 1.3235777516, "leu_L_m": 3.6782884931, "25hvitd3_c": 0.018655614299999998, "gcald_c": 0.5286502711, "glyald_m": 0.0100157756, "thm_e": 0.0096202858, "c8crn_x": 0.0188538283, "pcollg5hlys_c": 0.0819551826, "srb_L_c": 0.009169461, "5htrp_e": 0.0164262229, "pmtcrn_m": 0.0035830079, "CE2537_c": 0.1096471881, "cyst_L_m": 0.0147757768, "3mob_c": 0.007927411700000001, "ru5p_D_c": 0.0131444646, "cys_L_m": 0.0818768822, "2mcacn_c": 0.0072679538, "pro_D_l": 7.9807705733, "pser_L_c": 0.0086267965, "pac_m": 0.4414110329, "inost_r": 0.38416263759999997, "ttdca_e": 0.0234397685, "orn_m": 0.7750139652, "acrn_x": 0.009122062700000001, "ttdcea_c": 0.0133556145, "fru_e": 0.06982598429999999, "ura_c": 0.0391376232, "lac_D_c": 79.9515659099, "glyc_c": 0.3326649068, "ocdcea_r": 0.0018385654, "ttdcrn_c": 0.0134859041}