{"aact_m": 0.2991949902, "sphings_r": 0.0198988285, "val_L_e": 0.5204927555, "C10164_c": 0.2494763798, "HC02024_r": 0.0593553514, "fum_m": 0.051095267, "hdcea_e": 0.007158319200000001, "adrnl_e": 0.0004956518, "cit_c": 0.5401888751, "4hpro_LT_r": 0.10542283529999999, "chol_m": 0.0772322275, "4h2oglt_c": 0.0326580633, "C06199_l": 0.5209351164, "trp_L_c": 0.7739744279999999, "stcrn_m": 0.0363283161, "pyr_m": 1.2450700384, "carn_c": 0.1432557162, "chsterol_n": 1.3008295001, "lys_L_m": 0.9088531842, "g6p_r": 0.0488669171, "arg_L_e": 0.0561520472, "acgam_l": 0.0056074049, "c4crn_m": 0.035651839, "C01601_c": 0.0093413395, "hom_L_e": 0.0075303792, "hxan_e": 0.0416472773, "lnlccrn_m": 0.103163664, "im4ac_c": 0.0184135081, "urate_e": 0.3172424722, "g3p_c": 0.0359502175, "hdd2crn_c": 0.011271793600000002, "glu_L_r": 0.1730222323, "nac_c": 0.0734006194, "asp_D_e": 0.059797105, "thrnt_c": 0.034815934, "C01507_c": 0.014199688500000002, "12ppd_R_c": 0.4197860538, "5oxpro_e": 1.2233725790999999, "fuc_L_e": 0.0072410314, "arab_L_c": 0.0039916291, "vacccrn_m": 0.1309507118, "CE6205_c": 0.0114222581, "pram_c": 0.6186316412, "ipdp_c": 0.0035514277, "met_L_m": 0.2822061336, "ile_L_e": 0.0264871508, "hyptaur_c": 0.0095936412, "rbt_e": 0.042062049299999994, "ocdca_c": 0.3335257211, "Lpipecol_x": 0.18325453949999998, "c10crn_e": 0.0408593349, "dhdascb_c": 0.012111911999999999, "gal_c": 0.0373405906, "phe_L_l": 0.7819312251999999, "urea_m": 15.1262276727, "glx_m": 0.0250725303, "glc_D_c": 14.591045980499999, "gln_L_e": 0.3539517271, "glcur_c": 0.0048186222, "crn_e": 0.0455924028, "c6crn_x": 0.008334207199999999, "gua_e": 0.0244270417, "dchac_r": 0.0640413693, "4mop_c": 0.06469319559999999, "sarcs_m": 0.1237137965, "anth_e": 0.0083424071, "andrstndn_c": 0.0053120388, "1p2cbxl_x": 0.23523584649999998, "2coum_c": 0.038293076, "thr_L_e": 0.8586814753, "bilirub_r": 0.0237109725, "5hoxindoa_c": 0.0090280526, "ddeccrn_m": 0.023695482599999998, "3mop_m": 0.1513030842, "xylt_e": 0.0048710112, "sphs1p_e": 0.0653436313, "gudac_c": 0.0092392295, "succ_r": 0.0909497027, "ala_D_c": 13.752197855, "prgstrn_e": 0.007433709, "3hmp_m": 0.9614077439000001, "dmnoncrn_x": 0.0052097888, "oaa_x": 0.0949706032, "rib_D_c": 0.0355766242, "gly_m": 0.7760308598000001, "citr_L_m": 0.6718620866, "glyclt_x": 0.009527692800000001, "acnam_l": 0.012266146399999999, "creat_m": 0.3124517031, "tyr_L_l": 0.27015256719999997, "oxa_c": 124.877131965, "Lcystin_c": 0.0370200116, "ivcrn_c": 0.0185115767, "dhap_x": 0.0214770892, "bz_r": 0.0276432139, "lneldc_e": 0.026200650899999997, "C02356_c": 0.3489615315, "pchol_hs_c": 0.05014653769999999, "asn_L_c": 0.0903576066, "6pgc_c": 0.026091945699999997, "ser_L_x": 1.1824745125, "leu_L_m": 4.9120360289, "25hvitd3_c": 0.0186377982, "gcald_c": 0.5207165169, "glyald_m": 0.0045770396, "thm_e": 0.0041343626, "c8crn_x": 0.0133150189, "pcollg5hlys_c": 0.057520269400000004, "srb_L_c": 0.0179033498, "5htrp_e": 0.023874074, "pmtcrn_m": 0.0030294674, "CE2537_c": 0.1040923858, "cyst_L_m": 0.06896367190000001, "3mob_c": 0.0087034522, "ru5p_D_c": 0.01079203, "cys_L_m": 0.1133242276, "2mcacn_c": 0.0079169863, "pro_D_l": 7.8926219132, "pser_L_c": 0.0083419545, "pac_m": 0.3844037622, "inost_r": 0.2626085232, "ttdca_e": 0.0336141298, "orn_m": 0.8129307519, "acrn_x": 0.011099436200000002, "ttdcea_c": 0.0163809764, "fru_e": 0.0602499126, "ura_c": 0.0349083829, "lac_D_c": 67.7070272495, "glyc_c": 0.2288157123, "ocdcea_r": 0.119413343, "ttdcrn_c": 0.0102874921}