{"aact_m": 0.3025489568, "sphings_r": 0.0397910745, "val_L_e": 0.3256198622, "C10164_c": 0.0766890057, "HC02024_r": 0.07682655599999999, "fum_m": 0.048904478499999994, "hdcea_e": 0.013328671100000002, "adrnl_e": 0.0017633131, "cit_c": 0.9564623948000001, "4hpro_LT_r": 0.1091322399, "chol_m": 0.032555667, "4h2oglt_c": 0.0350714103, "C06199_l": 0.2930543208, "trp_L_c": 0.7658423109, "stcrn_m": 0.05724527769999999, "pyr_m": 1.4457437375, "carn_c": 0.1408661326, "chsterol_n": 1.7805874625, "lys_L_m": 1.4214354921, "g6p_r": 0.053207017999999995, "arg_L_e": 0.044907677400000005, "acgam_l": 0.0063921464, "c4crn_m": 0.025436308300000002, "C01601_c": 0.0556604327, "hom_L_e": 0.010438301700000001, "hxan_e": 0.016582456000000002, "lnlccrn_m": 0.0740712402, "im4ac_c": 0.031759864, "urate_e": 0.3548649124, "g3p_c": 0.0577466066, "hdd2crn_c": 0.015119292, "glu_L_r": 0.1408512107, "nac_c": 0.1259995527, "asp_D_e": 0.0499424847, "thrnt_c": 0.0470747924, "C01507_c": 0.0096757411, "12ppd_R_c": 0.6608215711, "5oxpro_e": 1.6459056177000002, "fuc_L_e": 0.010779103100000001, "arab_L_c": 0.0129863398, "vacccrn_m": 0.11267788179999999, "CE6205_c": 0.008560914000000001, "pram_c": 0.5654368320000001, "ipdp_c": 0.0047585615, "met_L_m": 0.30358387059999997, "ile_L_e": 0.0369329615, "hyptaur_c": 0.0109783743, "rbt_e": 0.0423622443, "ocdca_c": 0.4623377806, "Lpipecol_x": 0.161002686, "c10crn_e": 0.0595775887, "dhdascb_c": 0.017451128700000002, "gal_c": 0.0569236501, "phe_L_l": 0.6622623625, "urea_m": 16.6683090749, "glx_m": 0.0787257947, "glc_D_c": 26.02133762, "gln_L_e": 0.3412016571, "glcur_c": 0.007804905500000001, "crn_e": 0.0449100763, "c6crn_x": 0.0104973339, "gua_e": 0.0189031327, "dchac_r": 0.1128149978, "4mop_c": 0.0580539175, "sarcs_m": 0.1246825394, "anth_e": 0.0153027184, "andrstndn_c": 0.013043333, "1p2cbxl_x": 0.26005341379999997, "2coum_c": 0.0270614216, "thr_L_e": 1.6731076201, "bilirub_r": 0.0724468534, "5hoxindoa_c": 0.0079529962, "ddeccrn_m": 0.0280656396, "3mop_m": 0.0340359318, "xylt_e": 0.0113082368, "sphs1p_e": 0.0611408034, "gudac_c": 0.0075969881, "succ_r": 0.043804730599999994, "ala_D_c": 19.8135615404, "prgstrn_e": 0.0127333074, "3hmp_m": 0.7665883784, "dmnoncrn_x": 0.0056082654000000004, "oaa_x": 0.09518392630000001, "rib_D_c": 0.0586972935, "gly_m": 2.3018244739, "citr_L_m": 0.6881962663, "glyclt_x": 0.0137782231, "acnam_l": 0.0142302244, "creat_m": 0.1245674701, "tyr_L_l": 0.2015884332, "oxa_c": 201.0813400669, "Lcystin_c": 0.0629384542, "ivcrn_c": 0.011375406599999999, "dhap_x": 0.0211005181, "bz_r": 0.0182480627, "lneldc_e": 0.0435094478, "C02356_c": 0.6342049036999999, "pchol_hs_c": 0.0700019961, "asn_L_c": 0.1172092766, "6pgc_c": 0.028877742, "ser_L_x": 1.4770288405, "leu_L_m": 2.7722214573, "25hvitd3_c": 0.0174902483, "gcald_c": 0.3988334613, "glyald_m": 0.0195051858, "thm_e": 0.0035492632, "c8crn_x": 0.022568841699999998, "pcollg5hlys_c": 0.07457012, "srb_L_c": 0.0259413773, "5htrp_e": 0.0130178617, "pmtcrn_m": 0.0057237673, "CE2537_c": 0.16657820369999998, "cyst_L_m": 0.0690120992, "3mob_c": 0.012261256100000001, "ru5p_D_c": 0.0093414155, "cys_L_m": 0.1059858889, "2mcacn_c": 0.0092339788, "pro_D_l": 7.754747704600001, "pser_L_c": 0.0133032185, "pac_m": 0.4600205553, "inost_r": 0.3233072821, "ttdca_e": 0.0670802249, "orn_m": 1.1157419893, "acrn_x": 0.010589891799999999, "ttdcea_c": 0.0081806221, "fru_e": 0.8096315542, "ura_c": 0.0444431579, "lac_D_c": 82.0732734796, "glyc_c": 0.35929884939999995, "ocdcea_r": 0.0041508711, "ttdcrn_c": 0.0155632723}