{"aact_m": 0.2236156823, "sphings_r": 0.0176048725, "val_L_e": 0.45109911560000004, "C10164_c": 0.1119373065, "HC02024_r": 0.0367453312, "fum_m": 0.0578221451, "hdcea_e": 0.02863322, "adrnl_e": 0.012350218999999999, "cit_c": 0.8720587342, "4hpro_LT_r": 0.1038774147, "chol_m": 0.0590048961, "4h2oglt_c": 0.0344251883, "C06199_l": 0.43604176479999995, "trp_L_c": 0.5031227484, "stcrn_m": 0.027321179900000003, "pyr_m": 0.5414356759000001, "carn_c": 0.2152858963, "chsterol_n": 1.050723945, "lys_L_m": 1.4336066499000002, "g6p_r": 0.0389575575, "arg_L_e": 0.0394451458, "acgam_l": 0.0053764364, "c4crn_m": 0.039595896299999996, "C01601_c": 0.0103086108, "hom_L_e": 0.011172453999999998, "hxan_e": 0.08834295619999999, "lnlccrn_m": 0.080841943, "im4ac_c": 0.015998031200000002, "urate_e": 0.5544681135, "g3p_c": 0.0275433023, "hdd2crn_c": 0.0175973394, "glu_L_r": 0.203886333, "nac_c": 0.17350869260000001, "asp_D_e": 0.06772107690000001, "thrnt_c": 0.026424573700000002, "C01507_c": 0.6779843534000001, "12ppd_R_c": 0.5523583995, "5oxpro_e": 1.4038267992, "fuc_L_e": 0.0089539001, "arab_L_c": 0.0211737428, "vacccrn_m": 0.112893019, "CE6205_c": 0.0151953278, "pram_c": 0.5943164615, "ipdp_c": 0.0036843478000000004, "met_L_m": 0.3522325637, "ile_L_e": 0.0277349445, "hyptaur_c": 0.012735779099999999, "rbt_e": 0.08257206190000001, "ocdca_c": 0.3127143571, "Lpipecol_x": 0.09040482080000001, "c10crn_e": 0.1054505043, "dhdascb_c": 0.01742775, "gal_c": 0.021420838799999998, "phe_L_l": 0.7807356303, "urea_m": 15.388167926400001, "glx_m": 0.0489104428, "glc_D_c": 52.5947885724, "gln_L_e": 0.3533425242, "glcur_c": 0.0098646402, "crn_e": 0.007675763299999999, "c6crn_x": 0.0172775988, "gua_e": 0.025996408999999998, "dchac_r": 0.0661060064, "4mop_c": 0.0354765222, "sarcs_m": 0.18748568829999998, "anth_e": 0.0083709801, "andrstndn_c": 0.0258002406, "1p2cbxl_x": 0.3817955921, "2coum_c": 0.0277290985, "thr_L_e": 1.3024528851000001, "bilirub_r": 0.0428699952, "5hoxindoa_c": 0.009438291, "ddeccrn_m": 0.052708816, "3mop_m": 0.0714817514, "xylt_e": 0.0126810118, "sphs1p_e": 0.0318150231, "gudac_c": 0.0086787097, "succ_r": 0.062282233799999996, "ala_D_c": 10.7075084646, "prgstrn_e": 0.0182042, "3hmp_m": 1.3384727906, "dmnoncrn_x": 0.0049505399, "oaa_x": 0.0867831427, "rib_D_c": 0.0627588358, "gly_m": 2.6721456293, "citr_L_m": 0.671701048, "glyclt_x": 0.0064942182, "acnam_l": 0.0321472923, "creat_m": 0.2174097548, "tyr_L_l": 0.19731859489999998, "oxa_c": 129.2874451981, "Lcystin_c": 0.09097661900000001, "ivcrn_c": 0.0112950877, "dhap_x": 0.028051102, "bz_r": 0.0246480492, "lneldc_e": 0.018457238, "C02356_c": 0.5753285626, "pchol_hs_c": 0.0430681309, "asn_L_c": 0.1475535673, "6pgc_c": 0.027262771, "ser_L_x": 1.2599343248000001, "leu_L_m": 3.1033885661, "25hvitd3_c": 0.0149303607, "gcald_c": 0.6633596365, "glyald_m": 0.012710493400000002, "thm_e": 0.0425737633, "c8crn_x": 0.0400234361, "pcollg5hlys_c": 0.0582479413, "srb_L_c": 0.0479756138, "5htrp_e": 0.0280426733, "pmtcrn_m": 0.0038207571999999998, "CE2537_c": 0.1492026778, "cyst_L_m": 0.1178756953, "3mob_c": 0.0078535605, "ru5p_D_c": 0.0071271157, "cys_L_m": 0.1386020612, "2mcacn_c": 0.008262780899999999, "pro_D_l": 6.9129760827, "pser_L_c": 0.0083587933, "pac_m": 0.3962576688, "inost_r": 0.4312636206, "ttdca_e": 0.15729195810000002, "orn_m": 1.3038234608, "acrn_x": 0.0062475239, "ttdcea_c": 0.0137689502, "fru_e": 0.1790535784, "ura_c": 0.0444356398, "lac_D_c": 36.4834968442, "glyc_c": 0.6406099115999999, "ocdcea_r": 0.0095004398, "ttdcrn_c": 0.0197850333}