{"aact_m": 0.8243011617, "sphings_r": 0.0360797218, "val_L_e": 0.20269713239999998, "C10164_c": 0.0787553436, "HC02024_r": 0.0638825556, "fum_m": 0.0480964681, "hdcea_e": 0.0208286983, "adrnl_e": 0.0033429202, "cit_c": 0.7116253523, "4hpro_LT_r": 0.1090586734, "chol_m": 0.08838352210000001, "4h2oglt_c": 0.0320045266, "C06199_l": 0.2652377146, "trp_L_c": 0.8569452356, "stcrn_m": 0.042902197, "pyr_m": 1.159250217, "carn_c": 0.1025537652, "chsterol_n": 1.3713681913, "lys_L_m": 0.8339185144, "g6p_r": 0.0621889339, "arg_L_e": 0.055227774400000006, "acgam_l": 0.006326450999999999, "c4crn_m": 0.0095028458, "C01601_c": 0.0307584974, "hom_L_e": 0.0031006387, "hxan_e": 0.0381625392, "lnlccrn_m": 0.050732201, "im4ac_c": 0.0135922851, "urate_e": 0.2712453953, "g3p_c": 0.048912021900000005, "hdd2crn_c": 0.012568983, "glu_L_r": 0.2329292788, "nac_c": 0.1950217784, "asp_D_e": 0.12317460599999999, "thrnt_c": 0.15179709449999998, "C01507_c": 0.0112023155, "12ppd_R_c": 0.7174541498, "5oxpro_e": 1.6648036866, "fuc_L_e": 0.0090497356, "arab_L_c": 0.0185228297, "vacccrn_m": 0.0741501058, "CE6205_c": 0.014726483200000001, "pram_c": 0.5560877329999999, "ipdp_c": 0.0045464526000000005, "met_L_m": 0.1995185229, "ile_L_e": 0.0372842023, "hyptaur_c": 0.0069414989, "rbt_e": 0.0501614213, "ocdca_c": 0.45873457619999997, "Lpipecol_x": 0.1341931356, "c10crn_e": 0.0362830935, "dhdascb_c": 0.0133315048, "gal_c": 0.0497765226, "phe_L_l": 0.7023314888, "urea_m": 17.9819675474, "glx_m": 0.0495524772, "glc_D_c": 0.7204643479, "gln_L_e": 0.1750536029, "glcur_c": 0.0115017163, "crn_e": 0.0424255221, "c6crn_x": 0.0046536767, "gua_e": 0.0119745925, "dchac_r": 0.1087792416, "4mop_c": 0.0404271061, "sarcs_m": 0.07638936660000001, "anth_e": 0.0193555499, "andrstndn_c": 0.0067948104, "1p2cbxl_x": 0.25880983350000003, "2coum_c": 0.0116970232, "thr_L_e": 0.8724997284999999, "bilirub_r": 0.0776320406, "5hoxindoa_c": 0.0073427341000000005, "ddeccrn_m": 0.027536058399999997, "3mop_m": 0.060283624400000006, "xylt_e": 0.0094260765, "sphs1p_e": 0.047245544199999996, "gudac_c": 0.0071049024, "succ_r": 0.0320594638, "ala_D_c": 11.8946842555, "prgstrn_e": 0.0059466957, "3hmp_m": 0.4056771307, "dmnoncrn_x": 0.0049451731, "oaa_x": 0.0951114675, "rib_D_c": 0.0513414625, "gly_m": 1.740665915, "citr_L_m": 0.6459804169, "glyclt_x": 0.0295202889, "acnam_l": 0.0083485291, "creat_m": 0.2885345801, "tyr_L_l": 0.0846748252, "oxa_c": 247.24685228029998, "Lcystin_c": 0.0459070695, "ivcrn_c": 0.0343922049, "dhap_x": 0.021215313599999997, "bz_r": 0.0174962704, "lneldc_e": 0.06370643200000001, "C02356_c": 0.3726756601, "pchol_hs_c": 0.3063286767, "asn_L_c": 0.0577164487, "6pgc_c": 0.024394056, "ser_L_x": 1.073373289, "leu_L_m": 2.0933328802, "25hvitd3_c": 0.015959802, "gcald_c": 0.3821006969, "glyald_m": 0.0170030742, "thm_e": 0.0039004935, "c8crn_x": 0.013229399099999999, "pcollg5hlys_c": 0.0480671846, "srb_L_c": 0.022199757400000002, "5htrp_e": 0.0097639178, "pmtcrn_m": 0.0019856923, "CE2537_c": 0.136601957, "cyst_L_m": 0.0230060272, "3mob_c": 0.0069730684999999995, "ru5p_D_c": 0.02655126, "cys_L_m": 0.071552684, "2mcacn_c": 0.0087347536, "pro_D_l": 4.8009157505, "pser_L_c": 0.0116862793, "pac_m": 0.41097084380000004, "inost_r": 0.3225636801, "ttdca_e": 0.0881144193, "orn_m": 0.6315936971, "acrn_x": 0.0123140235, "ttdcea_c": 0.015100661000000001, "fru_e": 0.31419228309999997, "ura_c": 0.034564568399999995, "lac_D_c": 105.5600802389, "glyc_c": 0.3453785344, "ocdcea_r": 0.0022283607, "ttdcrn_c": 0.0123644899}