{"aact_m": 0.2913907118, "sphings_r": 0.0343108507, "val_L_e": 0.46873033090000005, "C10164_c": 0.0484505646, "HC02024_r": 0.082272633, "fum_m": 0.0318452095, "hdcea_e": 0.1386500164, "adrnl_e": 0.010142657099999999, "cit_c": 0.5575838852, "4hpro_LT_r": 0.1124336333, "chol_m": 0.19409098530000002, "4h2oglt_c": 0.039678096600000004, "C06199_l": 0.36429935539999997, "trp_L_c": 0.5375046279, "stcrn_m": 0.044508226, "pyr_m": 0.3980547635, "carn_c": 0.1431364166, "chsterol_n": 1.2711053044, "lys_L_m": 1.0713946955, "g6p_r": 0.068430012, "arg_L_e": 0.051967907199999996, "acgam_l": 0.0039411356, "c4crn_m": 0.049852119900000005, "C01601_c": 0.014875270500000001, "hom_L_e": 0.0010147819999999999, "hxan_e": 0.0105072684, "lnlccrn_m": 0.068526739, "im4ac_c": 0.0082328388, "urate_e": 0.1026937367, "g3p_c": 0.0522964675, "hdd2crn_c": 0.0406526512, "glu_L_r": 0.2463780301, "nac_c": 0.6020188394, "asp_D_e": 0.0397834071, "thrnt_c": 0.0392391397, "C01507_c": 0.1984767816, "12ppd_R_c": 0.5218312256000001, "5oxpro_e": 1.4235016558000002, "fuc_L_e": 0.0082239859, "arab_L_c": 0.011609815800000001, "vacccrn_m": 0.1371032627, "CE6205_c": 0.0108379645, "pram_c": 0.5464756061, "ipdp_c": 0.0049654699, "met_L_m": 0.18303828649999998, "ile_L_e": 0.0165540904, "hyptaur_c": 0.0047086869, "rbt_e": 0.042172490599999994, "ocdca_c": 0.44480140770000004, "Lpipecol_x": 0.0528877478, "c10crn_e": 0.1693497948, "dhdascb_c": 0.0138565631, "gal_c": 0.0369910225, "phe_L_l": 0.5926717194, "urea_m": 22.6642925611, "glx_m": 0.042783124900000004, "glc_D_c": 0.7582668908, "gln_L_e": 0.3277553275, "glcur_c": 0.006205574300000001, "crn_e": 0.0644334498, "c6crn_x": 0.0204839372, "gua_e": 0.015586776, "dchac_r": 0.1170526301, "4mop_c": 0.041719377, "sarcs_m": 0.079096182, "anth_e": 0.0101669939, "andrstndn_c": 0.010853300900000001, "1p2cbxl_x": 0.2285223801, "2coum_c": 0.0257894364, "thr_L_e": 0.7581573695, "bilirub_r": 0.0653503609, "5hoxindoa_c": 0.008943469499999999, "ddeccrn_m": 0.0590299277, "3mop_m": 0.05135781, "xylt_e": 0.0082726681, "sphs1p_e": 0.0251058821, "gudac_c": 0.0077154551, "succ_r": 0.017239147399999998, "ala_D_c": 5.830464794199999, "prgstrn_e": 0.0178339146, "3hmp_m": 4.2742592999, "dmnoncrn_x": 0.0059873629, "oaa_x": 0.09697700470000001, "rib_D_c": 0.0532768745, "gly_m": 2.6218200468, "citr_L_m": 0.6695299965, "glyclt_x": 0.0121734868, "acnam_l": 0.0048066338, "creat_m": 0.18104313460000002, "tyr_L_l": 0.18494363379999998, "oxa_c": 129.755048104, "Lcystin_c": 0.1047952916, "ivcrn_c": 0.0177640357, "dhap_x": 0.020496333000000002, "bz_r": 0.021454523599999997, "lneldc_e": 0.063468365, "C02356_c": 0.5248076052, "pchol_hs_c": 0.024549225299999998, "asn_L_c": 0.0936796391, "6pgc_c": 0.0333471413, "ser_L_x": 1.2469009864, "leu_L_m": 2.5365259195, "25hvitd3_c": 0.0241146286, "gcald_c": 0.4911005652, "glyald_m": 0.007426893299999999, "thm_e": 0.0043912986, "c8crn_x": 0.0519567631, "pcollg5hlys_c": 0.08458035539999999, "srb_L_c": 0.0171598608, "5htrp_e": 0.007584106899999999, "pmtcrn_m": 0.0044267689, "CE2537_c": 0.1497641891, "cyst_L_m": 0.020795601299999997, "3mob_c": 0.0076141692000000006, "ru5p_D_c": 0.0099599522, "cys_L_m": 0.0880507861, "2mcacn_c": 0.0093654142, "pro_D_l": 6.9229834074, "pser_L_c": 0.012695061100000002, "pac_m": 0.4666678632, "inost_r": 0.2613509602, "ttdca_e": 0.1629164197, "orn_m": 3.0058538313, "acrn_x": 0.012976511299999998, "ttdcea_c": 0.0208771861, "fru_e": 0.0196935517, "ura_c": 0.0368505321, "lac_D_c": 8.08388941, "glyc_c": 0.4318869494, "ocdcea_r": 0.0192584205, "ttdcrn_c": 0.0251766942}