{"aact_m": 0.3934263881, "sphings_r": 0.016029514499999998, "val_L_e": 0.33007041789999997, "C10164_c": 0.0649292234, "HC02024_r": 0.0603310387, "fum_m": 0.0382941568, "hdcea_e": 0.077307889, "adrnl_e": 0.0044529037, "cit_c": 1.0709517870999998, "4hpro_LT_r": 0.09848394529999999, "chol_m": 0.0880602568, "4h2oglt_c": 0.033587765299999996, "C06199_l": 0.3584322161, "trp_L_c": 0.577090739, "stcrn_m": 0.0593655882, "pyr_m": 0.9060990281999999, "carn_c": 0.129492636, "chsterol_n": 1.7132850115, "lys_L_m": 1.2145556572, "g6p_r": 0.0932729774, "arg_L_e": 0.0696925943, "acgam_l": 0.004281392, "c4crn_m": 0.029123173500000002, "C01601_c": 0.016380019699999998, "hom_L_e": 0.006856415, "hxan_e": 0.11895670929999999, "lnlccrn_m": 0.1624629699, "im4ac_c": 0.0245074617, "urate_e": 0.6416582765, "g3p_c": 0.029507858300000002, "hdd2crn_c": 0.0377014124, "glu_L_r": 0.1850883886, "nac_c": 0.2231167052, "asp_D_e": 0.0533534513, "thrnt_c": 0.0499780184, "C01507_c": 0.0112998056, "12ppd_R_c": 0.4625476522, "5oxpro_e": 1.6707050511000001, "fuc_L_e": 0.007303608299999999, "arab_L_c": 0.0151775478, "vacccrn_m": 0.26827884329999996, "CE6205_c": 0.013422905800000001, "pram_c": 0.6426167174, "ipdp_c": 0.0040179522, "met_L_m": 0.21354124170000002, "ile_L_e": 0.0276174898, "hyptaur_c": 0.007659571600000001, "rbt_e": 0.0574784107, "ocdca_c": 0.5392689762, "Lpipecol_x": 0.1760117225, "c10crn_e": 0.1081960458, "dhdascb_c": 0.0200082766, "gal_c": 0.028000475099999998, "phe_L_l": 0.6488770604999999, "urea_m": 32.7852389793, "glx_m": 0.026166045099999997, "glc_D_c": 5.7910091615, "gln_L_e": 0.2905233181, "glcur_c": 0.0108103219, "crn_e": 0.0756099157, "c6crn_x": 0.015983086299999998, "gua_e": 0.014971793300000001, "dchac_r": 0.0625435807, "4mop_c": 0.0348605086, "sarcs_m": 0.13174436960000002, "anth_e": 0.0091005121, "andrstndn_c": 0.0353174427, "1p2cbxl_x": 0.3349728387, "2coum_c": 0.026837312000000002, "thr_L_e": 0.8292585908, "bilirub_r": 0.0809773655, "5hoxindoa_c": 0.0097226682, "ddeccrn_m": 0.0482432423, "3mop_m": 0.050154640199999996, "xylt_e": 0.0062505747, "sphs1p_e": 0.059083111900000006, "gudac_c": 0.009306967099999999, "succ_r": 0.0332897761, "ala_D_c": 6.203966904800001, "prgstrn_e": 0.021516817, "3hmp_m": 2.2193213108000003, "dmnoncrn_x": 0.006894098299999999, "oaa_x": 0.1021379202, "rib_D_c": 0.0494674476, "gly_m": 2.9923335960000004, "citr_L_m": 0.6644536895, "glyclt_x": 0.0094369124, "acnam_l": 0.0067280034999999995, "creat_m": 0.2865038075, "tyr_L_l": 0.19135118199999998, "oxa_c": 127.0343885243, "Lcystin_c": 0.1234541608, "ivcrn_c": 0.0189545596, "dhap_x": 0.0219598085, "bz_r": 0.021347168, "lneldc_e": 0.0214408204, "C02356_c": 0.5337967563, "pchol_hs_c": 0.0477221001, "asn_L_c": 0.082703024, "6pgc_c": 0.025606713599999997, "ser_L_x": 1.2394022294, "leu_L_m": 2.1558943048, "25hvitd3_c": 0.0315135453, "gcald_c": 0.775937329, "glyald_m": 0.0123376587, "thm_e": 0.0157510988, "c8crn_x": 0.0382175376, "pcollg5hlys_c": 0.0621690355, "srb_L_c": 0.0143479799, "5htrp_e": 0.009373129000000001, "pmtcrn_m": 0.0028323585, "CE2537_c": 0.1406796821, "cyst_L_m": 0.023896427400000003, "3mob_c": 0.0057342684, "ru5p_D_c": 0.011032881699999999, "cys_L_m": 0.1682652904, "2mcacn_c": 0.0078678469, "pro_D_l": 5.1158390377, "pser_L_c": 0.0085752421, "pac_m": 0.3760445723, "inost_r": 0.5790399982, "ttdca_e": 0.1691626174, "orn_m": 1.4798763288999999, "acrn_x": 0.0157095171, "ttdcea_c": 0.0120052857, "fru_e": 0.050639809400000006, "ura_c": 0.0539101145, "lac_D_c": 49.6643713452, "glyc_c": 0.7415450185, "ocdcea_r": 0.0214390097, "ttdcrn_c": 0.0245962261}