{"aact_m": 0.8295256548000001, "sphings_r": 0.0233749706, "val_L_e": 0.4757193429, "C10164_c": 0.0686901481, "HC02024_r": 0.06472593509999999, "fum_m": 0.0415906944, "hdcea_e": 0.0426453496, "adrnl_e": 0.023927498399999997, "cit_c": 0.6533891256000001, "4hpro_LT_r": 0.11298820710000002, "chol_m": 0.1097394345, "4h2oglt_c": 0.0432396262, "C06199_l": 0.43773151, "trp_L_c": 0.6017412678, "stcrn_m": 0.0123588311, "pyr_m": 0.3242434812, "carn_c": 0.191209813, "chsterol_n": 0.6611247591, "lys_L_m": 1.0722098681, "g6p_r": 0.0331619501, "arg_L_e": 0.0416528325, "acgam_l": 0.0041526824, "c4crn_m": 2.7494932848889397e-05, "C01601_c": 0.0085532556, "hom_L_e": 0.0088149351, "hxan_e": 0.0031175982, "lnlccrn_m": 0.0404680922, "im4ac_c": 0.005980295, "urate_e": 0.40658047420000004, "g3p_c": 0.0328659514, "hdd2crn_c": 0.0131595272, "glu_L_r": 0.5270272196, "nac_c": 0.14497251630000002, "asp_D_e": 0.11973805109999999, "thrnt_c": 0.0536780917, "C01507_c": 0.0129378384, "12ppd_R_c": 0.3600144711, "5oxpro_e": 2.0184194131999997, "fuc_L_e": 0.007078703, "arab_L_c": 0.0142332194, "vacccrn_m": 0.05669549769999999, "CE6205_c": 0.054223336, "pram_c": 0.80575527, "ipdp_c": 0.0029691699, "met_L_m": 0.2334122689, "ile_L_e": 0.0341045346, "hyptaur_c": 0.0013018219, "rbt_e": 0.0412408135, "ocdca_c": 0.434972087, "Lpipecol_x": 0.0260125084, "c10crn_e": 0.0584921575, "dhdascb_c": 0.0132177702, "gal_c": 0.0244545668, "phe_L_l": 0.5724312042, "urea_m": 13.8428232612, "glx_m": 0.0221762268, "glc_D_c": 9.5114212374, "gln_L_e": 0.2092557278, "glcur_c": 0.0082241282, "crn_e": 0.0389131043, "c6crn_x": 0.0109305242, "gua_e": 0.0186937745, "dchac_r": 0.041479227599999995, "4mop_c": 0.0334629845, "sarcs_m": 0.0137871371, "anth_e": 0.0136936637, "andrstndn_c": 0.0118982346, "1p2cbxl_x": 0.2572729389, "2coum_c": 0.0300220127, "thr_L_e": 0.7552331496, "bilirub_r": 0.0778708275, "5hoxindoa_c": 0.0098792091, "ddeccrn_m": 0.0329439592, "3mop_m": 0.0532504438, "xylt_e": 0.0065953864, "sphs1p_e": 0.0117935256, "gudac_c": 0.0106170325, "succ_r": 0.049501831100000004, "ala_D_c": 9.7185335521, "prgstrn_e": 0.0123865081, "3hmp_m": 0.8837736786, "dmnoncrn_x": 0.0065293616, "oaa_x": 0.1362620126, "rib_D_c": 0.054240249500000004, "gly_m": 2.2684173233, "citr_L_m": 0.63706161, "glyclt_x": 0.0053910191, "acnam_l": 0.007306514599999999, "creat_m": 0.1661119335, "tyr_L_l": 0.2130715372, "oxa_c": 185.35978578349997, "Lcystin_c": 0.031956924399999996, "ivcrn_c": 0.0757040182, "dhap_x": 0.0230431457, "bz_r": 0.0015608963, "lneldc_e": 0.0134241125, "C02356_c": 0.24826915300000002, "pchol_hs_c": 0.2878022287, "asn_L_c": 0.023126792, "6pgc_c": 0.0308004309, "ser_L_x": 0.8365603652, "leu_L_m": 2.1548251353, "25hvitd3_c": 0.011046718799999999, "gcald_c": 0.34528597549999995, "glyald_m": 0.0118666799, "thm_e": 0.014244613500000001, "c8crn_x": 0.0278651393, "pcollg5hlys_c": 0.0618654073, "srb_L_c": 0.028407144300000003, "5htrp_e": 0.013547581699999998, "pmtcrn_m": 0.005777105, "CE2537_c": 0.16251907289999998, "cyst_L_m": 0.0183826175, "3mob_c": 0.007459368399999999, "ru5p_D_c": 0.0169335376, "cys_L_m": 0.040742711200000004, "2mcacn_c": 0.0076793066000000005, "pro_D_l": 6.151739150499999, "pser_L_c": 0.0086689072, "pac_m": 0.4044637719, "inost_r": 0.2429561204, "ttdca_e": 0.09012323109999999, "orn_m": 0.4904258694, "acrn_x": 0.0113991376, "ttdcea_c": 0.015332351499999999, "fru_e": 0.07354997769999999, "ura_c": 0.0369275789, "lac_D_c": 30.0215928077, "glyc_c": 0.5887571618, "ocdcea_r": 0.0088287973, "ttdcrn_c": 0.0109788792}