{"aact_m": 0.49039305380000003, "sphings_r": 0.02072274, "val_L_e": 0.4000504702, "C10164_c": 0.085364438, "HC02024_r": 0.0645417104, "fum_m": 0.0489221993, "hdcea_e": 0.023022335499999998, "adrnl_e": 0.0020747104999999997, "cit_c": 0.554373816, "4hpro_LT_r": 0.11183795949999999, "chol_m": 0.0480650841, "4h2oglt_c": 0.038194814900000006, "C06199_l": 0.2956755879, "trp_L_c": 0.6976015095, "stcrn_m": 0.0216521824, "pyr_m": 0.355410723, "carn_c": 0.1577617334, "chsterol_n": 1.0795591017, "lys_L_m": 1.4454559925, "g6p_r": 0.0588840493, "arg_L_e": 0.07111071620000001, "acgam_l": 0.0058595899, "c4crn_m": 0.0181722853, "C01601_c": 0.0287979888, "hom_L_e": 0.0032917831, "hxan_e": 0.0128429556, "lnlccrn_m": 0.028309800299999997, "im4ac_c": 0.0124111865, "urate_e": 0.29687112460000004, "g3p_c": 0.0442047441, "hdd2crn_c": 0.006573600600000001, "glu_L_r": 0.7533275694, "nac_c": 0.3152079337, "asp_D_e": 0.1834372901, "thrnt_c": 0.1032514692, "C01507_c": 0.0081829964, "12ppd_R_c": 0.6242473497, "5oxpro_e": 2.8472949925, "fuc_L_e": 0.0097668412, "arab_L_c": 0.0048602301, "vacccrn_m": 0.0457228478, "CE6205_c": 0.0219837716, "pram_c": 0.6418972759, "ipdp_c": 0.0037697544, "met_L_m": 0.191121493, "ile_L_e": 0.0381956053, "hyptaur_c": 0.0033672428999999998, "rbt_e": 0.0319773403, "ocdca_c": 0.477770132, "Lpipecol_x": 0.0437890873, "c10crn_e": 0.0185477658, "dhdascb_c": 0.011163554099999999, "gal_c": 0.0401593711, "phe_L_l": 0.5632218502, "urea_m": 18.0566500448, "glx_m": 0.0336948387, "glc_D_c": 1.8688926680000002, "gln_L_e": 0.17705322989999997, "glcur_c": 0.0089342971, "crn_e": 0.0711194333, "c6crn_x": 0.0050433106, "gua_e": 0.013205266499999998, "dchac_r": 0.0546566636, "4mop_c": 0.0424711946, "sarcs_m": 0.0289401356, "anth_e": 0.0151000138, "andrstndn_c": 0.0069700231, "1p2cbxl_x": 0.20458524, "2coum_c": 0.0206351708, "thr_L_e": 1.2601071423, "bilirub_r": 0.058963108099999995, "5hoxindoa_c": 0.0098779626, "ddeccrn_m": 0.0171148323, "3mop_m": 0.0319164999, "xylt_e": 0.0072753356, "sphs1p_e": 0.0301432002, "gudac_c": 0.0092652525, "succ_r": 0.047265525499999995, "ala_D_c": 13.4193305526, "prgstrn_e": 0.0038956198999999998, "3hmp_m": 0.3534843614, "dmnoncrn_x": 0.0027455398, "oaa_x": 0.1087745123, "rib_D_c": 0.057113396, "gly_m": 2.3182814941, "citr_L_m": 0.6639128252000001, "glyclt_x": 0.0086662046, "acnam_l": 0.0128015825, "creat_m": 0.1300466328, "tyr_L_l": 0.1417027966, "oxa_c": 194.41453855, "Lcystin_c": 0.046090331, "ivcrn_c": 0.0276528804, "dhap_x": 0.0226464427, "bz_r": 0.015802711, "lneldc_e": 0.057481098099999996, "C02356_c": 0.2854399355, "pchol_hs_c": 0.2599243117, "asn_L_c": 0.0311813669, "6pgc_c": 0.0268385264, "ser_L_x": 1.4241104915, "leu_L_m": 2.8626199662, "25hvitd3_c": 0.0095653132, "gcald_c": 0.5789587659000001, "glyald_m": 0.0141262126, "thm_e": 0.0015091794, "c8crn_x": 0.0071343437, "pcollg5hlys_c": 0.0784651786, "srb_L_c": 0.0168153844, "5htrp_e": 0.0149760156, "pmtcrn_m": 0.0039385014, "CE2537_c": 0.1624261642, "cyst_L_m": 0.1582124617, "3mob_c": 0.0071686698, "ru5p_D_c": 0.0255159837, "cys_L_m": 0.0331139271, "2mcacn_c": 0.0085756185, "pro_D_l": 6.777924437799999, "pser_L_c": 0.00876376, "pac_m": 0.3969547897, "inost_r": 0.2287711564, "ttdca_e": 0.087539928, "orn_m": 0.9559953379999999, "acrn_x": 0.0118976654, "ttdcea_c": 0.0159304132, "fru_e": 0.2455397563, "ura_c": 0.0280638004, "lac_D_c": 109.5318966967, "glyc_c": 0.3845270114, "ocdcea_r": 0.0044034483000000004, "ttdcrn_c": 0.0066411918000000006}