{"aact_m": 0.2079691174, "sphings_r": 0.017702455500000002, "val_L_e": 0.7531383822, "C10164_c": 0.20880084059999998, "HC02024_r": 0.038910675, "fum_m": 0.0773768611, "hdcea_e": 0.0110477383, "adrnl_e": 0.0274013794, "cit_c": 0.8868983262000001, "4hpro_LT_r": 0.10477697539999999, "chol_m": 0.0387656925, "4h2oglt_c": 0.0325126295, "C06199_l": 0.3677838548, "trp_L_c": 0.6240396126, "stcrn_m": 0.0190817455, "pyr_m": 0.0154199192, "carn_c": 0.146712288, "chsterol_n": 0.9913705656999999, "lys_L_m": 0.8754060643000001, "g6p_r": 0.0356916621, "arg_L_e": 0.045044689900000004, "acgam_l": 0.0081158699, "c4crn_m": 0.0128963783, "C01601_c": 0.012648666299999998, "hom_L_e": 0.012809373600000002, "hxan_e": 0.0061402322999999995, "lnlccrn_m": 0.026843279900000003, "im4ac_c": 0.0165352425, "urate_e": 0.4914575961, "g3p_c": 0.0306754916, "hdd2crn_c": 0.0083787674, "glu_L_r": 1.2727404736, "nac_c": 0.2182656565, "asp_D_e": 0.3210468469, "thrnt_c": 0.0562709359, "C01507_c": 0.0074795934, "12ppd_R_c": 0.5023922126, "5oxpro_e": 2.8004507602999995, "fuc_L_e": 0.0078543293, "arab_L_c": 0.0048297289, "vacccrn_m": 0.0500527807, "CE6205_c": 0.003969176699999999, "pram_c": 0.6378489057, "ipdp_c": 0.0034173594, "met_L_m": 0.177722286, "ile_L_e": 0.0298276426, "hyptaur_c": 0.0008679597999999999, "rbt_e": 0.0261822064, "ocdca_c": 0.290714176, "Lpipecol_x": 0.032095520499999995, "c10crn_e": 0.033488312400000005, "dhdascb_c": 0.016310463, "gal_c": 0.0158881032, "phe_L_l": 0.7042564898999999, "urea_m": 12.8262043394, "glx_m": 0.0395044117, "glc_D_c": 35.9313561326, "gln_L_e": 0.14517004279999998, "glcur_c": 0.0071017432, "crn_e": 0.0905803064, "c6crn_x": 0.0052967709, "gua_e": 0.0134999094, "dchac_r": 0.062374799800000005, "4mop_c": 0.0257954312, "sarcs_m": 0.0514689517, "anth_e": 0.0014556453, "andrstndn_c": 0.0257660469, "1p2cbxl_x": 0.2916097609, "2coum_c": 0.022690124300000003, "thr_L_e": 1.097957578, "bilirub_r": 0.0255766557, "5hoxindoa_c": 0.0085430229, "ddeccrn_m": 0.0204406867, "3mop_m": 0.0347173377, "xylt_e": 0.0062008439, "sphs1p_e": 0.012074919299999999, "gudac_c": 0.0088194581, "succ_r": 0.12406983699999999, "ala_D_c": 14.113561530999998, "prgstrn_e": 0.0076241253, "3hmp_m": 0.6346326099, "dmnoncrn_x": 0.0051534753, "oaa_x": 0.0971088995, "rib_D_c": 0.045479124800000006, "gly_m": 1.6489768349, "citr_L_m": 0.6561870805, "glyclt_x": 0.0036500955, "acnam_l": 0.0221168954, "creat_m": 0.0802758959, "tyr_L_l": 0.160551253, "oxa_c": 34.232349783400004, "Lcystin_c": 0.011945329499999999, "ivcrn_c": 0.0042983351, "dhap_x": 0.022734401, "bz_r": 0.0201179972, "lneldc_e": 0.0237920845, "C02356_c": 0.5779994786, "pchol_hs_c": 0.1532145627, "asn_L_c": 0.015512855800000001, "6pgc_c": 0.0233471985, "ser_L_x": 1.6437992587, "leu_L_m": 2.3532962705, "25hvitd3_c": 0.010789833700000001, "gcald_c": 0.3832691106, "glyald_m": 0.010800103799999999, "thm_e": 0.008460923, "c8crn_x": 0.0149848059, "pcollg5hlys_c": 0.056757748600000005, "srb_L_c": 0.0282708973, "5htrp_e": 0.0371093656, "pmtcrn_m": 0.0046901413, "CE2537_c": 0.1302977683, "cyst_L_m": 0.02269185, "3mob_c": 0.0029743262, "ru5p_D_c": 0.0187239698, "cys_L_m": 0.0274169579, "2mcacn_c": 0.0079015488, "pro_D_l": 7.015411260900001, "pser_L_c": 0.0087995319, "pac_m": 0.37116872240000004, "inost_r": 0.24076104710000001, "ttdca_e": 0.040174125, "orn_m": 0.3425191854, "acrn_x": 0.012266984299999999, "ttdcea_c": 0.0103201444, "fru_e": 0.20379698699999999, "ura_c": 0.045343555199999996, "lac_D_c": 68.71891246439999, "glyc_c": 0.367871556, "ocdcea_r": 0.0023061767000000003, "ttdcrn_c": 0.008306279100000001}