{"aact_m": 0.48664543950000005, "sphings_r": 0.0363915, "val_L_e": 0.4247906081, "C10164_c": 0.0826207342, "HC02024_r": 0.0580814821, "fum_m": 0.039874750800000004, "hdcea_e": 0.0265694938, "adrnl_e": 0.0016049045, "cit_c": 0.8238939597, "4hpro_LT_r": 0.1252975296, "chol_m": 0.0393061484, "4h2oglt_c": 0.0516291422, "C06199_l": 0.39258364310000005, "trp_L_c": 0.536128784, "stcrn_m": 0.0489900176, "pyr_m": 0.7712357647, "carn_c": 0.146922353, "chsterol_n": 1.1147431723999999, "lys_L_m": 0.6971362293000001, "g6p_r": 0.1215700792, "arg_L_e": 0.0624919125, "acgam_l": 0.0054317549, "c4crn_m": 0.0250383006, "C01601_c": 0.023981122, "hom_L_e": 0.0048185334, "hxan_e": 0.011687825, "lnlccrn_m": 0.0551086647, "im4ac_c": 0.0194016649, "urate_e": 0.39875082409999996, "g3p_c": 0.0882984401, "hdd2crn_c": 0.014004468400000001, "glu_L_r": 0.3677260634, "nac_c": 0.2700611617, "asp_D_e": 0.15182315710000002, "thrnt_c": 0.0610447976, "C01507_c": 0.2367641821, "12ppd_R_c": 0.5341364502, "5oxpro_e": 2.9004050407, "fuc_L_e": 0.0094036461, "arab_L_c": 0.013658321299999998, "vacccrn_m": 0.0722946265, "CE6205_c": 0.0313117636, "pram_c": 0.0, "ipdp_c": 0.0040006126, "met_L_m": 0.2996630945, "ile_L_e": 0.0320351043, "hyptaur_c": 0.0042080755, "rbt_e": 0.0518456346, "ocdca_c": 0.3034900257, "Lpipecol_x": 0.20734853600000003, "c10crn_e": 0.025327113300000002, "dhdascb_c": 0.0161074626, "gal_c": 0.0369203334, "phe_L_l": 0.6422447997999999, "urea_m": 30.975934661900002, "glx_m": 0.022146289399999998, "glc_D_c": 2.4627205626, "gln_L_e": 0.2961181508, "glcur_c": 0.0119431202, "crn_e": 0.11807658539999999, "c6crn_x": 0.0056647921, "gua_e": 0.0208760266, "dchac_r": 0.09604163130000001, "4mop_c": 0.0378550631, "sarcs_m": 0.080301651, "anth_e": 0.015177908, "andrstndn_c": 0.012687591699999999, "1p2cbxl_x": 0.2581913888, "2coum_c": 0.020446881, "thr_L_e": 1.7197247609, "bilirub_r": 0.1462248994, "5hoxindoa_c": 0.0133587571, "ddeccrn_m": 0.0238787918, "3mop_m": 0.10846147310000001, "xylt_e": 0.009487221, "sphs1p_e": 0.028207206600000003, "gudac_c": 0.011626041699999999, "succ_r": 0.0310615152, "ala_D_c": 16.9122966123, "prgstrn_e": 0.0079122946, "3hmp_m": 0.5937087746, "dmnoncrn_x": 0.0038031184999999996, "oaa_x": 0.121751885, "rib_D_c": 0.0560276034, "gly_m": 3.4503515708999997, "citr_L_m": 0.69705364, "glyclt_x": 0.032463354900000005, "acnam_l": 0.0035666349, "creat_m": 0.32682511350000004, "tyr_L_l": 0.156490885, "oxa_c": 174.2907791714, "Lcystin_c": 0.033711699, "ivcrn_c": 0.0187065257, "dhap_x": 0.0240629276, "bz_r": 0.0201843884, "lneldc_e": 0.0479089189, "C02356_c": 0.5512404204, "pchol_hs_c": 0.23095866420000002, "asn_L_c": 0.052792955999999995, "6pgc_c": 0.043965797699999996, "ser_L_x": 1.7397471904, "leu_L_m": 1.7247953644, "25hvitd3_c": 0.015508705800000001, "gcald_c": 0.6913602177, "glyald_m": 0.0086657047, "thm_e": 0.0049694503, "c8crn_x": 0.0120449203, "pcollg5hlys_c": 0.0706459539, "srb_L_c": 0.0287783163, "5htrp_e": 0.0094588574, "pmtcrn_m": 0.0101402011, "CE2537_c": 0.1532004109, "cyst_L_m": 0.050497206600000004, "3mob_c": 0.0087245122, "ru5p_D_c": 0.024136998399999998, "cys_L_m": 0.0628326245, "2mcacn_c": 0.0084568508, "pro_D_l": 10.235931858899999, "pser_L_c": 0.010506834199999999, "pac_m": 0.5174683527, "inost_r": 0.3617012818, "ttdca_e": 0.0786321771, "orn_m": 0.4982550177, "acrn_x": 0.0138048079, "ttdcea_c": 0.014815411399999999, "fru_e": 0.2557222811, "ura_c": 0.0452754181, "lac_D_c": 34.4999880294, "glyc_c": 0.42558195020000006, "ocdcea_r": 0.0049882506, "ttdcrn_c": 0.0124064139}