{"aact_m": 0.3483216468, "sphings_r": 0.016851885100000002, "val_L_e": 0.34994841509999997, "C10164_c": 0.06493014059999999, "HC02024_r": 0.0627872389, "fum_m": 0.0429970388, "hdcea_e": 0.017633850700000002, "adrnl_e": 0.0028531753999999996, "cit_c": 0.9765102226000001, "4hpro_LT_r": 0.1099305913, "chol_m": 0.09420042199999999, "4h2oglt_c": 0.05908396230000001, "C06199_l": 0.3901933314, "trp_L_c": 0.5224695374, "stcrn_m": 0.0420882208, "pyr_m": 0.8849043340999999, "carn_c": 0.22679768399999997, "chsterol_n": 2.1841056406, "lys_L_m": 0.8481265634, "g6p_r": 0.081892915, "arg_L_e": 0.0405962634, "acgam_l": 0.0047205103, "c4crn_m": 0.0256539017, "C01601_c": 0.011984931200000002, "hom_L_e": 0.007767870200000001, "hxan_e": 0.014036638899999999, "lnlccrn_m": 0.049161147800000006, "im4ac_c": 0.005175827, "urate_e": 0.3421609033, "g3p_c": 0.0499887521, "hdd2crn_c": 0.0141912822, "glu_L_r": 0.1257148464, "nac_c": 0.2684968319, "asp_D_e": 0.0377815839, "thrnt_c": 0.07543494190000001, "C01507_c": 0.0113988975, "12ppd_R_c": 0.4532006554, "5oxpro_e": 1.0265174177, "fuc_L_e": 0.0100426124, "arab_L_c": 0.0211068094, "vacccrn_m": 0.0784723972, "CE6205_c": 0.0137675292, "pram_c": 0.7579077218000001, "ipdp_c": 0.0036261462, "met_L_m": 0.1843906371, "ile_L_e": 0.0482670361, "hyptaur_c": 0.0076594490000000005, "rbt_e": 0.0348429745, "ocdca_c": 0.4417957106, "Lpipecol_x": 0.0310623838, "c10crn_e": 0.09010863599999999, "dhdascb_c": 0.0181072403, "gal_c": 0.0309505032, "phe_L_l": 0.502722036, "urea_m": 10.348839761699999, "glx_m": 0.034968078900000005, "glc_D_c": 26.7139104409, "gln_L_e": 0.4100749894, "glcur_c": 0.0067514718000000005, "crn_e": 0.020132926000000002, "c6crn_x": 0.014973346200000001, "gua_e": 0.0157907423, "dchac_r": 0.0395931145, "4mop_c": 0.0716955246, "sarcs_m": 0.09034146230000001, "anth_e": 0.0091887479, "andrstndn_c": 0.0099946489, "1p2cbxl_x": 0.2620186154, "2coum_c": 0.014030996799999999, "thr_L_e": 0.4716220815, "bilirub_r": 0.0240481802, "5hoxindoa_c": 0.0104039756, "ddeccrn_m": 0.0351254351, "3mop_m": 0.0454725934, "xylt_e": 0.009015893, "sphs1p_e": 0.0231643487, "gudac_c": 0.011171784399999999, "succ_r": 0.0367368363, "ala_D_c": 13.1884436002, "prgstrn_e": 0.0154387843, "3hmp_m": 0.43049354700000003, "dmnoncrn_x": 0.0078142143, "oaa_x": 0.1652688137, "rib_D_c": 0.0511125882, "gly_m": 3.1863038129000003, "citr_L_m": 0.6691762241, "glyclt_x": 0.016393002099999998, "acnam_l": 0.0146869578, "creat_m": 0.1482588319, "tyr_L_l": 0.1068137032, "oxa_c": 127.7077556153, "Lcystin_c": 0.036426491899999996, "ivcrn_c": 0.019392724099999998, "dhap_x": 0.0231474869, "bz_r": 0.0195016659, "lneldc_e": 0.013927568999999999, "C02356_c": 0.39157769229999995, "pchol_hs_c": 0.059742723, "asn_L_c": 0.07779602769999999, "6pgc_c": 0.049147932199999994, "ser_L_x": 0.9877500288, "leu_L_m": 2.1382011249, "25hvitd3_c": 0.018256846599999998, "gcald_c": 0.5179765553, "glyald_m": 0.012788693500000002, "thm_e": 0.005446555600000001, "c8crn_x": 0.028040303399999997, "pcollg5hlys_c": 0.0896561358, "srb_L_c": 0.0154533984, "5htrp_e": 0.0168624187, "pmtcrn_m": 0.0036140817999999997, "CE2537_c": 0.1521285094, "cyst_L_m": 0.0178580752, "3mob_c": 0.010453741400000001, "ru5p_D_c": 0.010505269499999999, "cys_L_m": 0.0770520757, "2mcacn_c": 0.0076325439, "pro_D_l": 4.1306444166, "pser_L_c": 0.0091856075, "pac_m": 0.4477762342, "inost_r": 0.3111249575, "ttdca_e": 0.0682660685, "orn_m": 0.6104740791, "acrn_x": 0.0098649568, "ttdcea_c": 0.0136270799, "fru_e": 0.08844444789999999, "ura_c": 0.050191314699999996, "lac_D_c": 39.9414498733, "glyc_c": 0.225937513, "ocdcea_r": 0.0068347068000000006, "ttdcrn_c": 0.015133053200000001}