{"aact_m": 0.6277782469, "sphings_r": 0.03229664, "val_L_e": 0.2375778008, "C10164_c": 0.0763947072, "HC02024_r": 0.058755422599999996, "fum_m": 0.0394977582, "hdcea_e": 0.07907611860000001, "adrnl_e": 0.0011785987, "cit_c": 0.4733976933, "4hpro_LT_r": 0.1206026999, "chol_m": 0.0766185449, "4h2oglt_c": 0.0517769914, "C06199_l": 0.2505294472, "trp_L_c": 0.42890577630000004, "stcrn_m": 0.038244855, "pyr_m": 0.5555072331, "carn_c": 0.145557909, "chsterol_n": 1.1027982742, "lys_L_m": 0.5781146896, "g6p_r": 0.1611603908, "arg_L_e": 0.045756089400000005, "acgam_l": 0.006652064300000001, "c4crn_m": 0.0208148216, "C01601_c": 0.024707548399999998, "hom_L_e": 0.0077205007, "hxan_e": 0.058097119, "lnlccrn_m": 0.0619135762, "im4ac_c": 0.0070384476, "urate_e": 0.37910694689999996, "g3p_c": 0.0916775685, "hdd2crn_c": 0.017601016299999998, "glu_L_r": 0.6232725957, "nac_c": 0.2197949658, "asp_D_e": 0.088634731, "thrnt_c": 0.0109665418, "C01507_c": 0.013386221200000001, "12ppd_R_c": 0.5382008003000001, "5oxpro_e": 2.3841492649, "fuc_L_e": 0.008777500799999999, "arab_L_c": 0.008496436500000001, "vacccrn_m": 0.06637498650000001, "CE6205_c": 0.0160386772, "pram_c": 0.0, "ipdp_c": 0.0042788369, "met_L_m": 0.1180902601, "ile_L_e": 0.038864283900000005, "hyptaur_c": 0.0040401278, "rbt_e": 0.0369258065, "ocdca_c": 0.45029622700000005, "Lpipecol_x": 0.0163365949, "c10crn_e": 0.022335127599999997, "dhdascb_c": 0.010763292800000001, "gal_c": 0.0670100842, "phe_L_l": 0.4341342223, "urea_m": 10.0199225223, "glx_m": 0.0175166468, "glc_D_c": 12.893493181300002, "gln_L_e": 0.2333764413, "glcur_c": 0.009284614699999999, "crn_e": 0.0430635709, "c6crn_x": 0.007708808100000001, "gua_e": 0.0104715929, "dchac_r": 0.0911092183, "4mop_c": 0.0389108763, "sarcs_m": 0.0408716775, "anth_e": 0.014083808100000001, "andrstndn_c": 0.0086497752, "1p2cbxl_x": 0.2402702052, "2coum_c": 0.011703551000000001, "thr_L_e": 0.5807448376, "bilirub_r": 0.058749718, "5hoxindoa_c": 0.0139836733, "ddeccrn_m": 0.0200250286, "3mop_m": 0.0965826734, "xylt_e": 0.0092235147, "sphs1p_e": 0.0185623443, "gudac_c": 0.011737653300000001, "succ_r": 0.0408918778, "ala_D_c": 12.7415302197, "prgstrn_e": 0.0053546641, "3hmp_m": 0.6404390297, "dmnoncrn_x": 0.0023396059, "oaa_x": 0.1193134209, "rib_D_c": 0.0453390626, "gly_m": 2.0962498368999998, "citr_L_m": 0.6467361074, "glyclt_x": 0.0065119252, "acnam_l": 0.0039356627, "creat_m": 0.2767941745, "tyr_L_l": 0.08755693939999999, "oxa_c": 169.7184288401, "Lcystin_c": 0.0271621072, "ivcrn_c": 0.016307395500000002, "dhap_x": 0.023725966600000002, "bz_r": 0.0143680833, "lneldc_e": 0.048440034699999995, "C02356_c": 0.20288502949999998, "pchol_hs_c": 0.2037222807, "asn_L_c": 0.0217142095, "6pgc_c": 0.0456032928, "ser_L_x": 1.0665259065000001, "leu_L_m": 1.6853947398, "25hvitd3_c": 0.012519378500000001, "gcald_c": 0.41253284310000005, "glyald_m": 0.0125049876, "thm_e": 0.006643728000000001, "c8crn_x": 0.0098588372, "pcollg5hlys_c": 0.0735658574, "srb_L_c": 0.0327223023, "5htrp_e": 0.0087264565, "pmtcrn_m": 0.0031907583000000002, "CE2537_c": 0.1408234128, "cyst_L_m": 0.07363497620000001, "3mob_c": 0.0082635088, "ru5p_D_c": 0.024296275, "cys_L_m": 0.044274582199999996, "2mcacn_c": 0.0091662046, "pro_D_l": 5.9485102263, "pser_L_c": 0.0097428242, "pac_m": 0.5171148285, "inost_r": 0.1664321633, "ttdca_e": 0.1536462266, "orn_m": 0.3340813338, "acrn_x": 0.014222933500000002, "ttdcea_c": 0.0096142372, "fru_e": 0.08466351, "ura_c": 0.0280179292, "lac_D_c": 60.4483389122, "glyc_c": 0.998398943, "ocdcea_r": 0.0181782022, "ttdcrn_c": 0.008482688}