{"aact_m": 0.1526357225, "sphings_r": 0.0197140728, "val_L_e": 0.29978256870000003, "C10164_c": 0.0585063666, "HC02024_r": 0.0668161163, "fum_m": 0.0425677744, "hdcea_e": 0.009136072700000001, "adrnl_e": 0.0040605739, "cit_c": 0.6316945662, "4hpro_LT_r": 0.1226029941, "chol_m": 0.1364768238, "4h2oglt_c": 0.0323196038, "C06199_l": 0.2615924435, "trp_L_c": 0.6062515321, "stcrn_m": 0.0259550148, "pyr_m": 0.5791385563, "carn_c": 0.1225253308, "chsterol_n": 0.8244129721, "lys_L_m": 0.6668294931000001, "g6p_r": 0.031627927400000005, "arg_L_e": 0.0619095105, "acgam_l": 0.0043865722, "c4crn_m": 0.0162665048, "C01601_c": 0.015113622, "hom_L_e": 0.0060769864000000005, "hxan_e": 0.0052122227000000005, "lnlccrn_m": 0.0296402358, "im4ac_c": 0.0550617063, "urate_e": 0.2725168672, "g3p_c": 0.0442549358, "hdd2crn_c": 0.0070389176, "glu_L_r": 0.4165399118, "nac_c": 0.2165651701, "asp_D_e": 0.1561052336, "thrnt_c": 0.0392550793, "C01507_c": 0.0090316356, "12ppd_R_c": 0.44435379, "5oxpro_e": 1.5658731708000002, "fuc_L_e": 0.0073630820999999996, "arab_L_c": 0.007268748, "vacccrn_m": 0.047969867199999995, "CE6205_c": 0.005276804499999999, "pram_c": 0.5709059038000001, "ipdp_c": 0.0033162272, "met_L_m": 0.2146499338, "ile_L_e": 0.0447206726, "hyptaur_c": 0.0032828321000000003, "rbt_e": 0.027090887200000004, "ocdca_c": 0.3218818892, "Lpipecol_x": 0.024737491, "c10crn_e": 0.026324327999999998, "dhdascb_c": 0.011721642800000001, "gal_c": 0.0037218736, "phe_L_l": 0.4458009315, "urea_m": 25.7227340245, "glx_m": 0.055182897300000006, "glc_D_c": 57.3298579811, "gln_L_e": 0.1861642953, "glcur_c": 0.0036775959999999996, "crn_e": 0.008253199899999999, "c6crn_x": 0.0066039516000000005, "gua_e": 0.0158346922, "dchac_r": 0.0492158192, "4mop_c": 0.042685015300000004, "sarcs_m": 0.0386664602, "anth_e": 0.0002371903, "andrstndn_c": 0.0290567937, "1p2cbxl_x": 0.3080551195, "2coum_c": 0.015548351, "thr_L_e": 0.932192549, "bilirub_r": 0.008418890600000001, "5hoxindoa_c": 0.007865761, "ddeccrn_m": 0.0157844332, "3mop_m": 0.0283631996, "xylt_e": 0.0063388502, "sphs1p_e": 0.0113135957, "gudac_c": 0.008278745300000001, "succ_r": 0.032111513700000004, "ala_D_c": 8.4323177151, "prgstrn_e": 0.0071430662, "3hmp_m": 0.4581034834, "dmnoncrn_x": 0.0025599592, "oaa_x": 0.1030491607, "rib_D_c": 0.0318527385, "gly_m": 2.6024850327, "citr_L_m": 0.6328756989000001, "glyclt_x": 0.0100593237, "acnam_l": 0.0539960253, "creat_m": 0.05597802599999999, "tyr_L_l": 0.10962662349999999, "oxa_c": 15.2900550818, "Lcystin_c": 0.011311351499999999, "ivcrn_c": 0.005327674300000001, "dhap_x": 0.029219997, "bz_r": 0.0147494194, "lneldc_e": 0.0102422686, "C02356_c": 0.2386903267, "pchol_hs_c": 0.11959697779999999, "asn_L_c": 0.0392662316, "6pgc_c": 0.0210764525, "ser_L_x": 1.6286238219, "leu_L_m": 2.326876171, "25hvitd3_c": 0.011537188, "gcald_c": 0.5696044096, "glyald_m": 0.0098713895, "thm_e": 0.0192259991, "c8crn_x": 0.0110313679, "pcollg5hlys_c": 0.0656678428, "srb_L_c": 0.0113402668, "5htrp_e": 0.0237730737, "pmtcrn_m": 0.002348602, "CE2537_c": 0.0865721783, "cyst_L_m": 0.0575996863, "3mob_c": 0.0068375255, "ru5p_D_c": 0.018685473600000002, "cys_L_m": 0.0214699622, "2mcacn_c": 0.0068080978, "pro_D_l": 6.4276323538, "pser_L_c": 0.007637557, "pac_m": 0.3339564122, "inost_r": 0.1820008054, "ttdca_e": 0.0534373729, "orn_m": 0.4114493211, "acrn_x": 0.0053306917, "ttdcea_c": 0.013667676299999999, "fru_e": 0.017268059, "ura_c": 0.030667949, "lac_D_c": 66.4441910493, "glyc_c": 0.20825352530000002, "ocdcea_r": 0.0055568551, "ttdcrn_c": 0.0067203125}