{"aact_m": 0.565631876, "sphings_r": 0.0191103394, "val_L_e": 0.4151192582, "C10164_c": 0.057453214100000004, "HC02024_r": 0.041366952400000004, "fum_m": 0.033450790099999995, "hdcea_e": 0.024563999500000003, "adrnl_e": 0.0029090390999999996, "cit_c": 0.9758788482999999, "4hpro_LT_r": 0.10067972019999999, "chol_m": 0.0747738714, "4h2oglt_c": 0.0383976512, "C06199_l": 0.3847132637, "trp_L_c": 0.6851096135, "stcrn_m": 0.015507627900000001, "pyr_m": 0.6547584439999999, "carn_c": 0.2329636429, "chsterol_n": 1.063602963, "lys_L_m": 0.7002305095999999, "g6p_r": 0.0762767396, "arg_L_e": 0.044561282699999996, "acgam_l": 0.0033534971, "c4crn_m": 0.0, "C01601_c": 0.010639174099999999, "hom_L_e": 0.0032692558000000003, "hxan_e": 0.0002137518, "lnlccrn_m": 0.0416929127, "im4ac_c": 0.0120976904, "urate_e": 0.23390509210000002, "g3p_c": 0.0222468706, "hdd2crn_c": 0.0177354929, "glu_L_r": 0.1356045032, "nac_c": 0.18989411949999999, "asp_D_e": 0.0363318843, "thrnt_c": 0.0352331557, "C01507_c": 0.0061660885, "12ppd_R_c": 0.4135300641, "5oxpro_e": 1.0292802453, "fuc_L_e": 0.013701038, "arab_L_c": 0.0082095041, "vacccrn_m": 0.0580552617, "CE6205_c": 0.0266995723, "pram_c": 0.6397059918, "ipdp_c": 0.0029029471999999995, "met_L_m": 0.1998639892, "ile_L_e": 0.0279975863, "hyptaur_c": 0.0092845106, "rbt_e": 0.0235286198, "ocdca_c": 0.3738205261, "Lpipecol_x": 0.0376427935, "c10crn_e": 0.1405891169, "dhdascb_c": 0.013675595300000001, "gal_c": 0.06324252059999999, "phe_L_l": 0.6075781505, "urea_m": 13.2148497619, "glx_m": 0.0367073969, "glc_D_c": 35.0966488998, "gln_L_e": 0.3024796881, "glcur_c": 0.0071042197, "crn_e": 0.0307119082, "c6crn_x": 0.016735563300000002, "gua_e": 0.0148683224, "dchac_r": 0.030829349300000003, "4mop_c": 0.0616494992, "sarcs_m": 0.075495625, "anth_e": 0.007813685899999999, "andrstndn_c": 0.006547989200000001, "1p2cbxl_x": 0.1753453468, "2coum_c": 0.021475617000000002, "thr_L_e": 0.707663023, "bilirub_r": 0.0820451292, "5hoxindoa_c": 0.0102193423, "ddeccrn_m": 0.046507673799999996, "3mop_m": 0.0284356542, "xylt_e": 0.0074325413, "sphs1p_e": 0.0162491445, "gudac_c": 0.010189625400000001, "succ_r": 0.0346404532, "ala_D_c": 10.5377975127, "prgstrn_e": 0.0142654449, "3hmp_m": 0.7344534439, "dmnoncrn_x": 0.0059539024, "oaa_x": 0.10805785820000001, "rib_D_c": 0.0752019448, "gly_m": 0.7450971018000001, "citr_L_m": 0.6133784148, "glyclt_x": 0.0081453605, "acnam_l": 0.0255276992, "creat_m": 0.1871342293, "tyr_L_l": 0.1513898037, "oxa_c": 124.9291521083, "Lcystin_c": 0.05725055440000001, "ivcrn_c": 0.060970881399999996, "dhap_x": 0.0211872023, "bz_r": 0.0013387231, "lneldc_e": 0.0139622365, "C02356_c": 0.3371094158, "pchol_hs_c": 0.0747027817, "asn_L_c": 0.0652007327, "6pgc_c": 0.0286882793, "ser_L_x": 1.0045802238, "leu_L_m": 2.6328450323, "25hvitd3_c": 0.0119830735, "gcald_c": 0.3416510318, "glyald_m": 0.0161761425, "thm_e": 0.0031184306, "c8crn_x": 0.051551313, "pcollg5hlys_c": 0.0669761471, "srb_L_c": 0.015271958600000001, "5htrp_e": 0.0139568474, "pmtcrn_m": 0.0025279726, "CE2537_c": 0.23722153010000002, "cyst_L_m": 0.0231343715, "3mob_c": 0.011485668999999999, "ru5p_D_c": 0.0058035386, "cys_L_m": 0.0580926567, "2mcacn_c": 0.0070719203, "pro_D_l": 4.4162947965, "pser_L_c": 0.0080344352, "pac_m": 0.3958669505, "inost_r": 0.196579735, "ttdca_e": 0.0641734974, "orn_m": 0.46525360670000004, "acrn_x": 0.009916384, "ttdcea_c": 0.017437498500000002, "fru_e": 0.0171528011, "ura_c": 0.0385782521, "lac_D_c": 41.2809319243, "glyc_c": 0.38261635439999997, "ocdcea_r": 0.0060622775, "ttdcrn_c": 0.0167851924}