{"aact_m": 0.861453466, "sphings_r": 0.0375153285, "val_L_e": 0.3520588061, "C10164_c": 0.0469299553, "HC02024_r": 0.0507839685, "fum_m": 0.0093199934, "hdcea_e": 0.0487960912, "adrnl_e": 0.0002428373, "cit_c": 0.3552717226, "4hpro_LT_r": 0.1322324183, "chol_m": 0.0011808714, "4h2oglt_c": 0.0512351762, "C06199_l": 0.235758025, "trp_L_c": 0.38124072789999996, "stcrn_m": 0.051765898, "pyr_m": 0.878346244, "carn_c": 0.1452872553, "chsterol_n": 0.429344916, "lys_L_m": 0.2456025403, "g6p_r": 0.056911669500000005, "arg_L_e": 0.0277460065, "acgam_l": 0.0037406603000000004, "c4crn_m": 0.0160148804, "C01601_c": 0.0199104493, "hom_L_e": 0.009324356800000001, "hxan_e": 0.0200123507, "lnlccrn_m": 0.0884404236, "im4ac_c": 0.025601910800000002, "urate_e": 0.1329188171, "g3p_c": 0.1541803835, "hdd2crn_c": 0.0226536907, "glu_L_r": 0.20776073920000002, "nac_c": 0.1209200917, "asp_D_e": 0.057026643700000004, "thrnt_c": 0.044563161399999995, "C01507_c": 0.0040184205, "12ppd_R_c": 0.569639164, "5oxpro_e": 1.2895154411, "fuc_L_e": 0.0094373825, "arab_L_c": 0.007655905, "vacccrn_m": 0.12491636099999999, "CE6205_c": 0.0074304272999999995, "pram_c": 0.6620553075, "ipdp_c": 0.0028067204999999997, "met_L_m": 0.1479617897, "ile_L_e": 0.0270901336, "hyptaur_c": 0.0004272943, "rbt_e": 0.023026917799999998, "ocdca_c": 0.6950720417, "Lpipecol_x": 0.042563732699999995, "c10crn_e": 0.1108605155, "dhdascb_c": 0.0099179292, "gal_c": 0.0228707752, "phe_L_l": 0.4127781128, "urea_m": 25.217324170999998, "glx_m": 0.0297447797, "glc_D_c": 4.6003172911000005, "gln_L_e": 0.2167033336, "glcur_c": 0.0042541578, "crn_e": 0.0907997309, "c6crn_x": 0.0157297018, "gua_e": 0.0131661748, "dchac_r": 0.13184104119999998, "4mop_c": 0.0398935023, "sarcs_m": 0.0303543224, "anth_e": 0.0087510271, "andrstndn_c": 0.0156440589, "1p2cbxl_x": 0.1550826695, "2coum_c": 0.0214430904, "thr_L_e": 0.6602766811999999, "bilirub_r": 0.1436325751, "5hoxindoa_c": 0.011373596599999999, "ddeccrn_m": 0.0510293909, "3mop_m": 0.1277098415, "xylt_e": 0.0044351947, "sphs1p_e": 0.051745224299999996, "gudac_c": 0.0089992412, "succ_r": 0.011000353999999999, "ala_D_c": 7.6654044163, "prgstrn_e": 0.0165078427, "3hmp_m": 0.8455296294, "dmnoncrn_x": 0.0073288356999999995, "oaa_x": 0.0770148653, "rib_D_c": 0.034867834300000004, "gly_m": 0.26799625260000004, "citr_L_m": 0.6441996452000001, "glyclt_x": 0.014689204099999999, "acnam_l": 0.0009029503999999999, "creat_m": 0.1322773232, "tyr_L_l": 0.16568684779999998, "oxa_c": 104.5210099594, "Lcystin_c": 0.0113255116, "ivcrn_c": 0.0104630893, "dhap_x": 0.0230091798, "bz_r": 0.0161483488, "lneldc_e": 0.07260868849999999, "C02356_c": 0.35859831740000003, "pchol_hs_c": 0.12815780300000001, "asn_L_c": 0.0198048008, "6pgc_c": 0.0201800168, "ser_L_x": 0.7091115420999999, "leu_L_m": 1.9257453113, "25hvitd3_c": 0.0258540825, "gcald_c": 0.5055146189999999, "glyald_m": 0.0089049977, "thm_e": 0.0019474666000000001, "c8crn_x": 0.053039156799999994, "pcollg5hlys_c": 0.0714175273, "srb_L_c": 0.0096499251, "5htrp_e": 0.0008983617999999999, "pmtcrn_m": 0.008061082800000001, "CE2537_c": 0.1046468803, "cyst_L_m": 0.0135749704, "3mob_c": 0.0093384881, "ru5p_D_c": 0.0104364097, "cys_L_m": 0.0405753233, "2mcacn_c": 0.013743999199999999, "pro_D_l": 3.0597337986, "pser_L_c": 0.0092354733, "pac_m": 0.4002116469, "inost_r": 0.13142421599999998, "ttdca_e": 0.1367134815, "orn_m": 0.1817733444, "acrn_x": 0.0168271959, "ttdcea_c": 0.0086828615, "fru_e": 0.036707144, "ura_c": 0.0261226244, "lac_D_c": 51.3628009309, "glyc_c": 0.6214903965999999, "ocdcea_r": 0.0092256673, "ttdcrn_c": 0.021962675}