{"aact_m": 0.9034855706, "sphings_r": 0.031123002599999998, "val_L_e": 0.5718403858, "C10164_c": 0.0580274999, "HC02024_r": 0.1202931409, "fum_m": 0.0411358539, "hdcea_e": 0.057906113700000005, "adrnl_e": 0.035249926699999996, "cit_c": 0.7823480909999999, "4hpro_LT_r": 0.1224705615, "chol_m": 0.1515075028, "4h2oglt_c": 0.0574413374, "C06199_l": 0.4377462454, "trp_L_c": 0.6600028975, "stcrn_m": 0.07731506120000001, "pyr_m": 0.124836542, "carn_c": 0.2006668713, "chsterol_n": 1.3340893502, "lys_L_m": 0.7909601088, "g6p_r": 0.0577090325, "arg_L_e": 0.0319963133, "acgam_l": 0.0049519174, "c4crn_m": 0.0197755392, "C01601_c": 0.0332989726, "hom_L_e": 0.009417415, "hxan_e": 0.031203314300000003, "lnlccrn_m": 0.1080817335, "im4ac_c": 0.023421964500000003, "urate_e": 0.3218912666, "g3p_c": 0.0640798997, "hdd2crn_c": 0.037589694, "glu_L_r": 1.161811988, "nac_c": 0.3910005657, "asp_D_e": 0.1080761756, "thrnt_c": 0.0610873334, "C01507_c": 0.0169694734, "12ppd_R_c": 0.6634597851, "5oxpro_e": 3.5679832663999997, "fuc_L_e": 0.0088887189, "arab_L_c": 0.04273373900000001, "vacccrn_m": 0.1679387034, "CE6205_c": 0.0131200277, "pram_c": 0.0, "ipdp_c": 0.0050804033, "met_L_m": 0.2124026803, "ile_L_e": 0.0564339392, "hyptaur_c": 0.00021958400000000002, "rbt_e": 0.0373948885, "ocdca_c": 0.7592501828, "Lpipecol_x": 0.036251705, "c10crn_e": 0.0897636308, "dhdascb_c": 0.015924105900000003, "gal_c": 0.044144584, "phe_L_l": 0.6709279175, "urea_m": 24.1862951221, "glx_m": 0.0276749144, "glc_D_c": 2.9841745042000003, "gln_L_e": 0.13166960490000001, "glcur_c": 0.007354045799999999, "crn_e": 0.0693839953, "c6crn_x": 0.0145148428, "gua_e": 0.0170845454, "dchac_r": 0.10912845119999999, "4mop_c": 0.0599218828, "sarcs_m": 0.0313954674, "anth_e": 0.0158665517, "andrstndn_c": 0.0190077801, "1p2cbxl_x": 0.23786575210000002, "2coum_c": 0.018285374, "thr_L_e": 0.7826015212, "bilirub_r": 0.0552248681, "5hoxindoa_c": 0.011563483700000002, "ddeccrn_m": 0.0597497229, "3mop_m": 0.04285249730000001, "xylt_e": 0.0076147417, "sphs1p_e": 0.0403319279, "gudac_c": 0.0109062548, "succ_r": 0.0518986795, "ala_D_c": 12.1331339998, "prgstrn_e": 0.0157833553, "3hmp_m": 1.0134100085, "dmnoncrn_x": 0.008513816700000001, "oaa_x": 0.130991724, "rib_D_c": 0.041939051, "gly_m": 1.2341584181999998, "citr_L_m": 0.6765848206, "glyclt_x": 0.0037194685, "acnam_l": 0.0104219429, "creat_m": 0.21798525230000002, "tyr_L_l": 0.1307141276, "oxa_c": 174.3975422239, "Lcystin_c": 0.0274621947, "ivcrn_c": 0.0230727609, "dhap_x": 0.023739291099999997, "bz_r": 0.0199274803, "lneldc_e": 0.18634057980000002, "C02356_c": 0.9820552029, "pchol_hs_c": 0.328975484, "asn_L_c": 0.014754409199999999, "6pgc_c": 0.0465410865, "ser_L_x": 1.0938830455, "leu_L_m": 2.4207678188, "25hvitd3_c": 0.0313190543, "gcald_c": 0.5783548933, "glyald_m": 0.010923143400000002, "thm_e": 0.016576376299999997, "c8crn_x": 0.034201361, "pcollg5hlys_c": 0.08405166619999999, "srb_L_c": 0.0163065729, "5htrp_e": 0.0111289483, "pmtcrn_m": 0.0023970954000000003, "CE2537_c": 0.1289703491, "cyst_L_m": 0.0360560008, "3mob_c": 0.0079575346, "ru5p_D_c": 0.0477488146, "cys_L_m": 0.0366332874, "2mcacn_c": 0.009698733499999999, "pro_D_l": 4.2031540552, "pser_L_c": 0.010361055400000001, "pac_m": 0.479537207, "inost_r": 0.2592567914, "ttdca_e": 0.1040414165, "orn_m": 0.5240265592, "acrn_x": 0.0105795118, "ttdcea_c": 0.0098985677, "fru_e": 0.17416911510000002, "ura_c": 0.0407602358, "lac_D_c": 77.6349173418, "glyc_c": 0.6884390992, "ocdcea_r": 0.0135111779, "ttdcrn_c": 0.0306487342}