{"aact_m": 1.2175586602, "sphings_r": 0.0318805047, "val_L_e": 0.4140711018, "C10164_c": 0.0792687358, "HC02024_r": 0.0910066041, "fum_m": 0.049842200999999996, "hdcea_e": 0.163784845, "adrnl_e": 0.0017700388, "cit_c": 0.8616985684, "4hpro_LT_r": 0.1175234578, "chol_m": 0.0577206917, "4h2oglt_c": 0.0618769366, "C06199_l": 0.6948500348000001, "trp_L_c": 1.1498858790000002, "stcrn_m": 0.043585573899999994, "pyr_m": 0.29022403539999997, "carn_c": 0.2125097972, "chsterol_n": 2.0113266595, "lys_L_m": 1.1063346756999999, "g6p_r": 0.0903525497, "arg_L_e": 0.0697070374, "acgam_l": 0.0056543551, "c4crn_m": 0.0111215675, "C01601_c": 0.0400086784, "hom_L_e": 0.0059997315, "hxan_e": 0.0094383963, "lnlccrn_m": 0.0515648002, "im4ac_c": 0.0202741179, "urate_e": 0.6495816563, "g3p_c": 0.0567314363, "hdd2crn_c": 0.015038973600000002, "glu_L_r": 1.6982194355000002, "nac_c": 0.3890590493, "asp_D_e": 0.1082119183, "thrnt_c": 0.0217841866, "C01507_c": 0.21363420460000002, "12ppd_R_c": 0.6683125853, "5oxpro_e": 4.2669525138, "fuc_L_e": 0.0134453666, "arab_L_c": 0.0247933943, "vacccrn_m": 0.0970642407, "CE6205_c": 0.0737767482, "pram_c": 0.0, "ipdp_c": 0.0043959140999999995, "met_L_m": 0.2178963186, "ile_L_e": 0.044670815700000005, "hyptaur_c": 0.0001239786, "rbt_e": 0.0724162984, "ocdca_c": 0.630260839, "Lpipecol_x": 0.5310485471999999, "c10crn_e": 0.0151249878, "dhdascb_c": 0.0144120528, "gal_c": 0.07878926730000001, "phe_L_l": 1.316137134, "urea_m": 52.104942494899994, "glx_m": 0.0262323422, "glc_D_c": 1.3599286330000002, "gln_L_e": 0.0840299671, "glcur_c": 0.0159788256, "crn_e": 0.061687506399999995, "c6crn_x": 0.0054364549, "gua_e": 0.0129024581, "dchac_r": 0.115126886, "4mop_c": 0.10621798449999999, "sarcs_m": 0.0347601897, "anth_e": 0.017858174299999998, "andrstndn_c": 0.0121673061, "1p2cbxl_x": 0.24123226679999998, "2coum_c": 0.0327020925, "thr_L_e": 0.786558835, "bilirub_r": 0.0623403413, "5hoxindoa_c": 0.0131504522, "ddeccrn_m": 0.0198240424, "3mop_m": 0.047582951500000005, "xylt_e": 0.010921593799999999, "sphs1p_e": 0.033336077799999995, "gudac_c": 0.0129186922, "succ_r": 0.0667586903, "ala_D_c": 13.95833392, "prgstrn_e": 0.0042069534, "3hmp_m": 0.9432632716, "dmnoncrn_x": 0.0020716976999999998, "oaa_x": 0.13678263570000002, "rib_D_c": 0.0764820841, "gly_m": 1.1025312458, "citr_L_m": 0.6898072779000001, "glyclt_x": 0.0047102991999999995, "acnam_l": 0.0037107453, "creat_m": 0.1981624518, "tyr_L_l": 0.2461866151, "oxa_c": 200.9800736368, "Lcystin_c": 0.0346017096, "ivcrn_c": 0.12259739970000001, "dhap_x": 0.0235555902, "bz_r": 0.030742952200000003, "lneldc_e": 0.045361361100000004, "C02356_c": 0.46295299869999995, "pchol_hs_c": 0.4945039056, "asn_L_c": 0.0179576121, "6pgc_c": 0.05500153, "ser_L_x": 0.9679048436, "leu_L_m": 3.8141966708, "25hvitd3_c": 0.0223950188, "gcald_c": 0.7337124494, "glyald_m": 0.0114848391, "thm_e": 0.0096058214, "c8crn_x": 0.0079932436, "pcollg5hlys_c": 0.0737824654, "srb_L_c": 0.025653136, "5htrp_e": 0.0067200389, "pmtcrn_m": 0.0034056731, "CE2537_c": 0.25142982129999997, "cyst_L_m": 0.0558389938, "3mob_c": 0.015273941200000002, "ru5p_D_c": 0.0455536558, "cys_L_m": 0.051378327300000005, "2mcacn_c": 0.0087418651, "pro_D_l": 9.764101331200001, "pser_L_c": 0.0100334802, "pac_m": 0.5461197931, "inost_r": 0.4318692921, "ttdca_e": 0.2959472367, "orn_m": 0.7408683058, "acrn_x": 0.017193571, "ttdcea_c": 0.017404551, "fru_e": 0.0622176137, "ura_c": 0.0383263697, "lac_D_c": 42.8361306528, "glyc_c": 1.3836259622, "ocdcea_r": 0.0199044069, "ttdcrn_c": 0.0134897627}