{"aact_m": 0.8140389625, "sphings_r": 0.0328029288, "val_L_e": 0.6117858815999999, "C10164_c": 0.0643422459, "HC02024_r": 0.08625791460000001, "fum_m": 0.0382026854, "hdcea_e": 0.017897954599999998, "adrnl_e": 0.0008378150999999999, "cit_c": 0.7796990235, "4hpro_LT_r": 0.1242484541, "chol_m": 0.0737689358, "4h2oglt_c": 0.046676443600000006, "C06199_l": 0.5419238887, "trp_L_c": 0.7960064063, "stcrn_m": 0.058562003099999996, "pyr_m": 0.9133830125, "carn_c": 0.1621077415, "chsterol_n": 1.1076679345, "lys_L_m": 1.5415044568, "g6p_r": 0.0625943904, "arg_L_e": 0.053940646200000004, "acgam_l": 0.0056092343999999995, "c4crn_m": 0.035508230099999996, "C01601_c": 0.028589653599999997, "hom_L_e": 0.0137772739, "hxan_e": 0.0276042336, "lnlccrn_m": 0.0637264894, "im4ac_c": 0.020804728600000003, "urate_e": 1.2206256334, "g3p_c": 0.0883979008, "hdd2crn_c": 0.0125941699, "glu_L_r": 0.8874887498999999, "nac_c": 0.3958402808, "asp_D_e": 0.1657687836, "thrnt_c": 0.0258942702, "C01507_c": 0.011387028700000001, "12ppd_R_c": 0.5354300324, "5oxpro_e": 3.4370924449, "fuc_L_e": 0.0116851904, "arab_L_c": 0.0196126824, "vacccrn_m": 0.0758793228, "CE6205_c": 0.0316695501, "pram_c": 0.0, "ipdp_c": 0.0041692323, "met_L_m": 0.2561512742, "ile_L_e": 0.0649592688, "hyptaur_c": 0.0027842068, "rbt_e": 0.0525488854, "ocdca_c": 0.3809390234, "Lpipecol_x": 0.0377364939, "c10crn_e": 0.033068170699999996, "dhdascb_c": 0.0141743824, "gal_c": 0.06660542650000001, "phe_L_l": 0.9833904537999999, "urea_m": 25.9065213745, "glx_m": 0.0197014047, "glc_D_c": 1.7124096888999998, "gln_L_e": 0.2869302149, "glcur_c": 0.08633468, "crn_e": 0.0665860127, "c6crn_x": 0.0104847046, "gua_e": 0.020747243000000002, "dchac_r": 0.0650845867, "4mop_c": 0.0616728563, "sarcs_m": 0.06824665440000001, "anth_e": 0.019516339299999998, "andrstndn_c": 0.0269297327, "1p2cbxl_x": 0.2971009954, "2coum_c": 0.0333624253, "thr_L_e": 1.4464421096000002, "bilirub_r": 0.0230071846, "5hoxindoa_c": 0.011425491000000001, "ddeccrn_m": 0.023447885499999998, "3mop_m": 0.0954639219, "xylt_e": 0.008100682199999999, "sphs1p_e": 0.028387035, "gudac_c": 0.010795342900000001, "succ_r": 0.0476781745, "ala_D_c": 24.429492344899998, "prgstrn_e": 0.010339665, "3hmp_m": 0.8180913264, "dmnoncrn_x": 0.0040924077, "oaa_x": 0.1269159251, "rib_D_c": 0.0772722322, "gly_m": 2.7432547168, "citr_L_m": 0.6749269748000001, "glyclt_x": 0.0118503053, "acnam_l": 0.0049327794, "creat_m": 0.5383917355, "tyr_L_l": 0.25384737690000003, "oxa_c": 214.6313848366, "Lcystin_c": 0.057251926200000004, "ivcrn_c": 0.040883667400000004, "dhap_x": 0.0247286133, "bz_r": 0.0258736798, "lneldc_e": 0.0492615383, "C02356_c": 0.4822916595, "pchol_hs_c": 0.2823340457, "asn_L_c": 0.0487441724, "6pgc_c": 0.033524335, "ser_L_x": 1.0381201576999999, "leu_L_m": 4.5383529223000005, "25hvitd3_c": 0.020030336200000002, "gcald_c": 0.5958307161999999, "glyald_m": 0.0088372591, "thm_e": 0.0046695741, "c8crn_x": 0.017292419, "pcollg5hlys_c": 0.0769647745, "srb_L_c": 0.0551903271, "5htrp_e": 0.0074052275, "pmtcrn_m": 0.0045108025, "CE2537_c": 0.2089864073, "cyst_L_m": 0.1050172727, "3mob_c": 0.011874412800000001, "ru5p_D_c": 0.0261046104, "cys_L_m": 0.0846905125, "2mcacn_c": 0.0083611238, "pro_D_l": 13.113635866300001, "pser_L_c": 0.009684502099999999, "pac_m": 0.4459126623, "inost_r": 0.272261329, "ttdca_e": 0.0684505789, "orn_m": 0.9225975002, "acrn_x": 0.011445966399999999, "ttdcea_c": 0.023278814300000002, "fru_e": 0.17987882460000001, "ura_c": 0.0359469167, "lac_D_c": 138.5422395906, "glyc_c": 0.6325634210000001, "ocdcea_r": 0.0046486570000000005, "ttdcrn_c": 0.0123430092}