{"aact_m": 0.6032057636, "sphings_r": 0.033479588500000004, "val_L_e": 0.5946947646, "C10164_c": 0.0630854705, "HC02024_r": 0.0753757914, "fum_m": 0.0374995332, "hdcea_e": 0.0112335299, "adrnl_e": 0.0083215072, "cit_c": 1.2107719758, "4hpro_LT_r": 0.1284116527, "chol_m": 0.0795283202, "4h2oglt_c": 0.0469881368, "C06199_l": 0.3458163801, "trp_L_c": 0.506113116, "stcrn_m": 0.0520092563, "pyr_m": 0.4978467146, "carn_c": 0.1449208824, "chsterol_n": 1.5421268316999999, "lys_L_m": 1.1773882589, "g6p_r": 0.0617884574, "arg_L_e": 0.076160981, "acgam_l": 0.0053200775, "c4crn_m": 0.0, "C01601_c": 0.0302861563, "hom_L_e": 0.0044727668, "hxan_e": 0.0170552988, "lnlccrn_m": 0.13814871880000001, "im4ac_c": 0.0205638803, "urate_e": 0.4073929088, "g3p_c": 0.0965089483, "hdd2crn_c": 0.0251661273, "glu_L_r": 0.09423887789999999, "nac_c": 0.4765235911, "asp_D_e": 0.034760765, "thrnt_c": 0.076260439, "C01507_c": 0.1073588292, "12ppd_R_c": 0.5381501364, "5oxpro_e": 1.1593219509000001, "fuc_L_e": 0.0080079821, "arab_L_c": 0.013006686399999998, "vacccrn_m": 0.10433591369999999, "CE6205_c": 0.0336101629, "pram_c": 0.0, "ipdp_c": 0.0045775378999999995, "met_L_m": 0.1782438405, "ile_L_e": 0.035286319, "hyptaur_c": 0.0125905529, "rbt_e": 0.0372406509, "ocdca_c": 0.27918390579999997, "Lpipecol_x": 0.044372455899999996, "c10crn_e": 0.1105708173, "dhdascb_c": 0.0206923147, "gal_c": 0.036820697, "phe_L_l": 0.6251145314, "urea_m": 19.7429785066, "glx_m": 0.0479432466, "glc_D_c": 26.4203510535, "gln_L_e": 0.3105444168, "glcur_c": 0.0106129984, "crn_e": 0.0354779322, "c6crn_x": 0.0134227131, "gua_e": 0.0159864238, "dchac_r": 0.0882958217, "4mop_c": 0.061566646600000004, "sarcs_m": 0.1986770346, "anth_e": 0.012895896399999999, "andrstndn_c": 0.012760404199999999, "1p2cbxl_x": 0.2554903174, "2coum_c": 0.0199540659, "thr_L_e": 0.6296980099, "bilirub_r": 0.2630141145, "5hoxindoa_c": 0.0143522223, "ddeccrn_m": 0.0412533332, "3mop_m": 0.0546710507, "xylt_e": 0.0058641597, "sphs1p_e": 0.0406259187, "gudac_c": 0.013500196499999999, "succ_r": 0.022769390299999998, "ala_D_c": 14.038979915699999, "prgstrn_e": 0.0177042418, "3hmp_m": 0.6090271387, "dmnoncrn_x": 0.0087871475, "oaa_x": 0.109902344, "rib_D_c": 0.0455122996, "gly_m": 3.551668575, "citr_L_m": 0.7061848973999999, "glyclt_x": 0.0156645498, "acnam_l": 0.0115258147, "creat_m": 0.2283197854, "tyr_L_l": 0.1541934446, "oxa_c": 144.983427347, "Lcystin_c": 0.0492630122, "ivcrn_c": 0.0191287051, "dhap_x": 0.025545380099999997, "bz_r": 0.001818015, "lneldc_e": 0.057463981799999994, "C02356_c": 0.3470066868, "pchol_hs_c": 0.067605459, "asn_L_c": 0.0965744292, "6pgc_c": 0.0398369648, "ser_L_x": 1.0524823692, "leu_L_m": 1.9748325603, "25hvitd3_c": 0.0164782239, "gcald_c": 0.5452531385, "glyald_m": 0.0086278638, "thm_e": 0.024626548199999997, "c8crn_x": 0.035250137, "pcollg5hlys_c": 0.0657069648, "srb_L_c": 0.0339707476, "5htrp_e": 0.0117734428, "pmtcrn_m": 0.0033367809000000004, "CE2537_c": 0.1102618431, "cyst_L_m": 0.09950410130000001, "3mob_c": 0.0076257117, "ru5p_D_c": 0.009620977900000001, "cys_L_m": 0.0936502608, "2mcacn_c": 0.0089107536, "pro_D_l": 5.280149644, "pser_L_c": 0.0100363625, "pac_m": 0.5338295648, "inost_r": 0.3851364189, "ttdca_e": 0.045955438700000004, "orn_m": 1.3098760623999999, "acrn_x": 0.0094144581, "ttdcea_c": 0.0103975445, "fru_e": 0.09577584730000001, "ura_c": 0.057217772699999996, "lac_D_c": 59.9792622645, "glyc_c": 0.2591364266, "ocdcea_r": 0.0041389256, "ttdcrn_c": 0.0134831857}