{"aact_m": 0.5210566527, "sphings_r": 0.0298382922, "val_L_e": 0.2581960264, "C10164_c": 0.045874374100000004, "HC02024_r": 0.0689852547, "fum_m": 0.047835964, "hdcea_e": 0.0595129435, "adrnl_e": 0.0005940009, "cit_c": 0.5954664882999999, "4hpro_LT_r": 0.1124353853, "chol_m": 0.082294822, "4h2oglt_c": 0.0350616186, "C06199_l": 0.333378469, "trp_L_c": 0.5741055293999999, "stcrn_m": 0.0914797461, "pyr_m": 0.9974820853, "carn_c": 0.0968489955, "chsterol_n": 0.9986958597, "lys_L_m": 0.9811335935, "g6p_r": 0.041026935699999996, "arg_L_e": 0.0519431088, "acgam_l": 0.003993019, "c4crn_m": 0.0176767951, "C01601_c": 0.016335756899999998, "hom_L_e": 0.0052415705, "hxan_e": 0.1348272811, "lnlccrn_m": 0.0942401693, "im4ac_c": 0.0052771362, "urate_e": 0.23269155530000002, "g3p_c": 0.0508037312, "hdd2crn_c": 0.0335020017, "glu_L_r": 0.23051370129999998, "nac_c": 0.2929584228, "asp_D_e": 0.0625408615, "thrnt_c": 0.0314020259, "C01507_c": 0.006604124100000001, "12ppd_R_c": 0.484223206, "5oxpro_e": 1.6257213746, "fuc_L_e": 0.0040324594, "arab_L_c": 0.0060848726, "vacccrn_m": 0.20554332670000003, "CE6205_c": 0.016414261, "pram_c": 0.5662308743, "ipdp_c": 0.0043800848, "met_L_m": 0.1869648167, "ile_L_e": 0.0238504965, "hyptaur_c": 0.005354549300000001, "rbt_e": 0.026038446899999998, "ocdca_c": 0.7328865206999999, "Lpipecol_x": 0.0143287282, "c10crn_e": 0.095021036, "dhdascb_c": 0.011653023799999999, "gal_c": 0.0227731503, "phe_L_l": 0.6546292872, "urea_m": 34.7891587524, "glx_m": 0.0198660474, "glc_D_c": 4.9560499152999995, "gln_L_e": 0.2569869819, "glcur_c": 0.0064753432, "crn_e": 0.04205439230000001, "c6crn_x": 0.015431826000000001, "gua_e": 0.0134875864, "dchac_r": 0.1048825851, "4mop_c": 0.047675000999999995, "sarcs_m": 0.1683930715, "anth_e": 0.0065517221, "andrstndn_c": 0.008490365, "1p2cbxl_x": 0.2136651805, "2coum_c": 0.0212680879, "thr_L_e": 0.9572970296, "bilirub_r": 0.0303554299, "5hoxindoa_c": 0.0094594369, "ddeccrn_m": 0.0512392505, "3mop_m": 0.0899623873, "xylt_e": 0.0072036227000000005, "sphs1p_e": 0.0594763591, "gudac_c": 0.009337966500000001, "succ_r": 0.0465959308, "ala_D_c": 7.270423695700001, "prgstrn_e": 0.0106296381, "3hmp_m": 2.4429075234999997, "dmnoncrn_x": 0.0111514651, "oaa_x": 0.10285791470000001, "rib_D_c": 0.0192474667, "gly_m": 1.7722844855000002, "citr_L_m": 0.7037850845, "glyclt_x": 0.0081562041, "acnam_l": 0.0069988941, "creat_m": 0.3882063027, "tyr_L_l": 0.1544046887, "oxa_c": 140.5066221104, "Lcystin_c": 0.0303961429, "ivcrn_c": 0.021218574599999998, "dhap_x": 0.021636507200000002, "bz_r": 0.0192827452, "lneldc_e": 0.0650001521, "C02356_c": 0.6530246606, "pchol_hs_c": 0.1443678981, "asn_L_c": 0.0629901566, "6pgc_c": 0.025585523, "ser_L_x": 1.4923039649, "leu_L_m": 4.1863822163, "25hvitd3_c": 0.026720775800000002, "gcald_c": 0.6652759672999999, "glyald_m": 0.0095928157, "thm_e": 0.0158591215, "c8crn_x": 0.0321120764, "pcollg5hlys_c": 0.0610347637, "srb_L_c": 0.0093700459, "5htrp_e": 0.006649828000000001, "pmtcrn_m": 0.0021979681, "CE2537_c": 0.0508695958, "cyst_L_m": 0.052685938700000004, "3mob_c": 0.0076469523999999995, "ru5p_D_c": 0.0163820632, "cys_L_m": 0.11593117689999999, "2mcacn_c": 0.0081152886, "pro_D_l": 7.1018797379, "pser_L_c": 0.0085666399, "pac_m": 0.3797151764, "inost_r": 0.2826568149, "ttdca_e": 0.1432538678, "orn_m": 1.076537947, "acrn_x": 0.0160416831, "ttdcea_c": 0.0057911238, "fru_e": 0.043454804900000005, "ura_c": 0.0281223519, "lac_D_c": 158.9018801083, "glyc_c": 0.3812637348, "ocdcea_r": 0.0153081933, "ttdcrn_c": 0.027037274}