{"aact_m": 0.6888111551, "sphings_r": 0.033559044100000004, "val_L_e": 0.4069451893, "C10164_c": 0.0594824722, "HC02024_r": 0.1133848939, "fum_m": 0.0424903268, "hdcea_e": 0.0955833556, "adrnl_e": 0.0018048556, "cit_c": 0.4995241064, "4hpro_LT_r": 0.1348381062, "chol_m": 0.1314687682, "4h2oglt_c": 0.0453224983, "C06199_l": 0.3292899495, "trp_L_c": 0.41046436799999997, "stcrn_m": 0.0537884035, "pyr_m": 0.0212816055, "carn_c": 0.1786273674, "chsterol_n": 0.8926570509999999, "lys_L_m": 0.7807379420999999, "g6p_r": 0.1270554663, "arg_L_e": 0.06970808049999999, "acgam_l": 0.0046899756, "c4crn_m": 0.006039765799999999, "C01601_c": 0.0444382088, "hom_L_e": 0.0018287861999999998, "hxan_e": 0.0068516812, "lnlccrn_m": 0.089320465, "im4ac_c": 0.0592188387, "urate_e": 0.3008246868, "g3p_c": 0.0939920989, "hdd2crn_c": 0.0302506368, "glu_L_r": 0.9120383499, "nac_c": 0.4798459988, "asp_D_e": 0.1252862372, "thrnt_c": 0.0775825463, "C01507_c": 0.0175150094, "12ppd_R_c": 0.6676550595, "5oxpro_e": 3.4948463212, "fuc_L_e": 0.009479109599999999, "arab_L_c": 0.0078557949, "vacccrn_m": 0.1131870583, "CE6205_c": 0.013193581599999999, "pram_c": 0.0, "ipdp_c": 0.0049229138, "met_L_m": 0.1391921469, "ile_L_e": 0.021907405499999998, "hyptaur_c": 0.0002458504, "rbt_e": 0.0392284925, "ocdca_c": 0.771437533, "Lpipecol_x": 0.0728215143, "c10crn_e": 0.034843817, "dhdascb_c": 0.009400276899999999, "gal_c": 0.0450882756, "phe_L_l": 0.5299490717, "urea_m": 22.853155436799998, "glx_m": 0.026466177599999998, "glc_D_c": 4.3331749271, "gln_L_e": 0.1494483727, "glcur_c": 0.0109722432, "crn_e": 0.0430549342, "c6crn_x": 0.0071219701000000005, "gua_e": 0.0121461875, "dchac_r": 0.09342963160000001, "4mop_c": 0.0258598929, "sarcs_m": 0.0319237473, "anth_e": 0.011577868100000001, "andrstndn_c": 0.0174255664, "1p2cbxl_x": 0.2449830816, "2coum_c": 0.0173729982, "thr_L_e": 0.7353265787000001, "bilirub_r": 0.0016734223, "5hoxindoa_c": 0.013372160800000001, "ddeccrn_m": 0.0369848435, "3mop_m": 0.039402245, "xylt_e": 0.0066603133, "sphs1p_e": 0.0351186335, "gudac_c": 0.0118194657, "succ_r": 0.0448723683, "ala_D_c": 6.604545732999999, "prgstrn_e": 0.0087158063, "3hmp_m": 1.3441256096, "dmnoncrn_x": 0.0035625933000000003, "oaa_x": 0.10677843599999999, "rib_D_c": 0.0491105448, "gly_m": 1.0265036809, "citr_L_m": 0.6937804846, "glyclt_x": 0.0024280052, "acnam_l": 0.013662831299999999, "creat_m": 0.184770972, "tyr_L_l": 0.12688267539999998, "oxa_c": 135.4919779482, "Lcystin_c": 0.0201037275, "ivcrn_c": 0.0170464302, "dhap_x": 0.0242676277, "bz_r": 0.017673489599999998, "lneldc_e": 0.1815796979, "C02356_c": 0.49860155159999997, "pchol_hs_c": 0.4324476465, "asn_L_c": 0.0061849737, "6pgc_c": 0.035118854, "ser_L_x": 0.9657279602, "leu_L_m": 2.2376399086000003, "25hvitd3_c": 0.0208903617, "gcald_c": 0.59524627, "glyald_m": 0.0113749283, "thm_e": 0.0131981908, "c8crn_x": 0.014972478300000001, "pcollg5hlys_c": 0.06790198480000001, "srb_L_c": 0.0245902762, "5htrp_e": 0.010721583600000001, "pmtcrn_m": 0.002118806, "CE2537_c": 0.14916025130000002, "cyst_L_m": 0.0131556725, "3mob_c": 0.0039244033000000005, "ru5p_D_c": 0.0450090763, "cys_L_m": 0.0272281862, "2mcacn_c": 0.0092173242, "pro_D_l": 3.556920735, "pser_L_c": 0.0093566741, "pac_m": 0.5018365026, "inost_r": 0.3293349157, "ttdca_e": 0.1532390271, "orn_m": 0.4133168842, "acrn_x": 0.011077158799999999, "ttdcea_c": 0.0112211513, "fru_e": 0.7061393742000001, "ura_c": 0.0266720053, "lac_D_c": 47.421606222, "glyc_c": 0.8487887872, "ocdcea_r": 0.0184309265, "ttdcrn_c": 0.0189518135}