{"aact_m": 0.3790714964, "sphings_r": 0.041143279399999996, "val_L_e": 0.4919545911, "C10164_c": 0.05422314809999999, "HC02024_r": 0.0614917961, "fum_m": 0.0338284286, "hdcea_e": 0.0073772725, "adrnl_e": 0.0099161139, "cit_c": 0.4964769386, "4hpro_LT_r": 0.1167183535, "chol_m": 0.13251500730000002, "4h2oglt_c": 0.0333503733, "C06199_l": 0.365522871, "trp_L_c": 0.581424654, "stcrn_m": 0.070955058, "pyr_m": 0.6442834334, "carn_c": 0.2833919604, "chsterol_n": 0.7663674407, "lys_L_m": 1.2905990374, "g6p_r": 0.061642368200000006, "arg_L_e": 0.1498674117, "acgam_l": 0.0041619494, "c4crn_m": 0.0, "C01601_c": 0.011993908300000002, "hom_L_e": 0.0027849571000000003, "hxan_e": 0.0205637054, "lnlccrn_m": 0.09200081310000001, "im4ac_c": 0.0778952066, "urate_e": 0.2591415812, "g3p_c": 0.043394541200000004, "hdd2crn_c": 0.0166818863, "glu_L_r": 0.0976711235, "nac_c": 0.0948330466, "asp_D_e": 0.0409242192, "thrnt_c": 0.0076296002, "C01507_c": 0.0068870015, "12ppd_R_c": 0.44431657799999996, "5oxpro_e": 1.0643783628, "fuc_L_e": 0.0120475673, "arab_L_c": 0.0092326646, "vacccrn_m": 0.1400255453, "CE6205_c": 0.0107400629, "pram_c": 0.534234471, "ipdp_c": 0.004350442899999999, "met_L_m": 0.2339096635, "ile_L_e": 0.032698777400000004, "hyptaur_c": 0.0145009969, "rbt_e": 0.031934730099999996, "ocdca_c": 0.3803907439, "Lpipecol_x": 0.0780202583, "c10crn_e": 0.0714613529, "dhdascb_c": 0.0124490422, "gal_c": 0.0438485948, "phe_L_l": 0.7052655087, "urea_m": 16.185227528, "glx_m": 0.028665630600000002, "glc_D_c": 32.5399708904, "gln_L_e": 0.3160503339, "glcur_c": 0.0053799472, "crn_e": 0.08722387359999999, "c6crn_x": 0.01024469, "gua_e": 0.0175971554, "dchac_r": 0.1037812519, "4mop_c": 0.05345473269999999, "sarcs_m": 0.1014599674, "anth_e": 0.0029130454999999997, "andrstndn_c": 0.0334235283, "1p2cbxl_x": 0.2613439254, "2coum_c": 0.0198636272, "thr_L_e": 1.3881843738, "bilirub_r": 0.044177269500000005, "5hoxindoa_c": 0.008598472, "ddeccrn_m": 0.043852665199999995, "3mop_m": 0.0471080876, "xylt_e": 0.0061054202, "sphs1p_e": 0.047714291, "gudac_c": 0.0089287006, "succ_r": 0.0234187044, "ala_D_c": 9.6465213186, "prgstrn_e": 0.0137270731, "3hmp_m": 0.7063779493000001, "dmnoncrn_x": 0.0053722421, "oaa_x": 0.094373684, "rib_D_c": 0.13224021630000002, "gly_m": 1.7382057851, "citr_L_m": 0.6738739525, "glyclt_x": 0.0043910688, "acnam_l": 0.0100373213, "creat_m": 0.2221727534, "tyr_L_l": 0.1423551267, "oxa_c": 55.7913113633, "Lcystin_c": 0.08831955050000001, "ivcrn_c": 0.0141117984, "dhap_x": 0.0225402103, "bz_r": 0.0029827418, "lneldc_e": 0.0379926226, "C02356_c": 0.4100518206, "pchol_hs_c": 0.0755461943, "asn_L_c": 0.1000051075, "6pgc_c": 0.024568616, "ser_L_x": 1.5994146913999998, "leu_L_m": 3.3644636899, "25hvitd3_c": 0.0238522337, "gcald_c": 0.4539320329, "glyald_m": 0.0198952538, "thm_e": 0.0202294124, "c8crn_x": 0.0225607108, "pcollg5hlys_c": 0.0804136577, "srb_L_c": 0.0242108948, "5htrp_e": 0.0080822051, "pmtcrn_m": 0.004521507100000001, "CE2537_c": 0.4187201774, "cyst_L_m": 0.06428218940000001, "3mob_c": 0.0077095676, "ru5p_D_c": 0.008167634, "cys_L_m": 0.10116346890000001, "2mcacn_c": 0.009368969100000001, "pro_D_l": 6.6498385946, "pser_L_c": 0.0113958129, "pac_m": 0.4430081083, "inost_r": 0.2197651222, "ttdca_e": 0.0548341383, "orn_m": 0.709407078, "acrn_x": 0.015136898000000001, "ttdcea_c": 0.0158070504, "fru_e": 0.49071522479999996, "ura_c": 0.0343067984, "lac_D_c": 22.0251415049, "glyc_c": 0.2038861391, "ocdcea_r": 0.003149737, "ttdcrn_c": 0.0193983624}