{"aact_m": 0.47744342100000003, "sphings_r": 0.0195947699, "val_L_e": 0.228233739, "C10164_c": 0.0721904653, "HC02024_r": 0.0405874335, "fum_m": 0.0450350661, "hdcea_e": 0.006332920600000001, "adrnl_e": 0.0013495744, "cit_c": 1.1609170277, "4hpro_LT_r": 0.09431325630000001, "chol_m": 0.044990322, "4h2oglt_c": 0.0373699896, "C06199_l": 0.3998185671, "trp_L_c": 0.5319234713000001, "stcrn_m": 0.0171687099, "pyr_m": 1.1774004118, "carn_c": 0.21729809190000002, "chsterol_n": 1.1736515937, "lys_L_m": 0.6702824888000001, "g6p_r": 0.0526774338, "arg_L_e": 0.053674419, "acgam_l": 0.0040754613, "c4crn_m": 0.037624772, "C01601_c": 0.0175440841, "hom_L_e": 0.010802976899999999, "hxan_e": 0.0203933231, "lnlccrn_m": 0.0237225017, "im4ac_c": 0.018988956100000003, "urate_e": 0.3720529789, "g3p_c": 0.0281567202, "hdd2crn_c": 0.005608431, "glu_L_r": 0.1472781829, "nac_c": 0.3071667068, "asp_D_e": 0.050520345, "thrnt_c": 0.0197943075, "C01507_c": 0.0829611212, "12ppd_R_c": 0.526210397, "5oxpro_e": 1.0062648425, "fuc_L_e": 0.0108962333, "arab_L_c": 0.010861278500000002, "vacccrn_m": 0.0386849694, "CE6205_c": 0.0148952206, "pram_c": 0.6406268306, "ipdp_c": 0.00331798, "met_L_m": 0.1781987076, "ile_L_e": 0.0366242012, "hyptaur_c": 0.0040944644, "rbt_e": 0.0345948918, "ocdca_c": 0.2198260985, "Lpipecol_x": 0.0527132415, "c10crn_e": 0.0158216563, "dhdascb_c": 0.018672849499999998, "gal_c": 0.0510617045, "phe_L_l": 0.6192964143, "urea_m": 30.782159937800003, "glx_m": 0.0505387132, "glc_D_c": 39.9457943489, "gln_L_e": 0.23526649079999998, "glcur_c": 0.0057589322, "crn_e": 0.029700052200000004, "c6crn_x": 0.0069000727, "gua_e": 0.0130005943, "dchac_r": 0.0595459685, "4mop_c": 0.0634314663, "sarcs_m": 0.0617737821, "anth_e": 0.0114920588, "andrstndn_c": 0.0160098057, "1p2cbxl_x": 0.2589150534, "2coum_c": 0.024501517400000002, "thr_L_e": 0.6834153719, "bilirub_r": 0.045816677, "5hoxindoa_c": 0.0093749486, "ddeccrn_m": 0.0115465429, "3mop_m": 0.034085291499999996, "xylt_e": 0.0078888302, "sphs1p_e": 0.0219838654, "gudac_c": 0.0098341517, "succ_r": 0.0316365103, "ala_D_c": 8.3237125718, "prgstrn_e": 0.0044953122, "3hmp_m": 1.0427930669, "dmnoncrn_x": 0.0024514042, "oaa_x": 0.09466961480000001, "rib_D_c": 0.0695731623, "gly_m": 0.9956296631999999, "citr_L_m": 0.6352386964, "glyclt_x": 0.0055774197, "acnam_l": 0.0089558472, "creat_m": 0.181845891, "tyr_L_l": 0.1678033027, "oxa_c": 156.2134215726, "Lcystin_c": 0.0348183432, "ivcrn_c": 0.0252543132, "dhap_x": 0.0198168665, "bz_r": 0.0217078444, "lneldc_e": 0.0247383483, "C02356_c": 0.29676471, "pchol_hs_c": 0.046534669800000004, "asn_L_c": 0.0685147763, "6pgc_c": 0.0312048019, "ser_L_x": 0.6368500042, "leu_L_m": 3.2676497101999997, "25hvitd3_c": 0.0099823694, "gcald_c": 0.5458171862, "glyald_m": 0.0113490233, "thm_e": 0.0123827806, "c8crn_x": 0.0068571738, "pcollg5hlys_c": 0.0615807959, "srb_L_c": 0.028440387200000004, "5htrp_e": 0.0140341896, "pmtcrn_m": 0.0042768386, "CE2537_c": 0.2037668838, "cyst_L_m": 0.0311544285, "3mob_c": 0.0096207001, "ru5p_D_c": 0.0074070663, "cys_L_m": 0.061885212099999996, "2mcacn_c": 0.0075307909, "pro_D_l": 6.8877407901, "pser_L_c": 0.0088907499, "pac_m": 0.42210607689999996, "inost_r": 0.24050845699999998, "ttdca_e": 0.036220490099999995, "orn_m": 0.379356632, "acrn_x": 0.011966990600000001, "ttdcea_c": 0.0100394376, "fru_e": 0.5459512836, "ura_c": 0.0527594079, "lac_D_c": 40.8526949115, "glyc_c": 0.2889475794, "ocdcea_r": 0.0014185557, "ttdcrn_c": 0.0066804748999999995}