{"aact_m": 0.9634454709, "sphings_r": 0.0351426046, "val_L_e": 0.6041182949, "C10164_c": 0.07545183559999999, "HC02024_r": 0.10135855029999999, "fum_m": 0.044877579400000006, "hdcea_e": 0.0092826464, "adrnl_e": 0.0019683544, "cit_c": 0.6479943548, "4hpro_LT_r": 0.12373172119999999, "chol_m": 0.11152403470000001, "4h2oglt_c": 0.0427740869, "C06199_l": 0.3552719591, "trp_L_c": 0.6118485474, "stcrn_m": 0.0398973546, "pyr_m": 0.0722014339, "carn_c": 0.1546355033, "chsterol_n": 0.9111480089, "lys_L_m": 1.3563214030000001, "g6p_r": 0.053166859299999994, "arg_L_e": 0.0627444472, "acgam_l": 0.0059711411, "c4crn_m": 0.0198073246, "C01601_c": 0.0374478898, "hom_L_e": 0.0029334563, "hxan_e": 0.007359359300000001, "lnlccrn_m": 0.0369320505, "im4ac_c": 0.0201413189, "urate_e": 0.3397725681, "g3p_c": 0.059771696500000006, "hdd2crn_c": 0.0062000478000000005, "glu_L_r": 0.6237588013, "nac_c": 0.46236554630000004, "asp_D_e": 0.2271232043, "thrnt_c": 0.0661828392, "C01507_c": 0.0076129604, "12ppd_R_c": 0.8134362369, "5oxpro_e": 2.6519386633, "fuc_L_e": 0.0086031449, "arab_L_c": 0.0107539605, "vacccrn_m": 0.049129596100000006, "CE6205_c": 0.0304293231, "pram_c": 0.0, "ipdp_c": 0.0052095025, "met_L_m": 0.31702502969999996, "ile_L_e": 0.0233729609, "hyptaur_c": 0.0024492443, "rbt_e": 0.0372566379, "ocdca_c": 0.3332603883, "Lpipecol_x": 0.0404810164, "c10crn_e": 0.0065136546, "dhdascb_c": 0.0131496504, "gal_c": 0.0324135536, "phe_L_l": 0.7735190448999999, "urea_m": 16.9122222021, "glx_m": 0.0303295565, "glc_D_c": 2.8833542593, "gln_L_e": 0.17276797160000001, "glcur_c": 0.0054500555, "crn_e": 0.1075268566, "c6crn_x": 0.0034642027000000002, "gua_e": 0.023120794, "dchac_r": 0.1180659199, "4mop_c": 0.0333800279, "sarcs_m": 0.033160296299999996, "anth_e": 0.011677626799999999, "andrstndn_c": 0.007200110799999999, "1p2cbxl_x": 0.20508917440000002, "2coum_c": 0.0322923404, "thr_L_e": 0.7664891118000001, "bilirub_r": 0.1172520317, "5hoxindoa_c": 0.011056988600000001, "ddeccrn_m": 0.0055791199, "3mop_m": 0.0993559294, "xylt_e": 0.0052895395, "sphs1p_e": 0.0351296272, "gudac_c": 0.0098811279, "succ_r": 0.0317737683, "ala_D_c": 12.285014179800001, "prgstrn_e": 0.0029052669, "3hmp_m": 0.4385858426, "dmnoncrn_x": 0.0021937864000000002, "oaa_x": 0.1059492825, "rib_D_c": 0.05261576230000001, "gly_m": 2.6097216501, "citr_L_m": 0.655241394, "glyclt_x": 0.0019018398, "acnam_l": 0.0080664931, "creat_m": 0.3640341903, "tyr_L_l": 0.23372603460000002, "oxa_c": 139.3685257988, "Lcystin_c": 0.0255890552, "ivcrn_c": 0.0486456633, "dhap_x": 0.0232239128, "bz_r": 0.0220172372, "lneldc_e": 0.1348092281, "C02356_c": 0.449614609, "pchol_hs_c": 0.35201551630000005, "asn_L_c": 0.0382142938, "6pgc_c": 0.0340413969, "ser_L_x": 1.4256189341, "leu_L_m": 3.0078166427, "25hvitd3_c": 0.0111276797, "gcald_c": 0.46055293909999995, "glyald_m": 0.0092362337, "thm_e": 0.0048904729, "c8crn_x": 0.0035797558000000003, "pcollg5hlys_c": 0.068825959, "srb_L_c": 0.0158050998, "5htrp_e": 0.0140565857, "pmtcrn_m": 0.0095575171, "CE2537_c": 0.15233123710000002, "cyst_L_m": 0.0726219889, "3mob_c": 0.003950091, "ru5p_D_c": 0.0230235545, "cys_L_m": 0.0266368873, "2mcacn_c": 0.009787875500000001, "pro_D_l": 10.5169286404, "pser_L_c": 0.0095533898, "pac_m": 0.4342389475, "inost_r": 0.2427655773, "ttdca_e": 0.0500846247, "orn_m": 0.5938835319, "acrn_x": 0.0126312817, "ttdcea_c": 0.0176986428, "fru_e": 0.2839630589, "ura_c": 0.034549675099999996, "lac_D_c": 33.066591701, "glyc_c": 0.27083881, "ocdcea_r": 0.0016076851, "ttdcrn_c": 0.0079647011}