{"aact_m": 0.5969483486, "sphings_r": 0.0258799646, "val_L_e": 0.43583417700000004, "C10164_c": 0.0611500399, "HC02024_r": 0.059211568, "fum_m": 0.047217790999999995, "hdcea_e": 0.0143168338, "adrnl_e": 0.002013194, "cit_c": 0.5060095920000001, "4hpro_LT_r": 0.133399576, "chol_m": 0.09633555419999999, "4h2oglt_c": 0.053183737599999996, "C06199_l": 0.5508089252, "trp_L_c": 0.6798758001999999, "stcrn_m": 0.0259161769, "pyr_m": 0.0190812789, "carn_c": 0.1352758676, "chsterol_n": 0.8282837302, "lys_L_m": 1.2061965221, "g6p_r": 0.0716444772, "arg_L_e": 0.0622635728, "acgam_l": 0.0045392843, "c4crn_m": 0.020515621100000003, "C01601_c": 0.0189293988, "hom_L_e": 0.011680260800000002, "hxan_e": 0.08487216210000001, "lnlccrn_m": 0.0286768385, "im4ac_c": 0.0128218426, "urate_e": 0.2741669902, "g3p_c": 0.09155925820000001, "hdd2crn_c": 0.0079972137, "glu_L_r": 1.1544331285, "nac_c": 0.3043223314, "asp_D_e": 0.38512893509999996, "thrnt_c": 0.023101551600000002, "C01507_c": 0.0070652059, "12ppd_R_c": 0.5866295547, "5oxpro_e": 3.3610402928, "fuc_L_e": 0.006623303299999999, "arab_L_c": 0.011106536699999999, "vacccrn_m": 0.0490210653, "CE6205_c": 0.0134282203, "pram_c": 0.8236217140000001, "ipdp_c": 0.0052634313, "met_L_m": 0.27450238579999997, "ile_L_e": 0.0482984642, "hyptaur_c": 0.000429481, "rbt_e": 0.0245831996, "ocdca_c": 0.3108103787, "Lpipecol_x": 0.04253529019999999, "c10crn_e": 0.010627068, "dhdascb_c": 0.0120070481, "gal_c": 0.0140875957, "phe_L_l": 0.8208269656, "urea_m": 20.795724194, "glx_m": 0.016265467, "glc_D_c": 16.0703723544, "gln_L_e": 0.2105762124, "glcur_c": 0.0066259872, "crn_e": 0.0627045604, "c6crn_x": 0.0050962635999999995, "gua_e": 0.024096639500000003, "dchac_r": 0.10814088949999999, "4mop_c": 0.0218758882, "sarcs_m": 0.0347206101, "anth_e": 0.0076633962, "andrstndn_c": 0.0109067018, "1p2cbxl_x": 0.1851978295, "2coum_c": 0.029781916600000003, "thr_L_e": 0.9102300886, "bilirub_r": 0.0333751894, "5hoxindoa_c": 0.0127228851, "ddeccrn_m": 0.0095740651, "3mop_m": 0.1270278937, "xylt_e": 0.005884515, "sphs1p_e": 0.0374090629, "gudac_c": 0.0103493193, "succ_r": 0.060966241, "ala_D_c": 10.739519706, "prgstrn_e": 0.0041690804, "3hmp_m": 0.4699908185, "dmnoncrn_x": 0.0017397064, "oaa_x": 0.1216559694, "rib_D_c": 0.026647582799999996, "gly_m": 1.1774902761, "citr_L_m": 0.6648511944, "glyclt_x": 0.011811716399999998, "acnam_l": 0.0037561832000000002, "creat_m": 0.2457441534, "tyr_L_l": 0.22383985120000002, "oxa_c": 121.7393793744, "Lcystin_c": 0.0106356401, "ivcrn_c": 0.0160543373, "dhap_x": 0.0231633853, "bz_r": 0.0239572823, "lneldc_e": 0.1699693488, "C02356_c": 0.3562119568, "pchol_hs_c": 0.21399236289999998, "asn_L_c": 0.0218301801, "6pgc_c": 0.0386705756, "ser_L_x": 1.3723673197, "leu_L_m": 3.9930001101, "25hvitd3_c": 0.013623665, "gcald_c": 0.5936066434, "glyald_m": 0.0085883434, "thm_e": 0.0045518083, "c8crn_x": 0.0060924228, "pcollg5hlys_c": 0.0622737582, "srb_L_c": 0.0192757501, "5htrp_e": 0.0111495291, "pmtcrn_m": 0.0072392766, "CE2537_c": 0.0784943672, "cyst_L_m": 0.0218238769, "3mob_c": 0.0025994925, "ru5p_D_c": 0.014323333600000002, "cys_L_m": 0.0202138306, "2mcacn_c": 0.0120006622, "pro_D_l": 6.7950999252, "pser_L_c": 0.0098131708, "pac_m": 0.4618454321, "inost_r": 0.23882453550000002, "ttdca_e": 0.0411050709, "orn_m": 0.6265241604, "acrn_x": 0.013426576599999998, "ttdcea_c": 0.0206391417, "fru_e": 0.1509322816, "ura_c": 0.0293763706, "lac_D_c": 147.729168149, "glyc_c": 0.1602652468, "ocdcea_r": 0.0026532560999999997, "ttdcrn_c": 0.0087065592}