{"aact_m": 0.9808039121, "sphings_r": 0.0298424875, "val_L_e": 0.3502986212, "C10164_c": 0.0655507935, "HC02024_r": 0.0890976697, "fum_m": 0.0405598884, "hdcea_e": 0.0439333384, "adrnl_e": 0.0005661744, "cit_c": 0.8307122686, "4hpro_LT_r": 0.12194305679999999, "chol_m": 0.0518055311, "4h2oglt_c": 0.043646457, "C06199_l": 0.3017387949, "trp_L_c": 0.5981899571, "stcrn_m": 0.112707715, "pyr_m": 0.8714537447, "carn_c": 0.15517877619999998, "chsterol_n": 1.7820374905, "lys_L_m": 1.1018483592000001, "g6p_r": 0.0609904258, "arg_L_e": 0.0384471686, "acgam_l": 0.0056048675, "c4crn_m": 2.86524833697234e-05, "C01601_c": 0.0239134979, "hom_L_e": 0.003974612299999999, "hxan_e": 0.049628751299999996, "lnlccrn_m": 0.1780172805, "im4ac_c": 0.0244187974, "urate_e": 0.6180392054, "g3p_c": 0.0773944923, "hdd2crn_c": 0.059236816, "glu_L_r": 0.1388667406, "nac_c": 0.502514875, "asp_D_e": 0.044495685800000004, "thrnt_c": 0.043791775, "C01507_c": 0.0071392634, "12ppd_R_c": 0.5982850061, "5oxpro_e": 1.3938393237, "fuc_L_e": 0.0091069359, "arab_L_c": 0.0090963892, "vacccrn_m": 0.2881806167, "CE6205_c": 0.027292494599999998, "pram_c": 0.0, "ipdp_c": 0.0045337510999999995, "met_L_m": 0.1534032041, "ile_L_e": 0.0328005217, "hyptaur_c": 0.0061963048, "rbt_e": 0.0330384335, "ocdca_c": 0.5649480545000001, "Lpipecol_x": 0.0384181249, "c10crn_e": 0.1772754408, "dhdascb_c": 0.0140571699, "gal_c": 0.026910849700000003, "phe_L_l": 0.5720971358, "urea_m": 30.4508363052, "glx_m": 0.046609862300000006, "glc_D_c": 22.3781111011, "gln_L_e": 0.2764601259, "glcur_c": 0.0062218468999999995, "crn_e": 0.019938112, "c6crn_x": 0.0243090776, "gua_e": 0.012698596299999998, "dchac_r": 0.0855550316, "4mop_c": 0.0453420731, "sarcs_m": 0.11259587720000001, "anth_e": 0.007973026, "andrstndn_c": 0.0139642442, "1p2cbxl_x": 0.212636365, "2coum_c": 0.0161726379, "thr_L_e": 0.5345853359, "bilirub_r": 0.0394984678, "5hoxindoa_c": 0.0127115071, "ddeccrn_m": 0.0720885453, "3mop_m": 0.0505805539, "xylt_e": 0.0063478763, "sphs1p_e": 0.0710194784, "gudac_c": 0.0121773054, "succ_r": 0.025280358500000003, "ala_D_c": 7.3737900083, "prgstrn_e": 0.021493972400000002, "3hmp_m": 1.561255399, "dmnoncrn_x": 0.010208673199999999, "oaa_x": 0.117582721, "rib_D_c": 0.0481380471, "gly_m": 3.2041988812, "citr_L_m": 0.6495863853, "glyclt_x": 0.0084548812, "acnam_l": 0.0077775617, "creat_m": 0.2257535157, "tyr_L_l": 0.1233776459, "oxa_c": 109.6429649016, "Lcystin_c": 0.0974383357, "ivcrn_c": 0.0384371139, "dhap_x": 0.024417946099999997, "bz_r": 0.0013725495000000002, "lneldc_e": 0.13329510349999998, "C02356_c": 0.5429165844, "pchol_hs_c": 0.09746414140000001, "asn_L_c": 0.0767627063, "6pgc_c": 0.0346216331, "ser_L_x": 0.9896906914, "leu_L_m": 2.6435360966999997, "25hvitd3_c": 0.041345723, "gcald_c": 0.5667084008, "glyald_m": 0.0084277718, "thm_e": 0.0027996214, "c8crn_x": 0.059141644400000005, "pcollg5hlys_c": 0.08689088240000001, "srb_L_c": 0.0123287853, "5htrp_e": 0.0133935506, "pmtcrn_m": 0.0101918163, "CE2537_c": 0.14326252550000002, "cyst_L_m": 0.0677643851, "3mob_c": 0.0079357642, "ru5p_D_c": 0.0173309451, "cys_L_m": 0.1144504702, "2mcacn_c": 0.0079034091, "pro_D_l": 4.109621747, "pser_L_c": 0.0094214573, "pac_m": 0.46195138539999997, "inost_r": 0.2474640238, "ttdca_e": 0.0916587298, "orn_m": 1.2096909899, "acrn_x": 0.011770323999999999, "ttdcea_c": 0.0085212323, "fru_e": 0.053224604, "ura_c": 0.037013185899999995, "lac_D_c": 33.9703308648, "glyc_c": 0.3395469963, "ocdcea_r": 0.0122385778, "ttdcrn_c": 0.0348237474}