{"aact_m": 0.5421814199, "sphings_r": 0.021328457000000002, "val_L_e": 0.46213055, "C10164_c": 0.08900208289999999, "HC02024_r": 0.0767005815, "fum_m": 0.0570280165, "hdcea_e": 0.0081557585, "adrnl_e": 0.0004550381, "cit_c": 0.9640337122, "4hpro_LT_r": 0.11045535029999999, "chol_m": 0.031142204, "4h2oglt_c": 0.0388989513, "C06199_l": 0.4663513104, "trp_L_c": 0.7909974086, "stcrn_m": 0.0274694131, "pyr_m": 1.5702973021000002, "carn_c": 0.2201332245, "chsterol_n": 1.7318867742, "lys_L_m": 0.6128125042, "g6p_r": 0.0700025834, "arg_L_e": 0.0363944285, "acgam_l": 0.0056321934999999995, "c4crn_m": 0.0002971609, "C01601_c": 0.013938735800000001, "hom_L_e": 0.0078540342, "hxan_e": 0.0160933971, "lnlccrn_m": 0.0477078605, "im4ac_c": 0.024128886800000002, "urate_e": 1.2536696549, "g3p_c": 0.0, "hdd2crn_c": 0.0100991727, "glu_L_r": 0.18105996989999998, "nac_c": 0.24100590649999998, "asp_D_e": 0.043597815, "thrnt_c": 0.0512458725, "C01507_c": 0.0930986916, "12ppd_R_c": 0.6298987937, "5oxpro_e": 1.5489773984, "fuc_L_e": 0.01046749, "arab_L_c": 0.0174420371, "vacccrn_m": 0.059754187599999994, "CE6205_c": 0.026135919, "pram_c": 0.6476756770000001, "ipdp_c": 0.0030371591, "met_L_m": 0.21101831219999997, "ile_L_e": 0.0451784567, "hyptaur_c": 0.0022884691, "rbt_e": 0.0407960801, "ocdca_c": 0.2453700563, "Lpipecol_x": 0.1330653897, "c10crn_e": 0.027383892000000003, "dhdascb_c": 0.0158262294, "gal_c": 0.033762852999999995, "phe_L_l": 0.7424384973999999, "urea_m": 27.545597037100002, "glx_m": 0.06848864910000001, "glc_D_c": 34.2318312796, "gln_L_e": 0.266168106, "glcur_c": 0.0104938519, "crn_e": 0.0389409224, "c6crn_x": 0.0082535597, "gua_e": 0.0159132481, "dchac_r": 0.043356070999999996, "4mop_c": 0.0894977085, "sarcs_m": 0.1341377298, "anth_e": 0.0083316629, "andrstndn_c": 0.025947626499999998, "1p2cbxl_x": 0.22165060039999998, "2coum_c": 0.0242480147, "thr_L_e": 0.6004611407, "bilirub_r": 0.0451768608, "5hoxindoa_c": 0.0105990267, "ddeccrn_m": 0.0209061613, "3mop_m": 0.0766860338, "xylt_e": 0.0070497168, "sphs1p_e": 0.020781337, "gudac_c": 0.0116961426, "succ_r": 0.0609951291, "ala_D_c": 11.479984873900001, "prgstrn_e": 0.0033679959000000002, "3hmp_m": 1.0808834337, "dmnoncrn_x": 0.0036613169, "oaa_x": 0.1096511632, "rib_D_c": 0.10202580789999999, "gly_m": 1.2831076203, "citr_L_m": 0.6699661183, "glyclt_x": 0.0078402217, "acnam_l": 0.0068871062, "creat_m": 0.21015384329999998, "tyr_L_l": 0.1771370907, "oxa_c": 124.46199269540001, "Lcystin_c": 0.0389956405, "ivcrn_c": 0.054608633200000006, "dhap_x": 0.023045825099999997, "bz_r": 0.0204441372, "lneldc_e": 0.0114591106, "C02356_c": 0.3851975003, "pchol_hs_c": 0.0705871105, "asn_L_c": 0.06444720150000001, "6pgc_c": 0.031024222599999998, "ser_L_x": 0.6379753778, "leu_L_m": 3.7695421702, "25hvitd3_c": 0.0141016283, "gcald_c": 0.49177445979999995, "glyald_m": 0.0088429073, "thm_e": 0.0026912021, "c8crn_x": 0.013738245, "pcollg5hlys_c": 0.0749648495, "srb_L_c": 0.0905022829, "5htrp_e": 0.0226395777, "pmtcrn_m": 0.019517163400000002, "CE2537_c": 0.19342662719999998, "cyst_L_m": 0.0592868071, "3mob_c": 0.0144303708, "ru5p_D_c": 0.0087058537, "cys_L_m": 0.0671982793, "2mcacn_c": 0.008023772299999999, "pro_D_l": 7.856232249800001, "pser_L_c": 0.008888595899999999, "pac_m": 0.43316412060000004, "inost_r": 0.34083973479999996, "ttdca_e": 0.0265108186, "orn_m": 0.4766319452, "acrn_x": 0.009970007099999999, "ttdcea_c": 0.013377263300000001, "fru_e": 0.30368090579999996, "ura_c": 0.0428060322, "lac_D_c": 64.3273946013, "glyc_c": 0.2113354589, "ocdcea_r": 0.0013627669, "ttdcrn_c": 0.0130364492}