{"aact_m": 0.413846096, "sphings_r": 0.015189899299999999, "val_L_e": 0.7260848945999999, "C10164_c": 0.0953934284, "HC02024_r": 0.078149909, "fum_m": 0.0551372647, "hdcea_e": 0.0064749646999999995, "adrnl_e": 0.0007000267999999999, "cit_c": 1.2896962952, "4hpro_LT_r": 0.1084324044, "chol_m": 0.0265281027, "4h2oglt_c": 0.0357066647, "C06199_l": 0.3397515478, "trp_L_c": 0.6519526818, "stcrn_m": 0.0548172697, "pyr_m": 1.2524398881999999, "carn_c": 0.2130608042, "chsterol_n": 1.1311749322, "lys_L_m": 0.8765070395000001, "g6p_r": 0.1144369123, "arg_L_e": 0.05901633269999999, "acgam_l": 0.0058225375, "c4crn_m": 0.032034622799999996, "C01601_c": 0.0095045745, "hom_L_e": 0.0035599896, "hxan_e": 0.0382125692, "lnlccrn_m": 0.11879012929999999, "im4ac_c": 0.0349543302, "urate_e": 0.4013994234, "g3p_c": 0.025019542999999998, "hdd2crn_c": 0.0288137558, "glu_L_r": 0.06760054900000001, "nac_c": 0.1738896594, "asp_D_e": 0.040744897, "thrnt_c": 0.053877163, "C01507_c": 0.0176740159, "12ppd_R_c": 0.5025049181, "5oxpro_e": 1.2609217355, "fuc_L_e": 0.0113407734, "arab_L_c": 0.0035955584999999997, "vacccrn_m": 0.1912286473, "CE6205_c": 0.0117689857, "pram_c": 0.634745923, "ipdp_c": 0.0031721882, "met_L_m": 0.1651632978, "ile_L_e": 0.0325147106, "hyptaur_c": 0.0090387147, "rbt_e": 0.0393692311, "ocdca_c": 0.20705652260000001, "Lpipecol_x": 0.0365933295, "c10crn_e": 0.0803164701, "dhdascb_c": 0.02274194, "gal_c": 0.0311057642, "phe_L_l": 0.5289136424, "urea_m": 21.480408888699998, "glx_m": 0.0399174763, "glc_D_c": 28.0525192202, "gln_L_e": 0.3684149922, "glcur_c": 0.010072751500000001, "crn_e": 0.0697984513, "c6crn_x": 0.0141657051, "gua_e": 0.0154041367, "dchac_r": 0.057866386299999996, "4mop_c": 0.056758078499999996, "sarcs_m": 0.11172195380000001, "anth_e": 0.0097506483, "andrstndn_c": 0.0222274386, "1p2cbxl_x": 0.29051852559999997, "2coum_c": 0.0181196084, "thr_L_e": 0.6041784179999999, "bilirub_r": 0.0601974254, "5hoxindoa_c": 0.0099407053, "ddeccrn_m": 0.042603343700000004, "3mop_m": 0.1024864196, "xylt_e": 0.0011066160000000002, "sphs1p_e": 0.045852495199999996, "gudac_c": 0.0107957427, "succ_r": 0.061946315599999996, "ala_D_c": 9.8062293231, "prgstrn_e": 0.0159600738, "3hmp_m": 0.31775946050000003, "dmnoncrn_x": 0.00973941, "oaa_x": 0.1091028242, "rib_D_c": 0.062032496900000005, "gly_m": 1.6026565667, "citr_L_m": 0.7138216078, "glyclt_x": 0.0106948748, "acnam_l": 0.0120061481, "creat_m": 0.20615448239999998, "tyr_L_l": 0.12822975009999998, "oxa_c": 141.7066300526, "Lcystin_c": 0.082968865, "ivcrn_c": 0.0232086481, "dhap_x": 0.023524984500000002, "bz_r": 0.019452498000000002, "lneldc_e": 0.0207654432, "C02356_c": 0.4191635945, "pchol_hs_c": 0.0711359651, "asn_L_c": 0.09876873109999999, "6pgc_c": 0.0286028314, "ser_L_x": 1.0152941855, "leu_L_m": 2.261146526, "25hvitd3_c": 0.022869653700000003, "gcald_c": 0.5275027907000001, "glyald_m": 0.008158199, "thm_e": 0.0181576186, "c8crn_x": 0.0253638827, "pcollg5hlys_c": 0.0925052164, "srb_L_c": 0.0117486829, "5htrp_e": 0.022684166600000003, "pmtcrn_m": 0.0058785426, "CE2537_c": 0.1892966473, "cyst_L_m": 0.0834917817, "3mob_c": 0.008503563399999999, "ru5p_D_c": 0.0095223101, "cys_L_m": 0.0917768683, "2mcacn_c": 0.0072858426, "pro_D_l": 4.6531358613, "pser_L_c": 0.0103818491, "pac_m": 0.4385686229, "inost_r": 0.3335407207, "ttdca_e": 0.025739014700000003, "orn_m": 1.0007010277, "acrn_x": 0.0108726194, "ttdcea_c": 0.0187496992, "fru_e": 0.3115109839, "ura_c": 0.0634851789, "lac_D_c": 52.379439779399995, "glyc_c": 0.1208781822, "ocdcea_r": 0.0023093741, "ttdcrn_c": 0.0180864832}