{"aact_m": 0.3123270309, "sphings_r": 0.0403100983, "val_L_e": 0.4340942942, "C10164_c": 0.0573845833, "HC02024_r": 0.08981459369999999, "fum_m": 0.040138577, "hdcea_e": 0.008349175, "adrnl_e": 0.00024553490000000003, "cit_c": 0.7303458347, "4hpro_LT_r": 0.12825417779999998, "chol_m": 0.11685136410000001, "4h2oglt_c": 0.031791042, "C06199_l": 0.549138198, "trp_L_c": 1.1281797782, "stcrn_m": 0.083798184, "pyr_m": 0.7353565545999999, "carn_c": 0.2266975436, "chsterol_n": 1.7058396972999998, "lys_L_m": 1.0630932120999999, "g6p_r": 0.0728738558, "arg_L_e": 0.1334890694, "acgam_l": 0.005635605300000001, "c4crn_m": 0.0, "C01601_c": 0.0212333413, "hom_L_e": 0.0119018463, "hxan_e": 0.0185004367, "lnlccrn_m": 0.0774384207, "im4ac_c": 0.024556095, "urate_e": 0.34022562990000005, "g3p_c": 0.0720477307, "hdd2crn_c": 0.021581147599999996, "glu_L_r": 0.0878816241, "nac_c": 0.448622641, "asp_D_e": 0.043203893300000004, "thrnt_c": 0.056397135099999995, "C01507_c": 0.0112379829, "12ppd_R_c": 0.4987567734, "5oxpro_e": 1.068700143, "fuc_L_e": 0.0084980761, "arab_L_c": 0.011379535900000001, "vacccrn_m": 0.1803177895, "CE6205_c": 0.0073268546, "pram_c": 0.0, "ipdp_c": 0.004685839099999999, "met_L_m": 0.36998596520000004, "ile_L_e": 0.0392766863, "hyptaur_c": 0.0126852724, "rbt_e": 0.0531199172, "ocdca_c": 0.3244725037, "Lpipecol_x": 0.3163569166, "c10crn_e": 0.0470822236, "dhdascb_c": 0.012932836999999999, "gal_c": 0.0184409821, "phe_L_l": 0.9824848432, "urea_m": 31.563589454000002, "glx_m": 0.09502616130000001, "glc_D_c": 49.299874904, "gln_L_e": 0.3125120619, "glcur_c": 0.0047104201, "crn_e": 0.0125431521, "c6crn_x": 0.0077761916, "gua_e": 0.0297293181, "dchac_r": 0.11058373960000001, "4mop_c": 0.0993051831, "sarcs_m": 0.09924402019999999, "anth_e": 0.0014248716, "andrstndn_c": 0.0102895743, "1p2cbxl_x": 0.27893188760000004, "2coum_c": 0.0424683746, "thr_L_e": 1.0972734813, "bilirub_r": 0.029996471400000002, "5hoxindoa_c": 0.010853681799999999, "ddeccrn_m": 0.0368247144, "3mop_m": 0.09834314470000001, "xylt_e": 0.006517290899999999, "sphs1p_e": 0.0741773759, "gudac_c": 0.0102424897, "succ_r": 0.024541521400000002, "ala_D_c": 21.6878161464, "prgstrn_e": 0.0091016566, "3hmp_m": 1.657693441, "dmnoncrn_x": 0.0106651521, "oaa_x": 0.09873456550000001, "rib_D_c": 0.0657223336, "gly_m": 2.563064946, "citr_L_m": 0.6787418955, "glyclt_x": 0.0014353067000000001, "acnam_l": 0.0142236783, "creat_m": 0.3682370537, "tyr_L_l": 0.315843437, "oxa_c": 29.8726608609, "Lcystin_c": 0.048861273600000005, "ivcrn_c": 0.008336939, "dhap_x": 0.0261570872, "bz_r": 0.0015042478, "lneldc_e": 0.0630974271, "C02356_c": 0.8231465768999999, "pchol_hs_c": 0.0481618007, "asn_L_c": 0.150790607, "6pgc_c": 0.0211785637, "ser_L_x": 1.2743448944, "leu_L_m": 4.9623342173000005, "25hvitd3_c": 0.0382569073, "gcald_c": 0.6318831344, "glyald_m": 0.0057931451, "thm_e": 0.0079923038, "c8crn_x": 0.016465037, "pcollg5hlys_c": 0.0862259922, "srb_L_c": 0.014895585800000001, "5htrp_e": 0.016035144299999998, "pmtcrn_m": 0.0021320241, "CE2537_c": 0.1886417472, "cyst_L_m": 0.033974454700000004, "3mob_c": 0.009442588, "ru5p_D_c": 0.0152341328, "cys_L_m": 0.1221076264, "2mcacn_c": 0.008002936, "pro_D_l": 11.742353384500001, "pser_L_c": 0.0093563142, "pac_m": 0.3940098969, "inost_r": 0.29193801760000004, "ttdca_e": 0.035844348, "orn_m": 0.7145171820999999, "acrn_x": 0.011991555800000001, "ttdcea_c": 0.018176048, "fru_e": 0.057850022699999996, "ura_c": 0.0353982897, "lac_D_c": 50.304522453800004, "glyc_c": 0.2755859762, "ocdcea_r": 0.0014442497000000001, "ttdcrn_c": 0.0279303967}