{"aact_m": 0.5513215553, "sphings_r": 0.036810528599999996, "val_L_e": 0.3837162796, "C10164_c": 0.054393886399999994, "HC02024_r": 0.125582791, "fum_m": 0.0418417657, "hdcea_e": 0.0161775337, "adrnl_e": 0.0007022275, "cit_c": 0.6267400695, "4hpro_LT_r": 0.1211830892, "chol_m": 0.0636254622, "4h2oglt_c": 0.0385492923, "C06199_l": 0.29768768510000004, "trp_L_c": 0.7214411784, "stcrn_m": 0.0571538421, "pyr_m": 0.5926183087, "carn_c": 0.1604457534, "chsterol_n": 1.1039877854, "lys_L_m": 0.7097501409999999, "g6p_r": 0.0834042465, "arg_L_e": 0.0728600747, "acgam_l": 0.0041323476, "c4crn_m": 0.0151560207, "C01601_c": 0.028736461, "hom_L_e": 0.0045700673, "hxan_e": 0.0134793949, "lnlccrn_m": 0.0978659132, "im4ac_c": 0.0226649537, "urate_e": 0.2717171118, "g3p_c": 0.0689394544, "hdd2crn_c": 0.0180489145, "glu_L_r": 0.0516183278, "nac_c": 0.2785061849, "asp_D_e": 0.0296886177, "thrnt_c": 0.0323938242, "C01507_c": 0.001116745, "12ppd_R_c": 0.4820510475, "5oxpro_e": 0.9761398917, "fuc_L_e": 0.0084996294, "arab_L_c": 0.007507961, "vacccrn_m": 0.154458441, "CE6205_c": 0.0267956752, "pram_c": 0.0, "ipdp_c": 0.0046587148, "met_L_m": 0.2100573675, "ile_L_e": 0.026674328599999998, "hyptaur_c": 0.011871774199999999, "rbt_e": 0.025874070099999997, "ocdca_c": 0.5316828275, "Lpipecol_x": 0.1671265695, "c10crn_e": 0.12371544550000001, "dhdascb_c": 0.0139971985, "gal_c": 0.0388428928, "phe_L_l": 0.5089596472, "urea_m": 9.1660062726, "glx_m": 0.0333201509, "glc_D_c": 0.8732309797, "gln_L_e": 0.3489041154, "glcur_c": 0.0037934546, "crn_e": 0.0944801182, "c6crn_x": 0.0108605077, "gua_e": 0.0165210796, "dchac_r": 0.0993041823, "4mop_c": 0.0631472225, "sarcs_m": 0.0872726488, "anth_e": 0.0090223266, "andrstndn_c": 0.0124200924, "1p2cbxl_x": 0.23930945850000002, "2coum_c": 0.0238091793, "thr_L_e": 0.67846113, "bilirub_r": 0.0181120261, "5hoxindoa_c": 0.0107511206, "ddeccrn_m": 0.048782130800000004, "3mop_m": 0.1131257325, "xylt_e": 0.0041544235, "sphs1p_e": 0.0433364272, "gudac_c": 0.0100926031, "succ_r": 0.0302199143, "ala_D_c": 10.4717508574, "prgstrn_e": 0.014714685600000001, "3hmp_m": 0.9118110832999999, "dmnoncrn_x": 0.007290901800000001, "oaa_x": 0.1048678497, "rib_D_c": 0.0437868752, "gly_m": 1.898089726, "citr_L_m": 0.7214230134999999, "glyclt_x": 0.014713016, "acnam_l": 0.0093272059, "creat_m": 0.2073586516, "tyr_L_l": 0.1699693023, "oxa_c": 107.3826787789, "Lcystin_c": 0.0573002138, "ivcrn_c": 0.0260462798, "dhap_x": 0.022399894, "bz_r": 0.0194239309, "lneldc_e": 0.050521255999999994, "C02356_c": 0.30477654390000003, "pchol_hs_c": 0.0810635837, "asn_L_c": 0.0810572304, "6pgc_c": 0.030588735899999997, "ser_L_x": 1.3685057016, "leu_L_m": 2.4951725203999997, "25hvitd3_c": 0.014587348600000001, "gcald_c": 0.40444077590000005, "glyald_m": 0.0088045377, "thm_e": 0.0018506159, "c8crn_x": 0.0399590275, "pcollg5hlys_c": 0.06968394280000001, "srb_L_c": 0.0116880788, "5htrp_e": 0.008466645, "pmtcrn_m": 0.0084303249, "CE2537_c": 0.1221445532, "cyst_L_m": 0.1426433635, "3mob_c": 0.0093954922, "ru5p_D_c": 0.0135692643, "cys_L_m": 0.1016840619, "2mcacn_c": 0.007945964, "pro_D_l": 4.7875846561, "pser_L_c": 0.0094784867, "pac_m": 0.4322112906, "inost_r": 0.21822414850000002, "ttdca_e": 0.052205424, "orn_m": 0.6369365193, "acrn_x": 0.0134639049, "ttdcea_c": 0.0125091292, "fru_e": 0.0315845315, "ura_c": 0.0379277047, "lac_D_c": 29.6827873215, "glyc_c": 0.2652236328, "ocdcea_r": 0.0066713652, "ttdcrn_c": 0.0131277097}