{"aact_m": 1.2231898082, "sphings_r": 0.027942253900000002, "val_L_e": 0.48783686200000004, "C10164_c": 0.051082990599999996, "HC02024_r": 0.1043523747, "fum_m": 0.0284134823, "hdcea_e": 0.0210978919, "adrnl_e": 0.0005669441, "cit_c": 0.7149058012, "4hpro_LT_r": 0.1250307951, "chol_m": 0.046057634800000004, "4h2oglt_c": 0.0382171803, "C06199_l": 0.4433830304, "trp_L_c": 0.5969679767, "stcrn_m": 0.051709698899999997, "pyr_m": 0.8179671014, "carn_c": 0.1371746434, "chsterol_n": 1.3615733489, "lys_L_m": 1.3115481503, "g6p_r": 0.0374258139, "arg_L_e": 0.0614047016, "acgam_l": 0.007054004599999999, "c4crn_m": 0.0202382733, "C01601_c": 0.032349532599999994, "hom_L_e": 0.0025489319, "hxan_e": 0.0211984916, "lnlccrn_m": 0.09116393099999999, "im4ac_c": 0.0127063408, "urate_e": 0.284661353, "g3p_c": 0.0537174681, "hdd2crn_c": 0.0189106615, "glu_L_r": 0.0755436273, "nac_c": 0.29782299149999997, "asp_D_e": 0.0343598285, "thrnt_c": 0.024514173599999998, "C01507_c": 0.011821831599999999, "12ppd_R_c": 0.4468862325, "5oxpro_e": 1.1244405395000001, "fuc_L_e": 0.0095398401, "arab_L_c": 0.0079684989, "vacccrn_m": 0.1204928183, "CE6205_c": 0.0540923827, "pram_c": 0.6200746904, "ipdp_c": 0.0053150744, "met_L_m": 0.2050823664, "ile_L_e": 0.029493347200000002, "hyptaur_c": 0.006969275, "rbt_e": 0.0341004139, "ocdca_c": 0.5283935356, "Lpipecol_x": 0.0278660365, "c10crn_e": 0.16256467460000001, "dhdascb_c": 0.0177613169, "gal_c": 0.0383452218, "phe_L_l": 0.6897871954000001, "urea_m": 26.7418194792, "glx_m": 0.0292279496, "glc_D_c": 19.0880709675, "gln_L_e": 0.3352559594, "glcur_c": 0.0048545546, "crn_e": 0.013081682399999999, "c6crn_x": 0.016146648, "gua_e": 0.0152703002, "dchac_r": 0.1120563915, "4mop_c": 0.06348744519999999, "sarcs_m": 0.1936400113, "anth_e": 0.0110096771, "andrstndn_c": 0.0163260155, "1p2cbxl_x": 0.2718662335, "2coum_c": 0.0214471915, "thr_L_e": 0.7697735013, "bilirub_r": 0.125392025, "5hoxindoa_c": 0.0112162997, "ddeccrn_m": 0.0402662502, "3mop_m": 0.1065448617, "xylt_e": 0.0077742183999999995, "sphs1p_e": 0.0510736713, "gudac_c": 0.010609440800000002, "succ_r": 0.0167597481, "ala_D_c": 10.679661011799999, "prgstrn_e": 0.0174181368, "3hmp_m": 0.6208841417000001, "dmnoncrn_x": 0.0112320506, "oaa_x": 0.0917351817, "rib_D_c": 0.0514253856, "gly_m": 1.7479135819, "citr_L_m": 0.7374346937, "glyclt_x": 0.014409828000000001, "acnam_l": 0.0130521508, "creat_m": 0.38952241270000004, "tyr_L_l": 0.1660404633, "oxa_c": 127.78766935670001, "Lcystin_c": 0.0837786666, "ivcrn_c": 0.06096395, "dhap_x": 0.0247711831, "bz_r": 0.023741057799999996, "lneldc_e": 0.14358242, "C02356_c": 0.39925951880000005, "pchol_hs_c": 0.3608103643, "asn_L_c": 0.08066381980000001, "6pgc_c": 0.029242489, "ser_L_x": 0.8646359593999999, "leu_L_m": 3.3022829126, "25hvitd3_c": 0.023119382200000003, "gcald_c": 0.739977585, "glyald_m": 0.0095770975, "thm_e": 0.0046196426, "c8crn_x": 0.0547135801, "pcollg5hlys_c": 0.0805550771, "srb_L_c": 0.0155170703, "5htrp_e": 0.0111376699, "pmtcrn_m": 0.008854148000000001, "CE2537_c": 0.14368269720000001, "cyst_L_m": 0.0487827761, "3mob_c": 0.0102514402, "ru5p_D_c": 0.0146946849, "cys_L_m": 0.12512523220000002, "2mcacn_c": 0.0087661862, "pro_D_l": 3.3283412426999996, "pser_L_c": 0.0099050418, "pac_m": 0.46346475340000004, "inost_r": 0.2154013434, "ttdca_e": 0.0784885214, "orn_m": 0.7079643094, "acrn_x": 0.0062867873999999995, "ttdcea_c": 0.014248674499999999, "fru_e": 0.0495588929, "ura_c": 0.048477124100000005, "lac_D_c": 29.304183062899998, "glyc_c": 0.3759858331, "ocdcea_r": 0.0083820287, "ttdcrn_c": 0.016054681799999998}