{"aact_m": 0.5044353532, "sphings_r": 0.0182931244, "val_L_e": 0.5158646627000001, "C10164_c": 0.0630764741, "HC02024_r": 0.07300039950000001, "fum_m": 0.0430052893, "hdcea_e": 0.0448256275, "adrnl_e": 0.0025895207, "cit_c": 0.6098969728, "4hpro_LT_r": 0.1066774044, "chol_m": 0.050507390199999995, "4h2oglt_c": 0.0542558957, "C06199_l": 0.3328089909, "trp_L_c": 0.7278439538, "stcrn_m": 0.0310377416, "pyr_m": 0.6331830393, "carn_c": 0.2464149482, "chsterol_n": 1.1221868941, "lys_L_m": 1.1635888753, "g6p_r": 0.0488641744, "arg_L_e": 0.0507369845, "acgam_l": 0.004271467, "c4crn_m": 0.0303319403, "C01601_c": 0.0105969159, "hom_L_e": 0.0249361552, "hxan_e": 0.0118216065, "lnlccrn_m": 0.0410902179, "im4ac_c": 0.0206547373, "urate_e": 0.5258192598, "g3p_c": 0.051593682800000006, "hdd2crn_c": 0.0159861521, "glu_L_r": 1.0578564984, "nac_c": 0.17816803469999998, "asp_D_e": 0.1847179306, "thrnt_c": 0.0316555411, "C01507_c": 0.0059250569, "12ppd_R_c": 0.4042029705, "5oxpro_e": 3.0490692972000004, "fuc_L_e": 0.0115852503, "arab_L_c": 0.0140717583, "vacccrn_m": 0.0798002574, "CE6205_c": 0.0293987584, "pram_c": 0.5939780189, "ipdp_c": 0.0032245621000000003, "met_L_m": 0.2140893966, "ile_L_e": 0.1055871811, "hyptaur_c": 0.0006330764, "rbt_e": 0.0337409579, "ocdca_c": 0.9960458373000001, "Lpipecol_x": 0.0335654726, "c10crn_e": 0.0775551979, "dhdascb_c": 0.0122894809, "gal_c": 0.0414662898, "phe_L_l": 0.5752066574, "urea_m": 25.4019920096, "glx_m": 0.0415405961, "glc_D_c": 43.1348248193, "gln_L_e": 0.1782759477, "glcur_c": 0.0094132299, "crn_e": 0.0283898791, "c6crn_x": 0.0169421899, "gua_e": 0.016494613999999998, "dchac_r": 0.0417467425, "4mop_c": 0.0750809288, "sarcs_m": 0.0586651301, "anth_e": 0.0107735231, "andrstndn_c": 0.0365142087, "1p2cbxl_x": 0.3035699347, "2coum_c": 0.0223155294, "thr_L_e": 1.1182316255, "bilirub_r": 0.0166642438, "5hoxindoa_c": 0.0108944466, "ddeccrn_m": 0.0484537668, "3mop_m": 0.031496741, "xylt_e": 0.0065473098, "sphs1p_e": 0.015264181299999999, "gudac_c": 0.0113838817, "succ_r": 0.0511832245, "ala_D_c": 13.4937604884, "prgstrn_e": 0.0038792264, "3hmp_m": 1.8275255346000001, "dmnoncrn_x": 0.0028645047999999998, "oaa_x": 0.1375484025, "rib_D_c": 0.11377848460000001, "gly_m": 2.3732081079, "citr_L_m": 0.6521927068, "glyclt_x": 0.00626252, "acnam_l": 0.0048553256, "creat_m": 0.0547497783, "tyr_L_l": 0.1548809156, "oxa_c": 145.2373206622, "Lcystin_c": 0.024676832000000003, "ivcrn_c": 0.06063756309999999, "dhap_x": 0.0222841071, "bz_r": 0.016318781799999998, "lneldc_e": 0.0149663349, "C02356_c": 0.9260458935, "pchol_hs_c": 0.3785999744, "asn_L_c": 0.0303167853, "6pgc_c": 0.045758155700000004, "ser_L_x": 1.199288259, "leu_L_m": 3.5528885124, "25hvitd3_c": 0.0171773154, "gcald_c": 0.49027663579999997, "glyald_m": 0.0117771294, "thm_e": 0.0017582995999999998, "c8crn_x": 0.0317192744, "pcollg5hlys_c": 0.0843433273, "srb_L_c": 0.0243543717, "5htrp_e": 0.0135467522, "pmtcrn_m": 0.021574141, "CE2537_c": 0.3672634718, "cyst_L_m": 0.1180761359, "3mob_c": 0.014943513799999999, "ru5p_D_c": 0.0399419976, "cys_L_m": 0.0289227914, "2mcacn_c": 0.0082644594, "pro_D_l": 9.4011421297, "pser_L_c": 0.0089876523, "pac_m": 0.4772517037, "inost_r": 0.2826501301, "ttdca_e": 0.10804750029999999, "orn_m": 0.6020658515999999, "acrn_x": 0.0120765231, "ttdcea_c": 0.013738693, "fru_e": 0.0274695417, "ura_c": 0.031557581, "lac_D_c": 108.3108016235, "glyc_c": 0.6727256025, "ocdcea_r": 0.018457695700000002, "ttdcrn_c": 0.0161569955}