{"aact_m": 0.34616821509999995, "sphings_r": 0.0194426823, "val_L_e": 0.398861257, "C10164_c": 0.056200235700000004, "HC02024_r": 0.0775444538, "fum_m": 0.044293457599999995, "hdcea_e": 0.0082675274, "adrnl_e": 0.0079633749, "cit_c": 0.9839530393000001, "4hpro_LT_r": 0.0963093909, "chol_m": 0.0846629923, "4h2oglt_c": 0.0370714473, "C06199_l": 0.4268972022, "trp_L_c": 0.8215409995, "stcrn_m": 0.0323420765, "pyr_m": 0.6991361513, "carn_c": 0.165550199, "chsterol_n": 1.4687511944, "lys_L_m": 0.7916451263, "g6p_r": 0.0686439216, "arg_L_e": 0.08842251710000001, "acgam_l": 0.0050916269, "c4crn_m": 0.0250783585, "C01601_c": 0.014952720400000001, "hom_L_e": 0.0091171708, "hxan_e": 0.010841918400000001, "lnlccrn_m": 0.051484651299999996, "im4ac_c": 0.030153222099999998, "urate_e": 0.4240331851, "g3p_c": 0.042889431799999995, "hdd2crn_c": 0.011758569699999999, "glu_L_r": 0.10991250080000001, "nac_c": 0.166430353, "asp_D_e": 0.0373654524, "thrnt_c": 0.056807540499999996, "C01507_c": 0.0235656991, "12ppd_R_c": 0.5581379138, "5oxpro_e": 0.9563761093, "fuc_L_e": 0.0098766518, "arab_L_c": 0.0101122125, "vacccrn_m": 0.0741733559, "CE6205_c": 0.0122667397, "pram_c": 0.5921423181000001, "ipdp_c": 0.0031563411, "met_L_m": 0.25333298670000004, "ile_L_e": 0.0329272971, "hyptaur_c": 0.0108351305, "rbt_e": 0.0283782433, "ocdca_c": 0.3352400275, "Lpipecol_x": 0.0293547543, "c10crn_e": 0.047325723099999994, "dhdascb_c": 0.017590167900000002, "gal_c": 0.0201318405, "phe_L_l": 0.6152403654999999, "urea_m": 21.9103503839, "glx_m": 0.0322129891, "glc_D_c": 38.6211882185, "gln_L_e": 0.3046936384, "glcur_c": 0.0038603265, "crn_e": 0.045511614000000006, "c6crn_x": 0.0097763916, "gua_e": 0.0171220177, "dchac_r": 0.0496538929, "4mop_c": 0.0702295181, "sarcs_m": 0.165936293, "anth_e": 0.0048028883000000005, "andrstndn_c": 0.022457666600000002, "1p2cbxl_x": 0.2706855775, "2coum_c": 0.0231112987, "thr_L_e": 0.8811747862, "bilirub_r": 0.0832010182, "5hoxindoa_c": 0.0088007548, "ddeccrn_m": 0.029429661699999998, "3mop_m": 0.09382587349999999, "xylt_e": 0.0058871227000000005, "sphs1p_e": 0.0208690521, "gudac_c": 0.0094816446, "succ_r": 0.0354748726, "ala_D_c": 13.7420313615, "prgstrn_e": 0.0117851237, "3hmp_m": 1.0963357486, "dmnoncrn_x": 0.0070152631, "oaa_x": 0.1194077594, "rib_D_c": 0.0412434177, "gly_m": 1.5296230456, "citr_L_m": 0.6882473298, "glyclt_x": 0.0109002512, "acnam_l": 0.026966170499999997, "creat_m": 0.2844934296, "tyr_L_l": 0.16605668640000001, "oxa_c": 77.0173191833, "Lcystin_c": 0.0190705667, "ivcrn_c": 0.0241465408, "dhap_x": 0.023182088700000002, "bz_r": 0.0207022116, "lneldc_e": 0.0113038203, "C02356_c": 0.6537602837, "pchol_hs_c": 0.074466104, "asn_L_c": 0.07749327980000001, "6pgc_c": 0.0273044805, "ser_L_x": 1.5105979795, "leu_L_m": 3.184702895, "25hvitd3_c": 0.0179051717, "gcald_c": 0.5550873353, "glyald_m": 0.0097097476, "thm_e": 0.012871139399999999, "c8crn_x": 0.0159035943, "pcollg5hlys_c": 0.0712054253, "srb_L_c": 0.019018337, "5htrp_e": 0.0186378308, "pmtcrn_m": 0.0056445131999999995, "CE2537_c": 0.1250257077, "cyst_L_m": 0.0773230639, "3mob_c": 0.011346261000000002, "ru5p_D_c": 0.008286616600000001, "cys_L_m": 0.06434637559999999, "2mcacn_c": 0.0071756806000000005, "pro_D_l": 8.8610200177, "pser_L_c": 0.008986936899999999, "pac_m": 0.3761884437, "inost_r": 0.2557806163, "ttdca_e": 0.0454526259, "orn_m": 0.5624046474000001, "acrn_x": 0.010823093, "ttdcea_c": 0.010248209, "fru_e": 0.027017467799999997, "ura_c": 0.0468250056, "lac_D_c": 32.2805883423, "glyc_c": 0.3320468779, "ocdcea_r": 0.002971423, "ttdcrn_c": 0.012921505900000001}