{"aact_m": 0.5108619929, "sphings_r": 0.0238575099, "val_L_e": 0.7080813238, "C10164_c": 0.0452070965, "HC02024_r": 0.1006544815, "fum_m": 0.025932115, "hdcea_e": 0.0067536516000000005, "adrnl_e": 0.0007315383, "cit_c": 1.1521782439, "4hpro_LT_r": 0.1379989884, "chol_m": 0.1164828293, "4h2oglt_c": 0.042426203499999995, "C06199_l": 0.4973991124, "trp_L_c": 0.9836036659999999, "stcrn_m": 0.0553179721, "pyr_m": 0.533924401, "carn_c": 0.1467727625, "chsterol_n": 1.9670410877000002, "lys_L_m": 1.3697605953999998, "g6p_r": 0.0636631416, "arg_L_e": 0.0876674769, "acgam_l": 0.0077969904, "c4crn_m": 0.189396304, "C01601_c": 0.0337318392, "hom_L_e": 0.0034273352, "hxan_e": 0.0093966862, "lnlccrn_m": 0.0934924446, "im4ac_c": 0.028935601800000002, "urate_e": 0.47626272490000005, "g3p_c": 0.06742654969999999, "hdd2crn_c": 0.020675802099999998, "glu_L_r": 0.10560525220000001, "nac_c": 0.23158636800000001, "asp_D_e": 0.0396234438, "thrnt_c": 0.11686805509999999, "C01507_c": 0.1358727331, "12ppd_R_c": 0.46864420799999995, "5oxpro_e": 1.6752022358, "fuc_L_e": 0.0095641172, "arab_L_c": 0.0155999259, "vacccrn_m": 0.19092864329999998, "CE6205_c": 0.0211986964, "pram_c": 0.6053325085, "ipdp_c": 0.0060764011, "met_L_m": 0.3464685111, "ile_L_e": 0.0299080033, "hyptaur_c": 0.0094181075, "rbt_e": 0.0453889325, "ocdca_c": 0.2996070777, "Lpipecol_x": 0.0416387475, "c10crn_e": 0.047373657199999995, "dhdascb_c": 0.0199231492, "gal_c": 0.0131125767, "phe_L_l": 0.9292533636, "urea_m": 27.237594688, "glx_m": 0.1061890651, "glc_D_c": 28.2937587441, "gln_L_e": 0.4159507549, "glcur_c": 0.007462970500000001, "crn_e": 0.0305445151, "c6crn_x": 0.0075573222, "gua_e": 0.0266375933, "dchac_r": 0.09896745550000001, "4mop_c": 0.0768625562, "sarcs_m": 0.1977137275, "anth_e": 0.0008885707000000001, "andrstndn_c": 0.0228113319, "1p2cbxl_x": 0.2824984329, "2coum_c": 0.0277948427, "thr_L_e": 0.895938756, "bilirub_r": 0.0693845075, "5hoxindoa_c": 0.0140422719, "ddeccrn_m": 0.023843211099999997, "3mop_m": 0.0852472626, "xylt_e": 0.0084276086, "sphs1p_e": 0.0453270361, "gudac_c": 0.011941116000000002, "succ_r": 0.0183294679, "ala_D_c": 19.2759931222, "prgstrn_e": 0.0097564282, "3hmp_m": 1.0649972553, "dmnoncrn_x": 0.0060777799, "oaa_x": 0.0969488377, "rib_D_c": 0.048442703200000006, "gly_m": 1.7031422571000001, "citr_L_m": 0.7052647195999999, "glyclt_x": 0.025941604500000003, "acnam_l": 0.0074335721, "creat_m": 0.2981736089, "tyr_L_l": 0.20811354329999998, "oxa_c": 19.5254075988, "Lcystin_c": 0.0869368898, "ivcrn_c": 0.0369619609, "dhap_x": 0.025669960099999996, "bz_r": 0.0282227764, "lneldc_e": 0.11922881449999999, "C02356_c": 0.44139467159999995, "pchol_hs_c": 0.1153945909, "asn_L_c": 0.1378319449, "6pgc_c": 0.035850676, "ser_L_x": 2.3049477806, "leu_L_m": 4.1291199347, "25hvitd3_c": 0.028598592000000003, "gcald_c": 0.6589436844, "glyald_m": 0.0088760755, "thm_e": 0.011567670300000001, "c8crn_x": 0.0158277771, "pcollg5hlys_c": 0.0846653501, "srb_L_c": 0.024540873799999998, "5htrp_e": 0.011281198300000001, "pmtcrn_m": 0.003569717, "CE2537_c": 0.1305826275, "cyst_L_m": 0.10707865470000001, "3mob_c": 0.008558000999999999, "ru5p_D_c": 0.0125206034, "cys_L_m": 0.0940826658, "2mcacn_c": 0.009478173000000001, "pro_D_l": 10.3849948373, "pser_L_c": 0.0106139073, "pac_m": 0.538009031, "inost_r": 0.414462985, "ttdca_e": 0.028595169900000002, "orn_m": 0.6687555414, "acrn_x": 0.0071436226, "ttdcea_c": 0.0208839321, "fru_e": 0.1769772666, "ura_c": 0.055437810899999995, "lac_D_c": 40.7550486975, "glyc_c": 0.21055947460000002, "ocdcea_r": 0.0024172310999999998, "ttdcrn_c": 0.018437059199999998}