{"aact_m": 0.2530405398, "sphings_r": 0.0453048203, "val_L_e": 0.4925085407, "C10164_c": 0.0631453352, "HC02024_r": 0.0677300851, "fum_m": 0.039724968199999995, "hdcea_e": 0.059812350099999995, "adrnl_e": 0.007277367900000001, "cit_c": 0.7061045298999999, "4hpro_LT_r": 0.1178453216, "chol_m": 0.0798658372, "4h2oglt_c": 0.0320538915, "C06199_l": 0.3389697598, "trp_L_c": 0.7370788928, "stcrn_m": 0.0487445611, "pyr_m": 1.0786860099, "carn_c": 0.21663392829999997, "chsterol_n": 1.3613654508000002, "lys_L_m": 1.5296929979, "g6p_r": 0.057756111799999996, "arg_L_e": 0.0801976786, "acgam_l": 0.0039877819, "c4crn_m": 3.1469070210423805e-05, "C01601_c": 0.0139051925, "hom_L_e": 0.0049539956, "hxan_e": 0.0263526955, "lnlccrn_m": 0.1420547565, "im4ac_c": 0.0067881244, "urate_e": 0.3195222318, "g3p_c": 0.0490023408, "hdd2crn_c": 0.0336838827, "glu_L_r": 0.06302291019999999, "nac_c": 0.2279106992, "asp_D_e": 0.0431677445, "thrnt_c": 0.025839477599999997, "C01507_c": 0.014300901000000001, "12ppd_R_c": 0.4965580925, "5oxpro_e": 1.2730158367, "fuc_L_e": 0.011444145800000001, "arab_L_c": 0.0108276832, "vacccrn_m": 0.1813010109, "CE6205_c": 0.0054384777, "pram_c": 0.5501220639, "ipdp_c": 0.0044483548, "met_L_m": 0.33475518449999997, "ile_L_e": 0.04115544, "hyptaur_c": 0.010660829299999999, "rbt_e": 0.037647496, "ocdca_c": 0.4794933652, "Lpipecol_x": 0.0506400815, "c10crn_e": 0.13730794710000002, "dhdascb_c": 0.0160317948, "gal_c": 0.048370073300000004, "phe_L_l": 0.6626709123, "urea_m": 14.4270759047, "glx_m": 0.0330148525, "glc_D_c": 11.644964993499999, "gln_L_e": 0.32285479640000003, "glcur_c": 0.0065968345, "crn_e": 0.0621800058, "c6crn_x": 0.014727756399999998, "gua_e": 0.0217460922, "dchac_r": 0.098600865, "4mop_c": 0.06018955980000001, "sarcs_m": 0.10965515630000001, "anth_e": 0.0091873937, "andrstndn_c": 0.0075235871, "1p2cbxl_x": 0.21449403120000002, "2coum_c": 0.019422281899999998, "thr_L_e": 1.1749499252, "bilirub_r": 0.036328396, "5hoxindoa_c": 0.0088340029, "ddeccrn_m": 0.058865292199999995, "3mop_m": 0.08707425070000001, "xylt_e": 0.0080591039, "sphs1p_e": 0.0470054076, "gudac_c": 0.0085234595, "succ_r": 0.026832092999999998, "ala_D_c": 15.7519273629, "prgstrn_e": 0.022440030099999998, "3hmp_m": 0.7260354434999999, "dmnoncrn_x": 0.0087486294, "oaa_x": 0.0900947691, "rib_D_c": 0.0949697218, "gly_m": 3.6613478431, "citr_L_m": 0.6439520903, "glyclt_x": 0.0109871662, "acnam_l": 0.0111327677, "creat_m": 0.5118349952000001, "tyr_L_l": 0.1435382346, "oxa_c": 120.50736270799999, "Lcystin_c": 0.0610881765, "ivcrn_c": 0.0075908303, "dhap_x": 0.0227695322, "bz_r": 0.0017216445000000002, "lneldc_e": 0.0132026057, "C02356_c": 0.5895768378, "pchol_hs_c": 0.056901701, "asn_L_c": 0.1066732363, "6pgc_c": 0.0247864104, "ser_L_x": 1.2675785179999999, "leu_L_m": 3.1287023889, "25hvitd3_c": 0.024530436800000003, "gcald_c": 0.6014863787, "glyald_m": 0.0112718501, "thm_e": 0.017419348799999998, "c8crn_x": 0.0377041162, "pcollg5hlys_c": 0.0751849908, "srb_L_c": 0.023441695099999996, "5htrp_e": 0.0112475929, "pmtcrn_m": 0.0024225561, "CE2537_c": 0.2751486682, "cyst_L_m": 0.0923705083, "3mob_c": 0.0080218554, "ru5p_D_c": 0.0142608653, "cys_L_m": 0.1811522344, "2mcacn_c": 0.0088856468, "pro_D_l": 8.6272821908, "pser_L_c": 0.010996185600000001, "pac_m": 0.4334708898, "inost_r": 0.3122513369, "ttdca_e": 0.1275647465, "orn_m": 1.0837456278, "acrn_x": 0.010920846699999999, "ttdcea_c": 0.0142918235, "fru_e": 0.046267196, "ura_c": 0.044939357, "lac_D_c": 35.898510459, "glyc_c": 0.5632573431, "ocdcea_r": 0.0167364903, "ttdcrn_c": 0.020438751}