{"aact_m": 0.7481039482999999, "sphings_r": 0.0330746578, "val_L_e": 0.5007977421, "C10164_c": 0.0595251418, "HC02024_r": 0.0902046659, "fum_m": 0.0411717819, "hdcea_e": 0.06570761209999999, "adrnl_e": 0.0099845248, "cit_c": 0.9386898939, "4hpro_LT_r": 0.1044789831, "chol_m": 0.0846896434, "4h2oglt_c": 0.0357455787, "C06199_l": 0.36572431159999996, "trp_L_c": 0.5386488993, "stcrn_m": 0.121725901, "pyr_m": 2.3581403726, "carn_c": 0.1202879181, "chsterol_n": 1.4478658957, "lys_L_m": 0.9385780561, "g6p_r": 0.024134691099999998, "arg_L_e": 0.0733694122, "acgam_l": 0.005679425, "c4crn_m": 0.0392896325, "C01601_c": 0.0196367663, "hom_L_e": 0.013415036200000001, "hxan_e": 0.005691249399999999, "lnlccrn_m": 0.2774310549, "im4ac_c": 0.051450845099999996, "urate_e": 0.3264172712, "g3p_c": 0.049615407699999996, "hdd2crn_c": 0.028842795, "glu_L_r": 0.38606284469999996, "nac_c": 0.4096260485, "asp_D_e": 0.0836016192, "thrnt_c": 0.1095586758, "C01507_c": 0.048323392800000003, "12ppd_R_c": 0.5971872970000001, "5oxpro_e": 2.4887252463, "fuc_L_e": 0.010599291399999999, "arab_L_c": 0.0065716391, "vacccrn_m": 0.37806618259999997, "CE6205_c": 0.0999167067, "pram_c": 0.276869063, "ipdp_c": 0.0035854848999999998, "met_L_m": 0.257079625, "ile_L_e": 0.0474259658, "hyptaur_c": 0.011033833100000001, "rbt_e": 0.0670661488, "ocdca_c": 0.5261849836, "Lpipecol_x": 0.13183354449999998, "c10crn_e": 0.04678273610000001, "dhdascb_c": 0.0198761007, "gal_c": 0.0587262654, "phe_L_l": 0.5981063743, "urea_m": 15.9716792445, "glx_m": 0.0550069771, "glc_D_c": 1.9295684359999998, "gln_L_e": 0.2678722478, "glcur_c": 0.0104270637, "crn_e": 0.0132935298, "c6crn_x": 0.0102982727, "gua_e": 0.0238255939, "dchac_r": 0.1010355362, "4mop_c": 0.0644916151, "sarcs_m": 0.11961447380000001, "anth_e": 0.0132525648, "andrstndn_c": 0.0438626571, "1p2cbxl_x": 0.2790052062, "2coum_c": 0.0669974508, "thr_L_e": 0.6832998519, "bilirub_r": 0.20382524629999998, "5hoxindoa_c": 0.010708141499999999, "ddeccrn_m": 0.0359640766, "3mop_m": 0.0469820174, "xylt_e": 0.0117279129, "sphs1p_e": 0.11556396990000001, "gudac_c": 0.0105135559, "succ_r": 0.031440207000000005, "ala_D_c": 17.2468590284, "prgstrn_e": 0.008271772299999999, "3hmp_m": 0.5400598053, "dmnoncrn_x": 0.0051291604, "oaa_x": 0.0790097962, "rib_D_c": 0.0607933237, "gly_m": 2.4540329963, "citr_L_m": 0.7402791469, "glyclt_x": 0.0173249723, "acnam_l": 0.010506855700000001, "creat_m": 0.13446688939999998, "tyr_L_l": 0.5060073426, "oxa_c": 168.4654509058, "Lcystin_c": 0.056057637, "ivcrn_c": 0.032584256299999996, "dhap_x": 0.0220134177, "bz_r": 0.025620446800000002, "lneldc_e": 0.0691117922, "C02356_c": 0.23436946449999999, "pchol_hs_c": 0.5265264739, "asn_L_c": 0.1141493023, "6pgc_c": 0.0345516103, "ser_L_x": 0.8781762379000001, "leu_L_m": 2.1721167274, "25hvitd3_c": 0.0443570447, "gcald_c": 0.4715584039, "glyald_m": 0.0117706801, "thm_e": 0.027724051, "c8crn_x": 0.0146107815, "pcollg5hlys_c": 0.0799359301, "srb_L_c": 0.0626135423, "5htrp_e": 0.0085538944, "pmtcrn_m": 0.0029307414000000003, "CE2537_c": 0.1608886577, "cyst_L_m": 0.1576735141, "3mob_c": 0.0100902545, "ru5p_D_c": 0.011824225, "cys_L_m": 0.10463069369999999, "2mcacn_c": 0.0075627681000000006, "pro_D_l": 10.1232286287, "pser_L_c": 0.0095625283, "pac_m": 0.4521284183, "inost_r": 0.2652309661, "ttdca_e": 0.3680978155, "orn_m": 1.3907509362000001, "acrn_x": 0.0055479922999999995, "ttdcea_c": 0.007107257, "fru_e": 1.0609745068, "ura_c": 0.053124522599999995, "lac_D_c": 81.3964613366, "glyc_c": 0.904829983, "ocdcea_r": 0.0126556932, "ttdcrn_c": 0.029498467599999998}