{"aact_m": 0.5298020428, "sphings_r": 0.0370927338, "val_L_e": 0.3343104853, "C10164_c": 0.0595027639, "HC02024_r": 0.0844779592, "fum_m": 0.0380642986, "hdcea_e": 0.0374800613, "adrnl_e": 0.004450447, "cit_c": 0.765551942, "4hpro_LT_r": 0.12813368449999998, "chol_m": 0.0880721315, "4h2oglt_c": 0.0349962824, "C06199_l": 0.35516898189999996, "trp_L_c": 0.6215914532, "stcrn_m": 0.0730774164, "pyr_m": 1.1651985446, "carn_c": 0.265323136, "chsterol_n": 1.9967879715999999, "lys_L_m": 1.4809771569999999, "g6p_r": 0.0514773901, "arg_L_e": 0.0732037406, "acgam_l": 0.0055384073, "c4crn_m": 0.0262674052, "C01601_c": 0.035708994300000005, "hom_L_e": 0.0074039938000000005, "hxan_e": 0.035932570899999995, "lnlccrn_m": 0.0796057761, "im4ac_c": 0.0140177406, "urate_e": 0.379943226, "g3p_c": 0.06672049320000001, "hdd2crn_c": 0.0168912539, "glu_L_r": 0.35810815030000004, "nac_c": 0.3452289298, "asp_D_e": 0.08489436869999999, "thrnt_c": 0.064339585, "C01507_c": 0.05315352, "12ppd_R_c": 0.4929282968, "5oxpro_e": 1.7241053482, "fuc_L_e": 0.0109361289, "arab_L_c": 0.0103830931, "vacccrn_m": 0.0904301447, "CE6205_c": 0.013785725700000001, "pram_c": 0.0, "ipdp_c": 0.0053674298, "met_L_m": 0.1655401468, "ile_L_e": 0.0464672793, "hyptaur_c": 0.007650673, "rbt_e": 0.0383387452, "ocdca_c": 0.6425964467999999, "Lpipecol_x": 0.3185556322, "c10crn_e": 0.0690258319, "dhdascb_c": 0.0154903545, "gal_c": 0.0382312843, "phe_L_l": 0.6544212398, "urea_m": 28.657036177800002, "glx_m": 0.043503792699999995, "glc_D_c": 50.155338389899995, "gln_L_e": 0.3351771956, "glcur_c": 0.005454840999999999, "crn_e": 0.040083184300000005, "c6crn_x": 0.0140195974, "gua_e": 0.0133108077, "dchac_r": 0.1249644342, "4mop_c": 0.0812320709, "sarcs_m": 0.0670212362, "anth_e": 0.011818163999999999, "andrstndn_c": 0.0181887294, "1p2cbxl_x": 0.16500658199999998, "2coum_c": 0.0205042558, "thr_L_e": 0.5398670209, "bilirub_r": 0.219688585, "5hoxindoa_c": 0.0108851736, "ddeccrn_m": 0.0290988496, "3mop_m": 0.0564343587, "xylt_e": 0.0069197242, "sphs1p_e": 0.085218781, "gudac_c": 0.0103791118, "succ_r": 0.0344214724, "ala_D_c": 12.699347512000001, "prgstrn_e": 0.0104496161, "3hmp_m": 1.5774233373, "dmnoncrn_x": 0.0071612486, "oaa_x": 0.1089176964, "rib_D_c": 0.0685027837, "gly_m": 1.1919570619, "citr_L_m": 0.7002892338, "glyclt_x": 0.0021770797, "acnam_l": 0.0110396355, "creat_m": 0.20275607329999998, "tyr_L_l": 0.157688106, "oxa_c": 136.5750810079, "Lcystin_c": 0.0548138438, "ivcrn_c": 0.0272601881, "dhap_x": 0.025589878599999998, "bz_r": 0.0196381295, "lneldc_e": 0.069133307, "C02356_c": 0.6207840749, "pchol_hs_c": 0.1360360918, "asn_L_c": 0.0750764526, "6pgc_c": 0.02484451, "ser_L_x": 1.101831383, "leu_L_m": 3.4388428974000003, "25hvitd3_c": 0.0242085283, "gcald_c": 0.6427718715, "glyald_m": 0.0084373911, "thm_e": 0.0085365153, "c8crn_x": 0.0263849906, "pcollg5hlys_c": 0.0884490691, "srb_L_c": 0.0223928713, "5htrp_e": 0.0140338901, "pmtcrn_m": 0.0036228968, "CE2537_c": 0.2038378329, "cyst_L_m": 0.20234085940000002, "3mob_c": 0.0144774336, "ru5p_D_c": 0.0212007983, "cys_L_m": 0.1047202641, "2mcacn_c": 0.008387335, "pro_D_l": 6.1494271598, "pser_L_c": 0.010419971600000001, "pac_m": 0.43461937590000005, "inost_r": 0.2891852056, "ttdca_e": 0.1384746211, "orn_m": 0.6920246531, "acrn_x": 0.0149503755, "ttdcea_c": 0.012010729099999999, "fru_e": 0.046606259299999994, "ura_c": 0.0394504285, "lac_D_c": 52.3512492843, "glyc_c": 0.46034180350000004, "ocdcea_r": 0.0110530015, "ttdcrn_c": 0.0177489358}