{"aact_m": 0.6592474789, "sphings_r": 0.018862308300000002, "val_L_e": 0.3112669042, "C10164_c": 0.0621070603, "HC02024_r": 0.07799748, "fum_m": 0.0469581092, "hdcea_e": 0.08960306789999999, "adrnl_e": 0.0044440113, "cit_c": 0.4356561814, "4hpro_LT_r": 0.106920725, "chol_m": 0.1347619991, "4h2oglt_c": 0.0699271868, "C06199_l": 0.6177333626, "trp_L_c": 0.9775357023000001, "stcrn_m": 0.0535409277, "pyr_m": 0.1567249196, "carn_c": 0.2090565873, "chsterol_n": 1.0533106639, "lys_L_m": 1.3410919059, "g6p_r": 0.0641611114, "arg_L_e": 0.041483873, "acgam_l": 0.0038388945, "c4crn_m": 0.0202594383, "C01601_c": 0.0117111449, "hom_L_e": 0.0084615784, "hxan_e": 0.0101309363, "lnlccrn_m": 0.0482966152, "im4ac_c": 0.0219073942, "urate_e": 1.2726327954, "g3p_c": 0.0453415233, "hdd2crn_c": 0.0179621262, "glu_L_r": 1.7850078364, "nac_c": 0.3989544475, "asp_D_e": 0.21849990670000002, "thrnt_c": 0.0563045676, "C01507_c": 0.0099421684, "12ppd_R_c": 0.5188381638, "5oxpro_e": 3.7424855293, "fuc_L_e": 0.0091969607, "arab_L_c": 0.0158142103, "vacccrn_m": 0.1387046833, "CE6205_c": 0.054000817300000004, "pram_c": 0.7722148571999999, "ipdp_c": 0.0030529774, "met_L_m": 0.3084282271, "ile_L_e": 0.0488485913, "hyptaur_c": 0.0064634594, "rbt_e": 0.0510660383, "ocdca_c": 1.2515093271, "Lpipecol_x": 0.0514767286, "c10crn_e": 0.0590964634, "dhdascb_c": 0.0094959241, "gal_c": 0.09979895470000001, "phe_L_l": 0.8454233426000001, "urea_m": 20.3672789674, "glx_m": 0.0179880084, "glc_D_c": 14.522880741700002, "gln_L_e": 0.1995488318, "glcur_c": 0.013247786899999999, "crn_e": 0.023625223799999998, "c6crn_x": 0.0159702464, "gua_e": 0.022335447999999997, "dchac_r": 0.0338832047, "4mop_c": 0.073839523, "sarcs_m": 0.048741838899999994, "anth_e": 0.0179222736, "andrstndn_c": 0.0253305643, "1p2cbxl_x": 0.33193054829999996, "2coum_c": 0.027932128100000002, "thr_L_e": 1.7759085425999999, "bilirub_r": 0.0376693549, "5hoxindoa_c": 0.0118745428, "ddeccrn_m": 0.0285780739, "3mop_m": 0.0683099345, "xylt_e": 0.011672833700000001, "sphs1p_e": 0.0210646116, "gudac_c": 0.012817588100000001, "succ_r": 0.0591103413, "ala_D_c": 8.526153988999999, "prgstrn_e": 0.0060915733, "3hmp_m": 2.7658917600999997, "dmnoncrn_x": 0.005713555600000001, "oaa_x": 0.171981465, "rib_D_c": 0.0703435676, "gly_m": 1.6607383278999999, "citr_L_m": 0.6469427659, "glyclt_x": 0.013450584199999999, "acnam_l": 0.005517164200000001, "creat_m": 0.4083088533, "tyr_L_l": 0.19761476309999998, "oxa_c": 211.77460803580001, "Lcystin_c": 0.0206226827, "ivcrn_c": 0.09890749480000001, "dhap_x": 0.0233772453, "bz_r": 0.0240689144, "lneldc_e": 0.0172503827, "C02356_c": 0.4250736229, "pchol_hs_c": 0.3902443543, "asn_L_c": 0.044071892800000005, "6pgc_c": 0.061383509800000007, "ser_L_x": 1.2625578605, "leu_L_m": 3.9266194625999997, "25hvitd3_c": 0.0159215825, "gcald_c": 0.5224080893, "glyald_m": 0.010349358000000001, "thm_e": 0.0042356116, "c8crn_x": 0.024492549199999998, "pcollg5hlys_c": 0.0823737833, "srb_L_c": 0.0359462584, "5htrp_e": 0.011638130600000001, "pmtcrn_m": 0.0073892794, "CE2537_c": 0.2018289459, "cyst_L_m": 0.0306448897, "3mob_c": 0.010140876600000001, "ru5p_D_c": 0.0281677546, "cys_L_m": 0.0371572455, "2mcacn_c": 0.008345384, "pro_D_l": 6.0157730915, "pser_L_c": 0.0094153567, "pac_m": 0.5069920209000001, "inost_r": 0.3639883084, "ttdca_e": 0.1220373359, "orn_m": 0.6798754506, "acrn_x": 0.012381368799999999, "ttdcea_c": 0.0209163802, "fru_e": 0.0709116833, "ura_c": 0.0243252167, "lac_D_c": 63.8411047523, "glyc_c": 0.6087931289999999, "ocdcea_r": 0.036712050499999996, "ttdcrn_c": 0.0110875847}