{"aact_m": 0.6837319790999999, "sphings_r": 0.0438394603, "val_L_e": 0.43528626579999996, "C10164_c": 0.06694463839999999, "HC02024_r": 0.0626751128, "fum_m": 0.041568431, "hdcea_e": 0.0965274758, "adrnl_e": 0.0013090503999999999, "cit_c": 1.1525704146, "4hpro_LT_r": 0.1072296143, "chol_m": 0.1174641658, "4h2oglt_c": 0.0343669618, "C06199_l": 0.4646777732, "trp_L_c": 0.8061375832, "stcrn_m": 0.0741876235, "pyr_m": 1.0897267037, "carn_c": 0.11050142869999999, "chsterol_n": 1.5994481532, "lys_L_m": 1.4356329977000002, "g6p_r": 0.038205557, "arg_L_e": 0.059914764800000006, "acgam_l": 0.0059254387, "c4crn_m": 0.0342298287, "C01601_c": 0.0199439462, "hom_L_e": 0.012161013600000001, "hxan_e": 0.0073522441000000004, "lnlccrn_m": 0.22880089039999998, "im4ac_c": 0.0246042266, "urate_e": 0.456690121, "g3p_c": 0.0556505934, "hdd2crn_c": 0.039132939500000005, "glu_L_r": 0.5295409586, "nac_c": 0.1663207537, "asp_D_e": 0.1920416988, "thrnt_c": 0.0313535756, "C01507_c": 0.0200640165, "12ppd_R_c": 0.7507612625, "5oxpro_e": 2.5519125684, "fuc_L_e": 0.0088150975, "arab_L_c": 0.0038911382000000002, "vacccrn_m": 0.2327101219, "CE6205_c": 0.0193568078, "pram_c": 0.4981014378, "ipdp_c": 0.0044691295, "met_L_m": 0.33843121909999996, "ile_L_e": 0.0569654557, "hyptaur_c": 0.0058533913, "rbt_e": 0.036741422200000005, "ocdca_c": 0.8388782353, "Lpipecol_x": 0.0691977882, "c10crn_e": 0.09596754460000001, "dhdascb_c": 0.023791685400000002, "gal_c": 0.025647352, "phe_L_l": 0.8302243845999999, "urea_m": 19.6514310954, "glx_m": 0.0356958801, "glc_D_c": 23.2616670024, "gln_L_e": 0.227329091, "glcur_c": 0.0077408339, "crn_e": 0.020222145900000002, "c6crn_x": 0.0122768353, "gua_e": 0.0253149511, "dchac_r": 0.10462334449999999, "4mop_c": 0.0736361209, "sarcs_m": 0.1875296383, "anth_e": 0.0074309667000000005, "andrstndn_c": 0.0249229525, "1p2cbxl_x": 0.2784775037, "2coum_c": 0.04449668230000001, "thr_L_e": 1.0463933720999998, "bilirub_r": 0.0763576008, "5hoxindoa_c": 0.007923934, "ddeccrn_m": 0.06408097900000001, "3mop_m": 0.0385415943, "xylt_e": 0.0068285134, "sphs1p_e": 0.0698148269, "gudac_c": 0.0072981684, "succ_r": 0.049695847599999995, "ala_D_c": 16.4329300798, "prgstrn_e": 0.0212319342, "3hmp_m": 1.4197769669, "dmnoncrn_x": 0.0105692535, "oaa_x": 0.09285269789999999, "rib_D_c": 0.0486598009, "gly_m": 1.6833285662000002, "citr_L_m": 0.6873346963, "glyclt_x": 0.0048955507, "acnam_l": 0.0127040466, "creat_m": 0.21309985899999997, "tyr_L_l": 0.3231125527, "oxa_c": 113.29488163049999, "Lcystin_c": 0.0415534359, "ivcrn_c": 0.0171683778, "dhap_x": 0.022046476800000003, "bz_r": 0.0267524301, "lneldc_e": 0.1270877285, "C02356_c": 0.41490662359999997, "pchol_hs_c": 0.2969285491, "asn_L_c": 0.0451209865, "6pgc_c": 0.0278754277, "ser_L_x": 1.2653013925, "leu_L_m": 3.8496063895, "25hvitd3_c": 0.0375175452, "gcald_c": 0.4675421673, "glyald_m": 0.018905174099999998, "thm_e": 0.0146424347, "c8crn_x": 0.0354640527, "pcollg5hlys_c": 0.0767543996, "srb_L_c": 0.023232990800000002, "5htrp_e": 0.0111077822, "pmtcrn_m": 0.0075931144999999995, "CE2537_c": 0.13349641210000002, "cyst_L_m": 0.0134650929, "3mob_c": 0.015184392, "ru5p_D_c": 0.0211227063, "cys_L_m": 0.09030437529999999, "2mcacn_c": 0.0082582876, "pro_D_l": 12.372864614500001, "pser_L_c": 0.0123510458, "pac_m": 0.4381542567, "inost_r": 0.2791287548, "ttdca_e": 0.25632575879999997, "orn_m": 1.1356811677, "acrn_x": 0.010282880999999999, "ttdcea_c": 0.016494629, "fru_e": 0.06678161519999999, "ura_c": 0.061757776699999996, "lac_D_c": 137.614103961, "glyc_c": 0.7017234777, "ocdcea_r": 0.014375176000000002, "ttdcrn_c": 0.0314771998}