{"aact_m": 0.36084101399999996, "sphings_r": 0.0187181769, "val_L_e": 0.39823732479999996, "C10164_c": 0.0669469869, "HC02024_r": 0.051497367300000006, "fum_m": 0.045055185899999996, "hdcea_e": 0.1186950745, "adrnl_e": 0.0159177298, "cit_c": 0.5922950898, "4hpro_LT_r": 0.09969752949999999, "chol_m": 0.0310541957, "4h2oglt_c": 0.0415816542, "C06199_l": 0.42685671950000004, "trp_L_c": 0.7274143359, "stcrn_m": 0.0322073414, "pyr_m": 0.6206441543, "carn_c": 0.1542274303, "chsterol_n": 2.3268826449, "lys_L_m": 0.8475633148999999, "g6p_r": 0.0661495181, "arg_L_e": 0.040149534199999996, "acgam_l": 0.0062388174, "c4crn_m": 0.0188701163, "C01601_c": 0.014466612299999999, "hom_L_e": 0.011197023, "hxan_e": 0.016664775700000002, "lnlccrn_m": 0.035930300000000005, "im4ac_c": 0.011658519, "urate_e": 0.2417401794, "g3p_c": 0.0245908286, "hdd2crn_c": 0.020850331899999998, "glu_L_r": 0.3623089814, "nac_c": 0.3128146816, "asp_D_e": 0.0467527689, "thrnt_c": 0.0154108899, "C01507_c": 0.0301711086, "12ppd_R_c": 0.6290071714, "5oxpro_e": 1.7284622722999998, "fuc_L_e": 0.0056997892, "arab_L_c": 0.0046125872, "vacccrn_m": 0.0746238938, "CE6205_c": 0.021035660699999997, "pram_c": 0.6311361297, "ipdp_c": 0.0036338939000000003, "met_L_m": 0.188793448, "ile_L_e": 0.0369918453, "hyptaur_c": 0.0077792998, "rbt_e": 0.032173353700000004, "ocdca_c": 0.5481660796, "Lpipecol_x": 0.049263035999999996, "c10crn_e": 0.1150084888, "dhdascb_c": 0.0122331525, "gal_c": 0.0243785247, "phe_L_l": 0.7041407342, "urea_m": 29.5616694901, "glx_m": 0.041013198, "glc_D_c": 32.8162452816, "gln_L_e": 0.2766426823, "glcur_c": 0.0080736305, "crn_e": 0.0673188799, "c6crn_x": 0.0150697131, "gua_e": 0.0136720894, "dchac_r": 0.0588855166, "4mop_c": 0.0878674954, "sarcs_m": 0.1550531268, "anth_e": 0.0080060838, "andrstndn_c": 0.019102898400000002, "1p2cbxl_x": 0.2196414216, "2coum_c": 0.0334395574, "thr_L_e": 0.5947307859000001, "bilirub_r": 0.09116311630000001, "5hoxindoa_c": 0.0103703705, "ddeccrn_m": 0.0456187146, "3mop_m": 0.0375374497, "xylt_e": 0.007912612, "sphs1p_e": 0.029611589900000002, "gudac_c": 0.011156833100000001, "succ_r": 0.0345188713, "ala_D_c": 7.433944648300001, "prgstrn_e": 0.0148798697, "3hmp_m": 2.5440800925, "dmnoncrn_x": 0.0073233349, "oaa_x": 0.10999219980000001, "rib_D_c": 0.0453226822, "gly_m": 1.6577515903, "citr_L_m": 0.6652894295, "glyclt_x": 0.0043371089, "acnam_l": 0.0098941247, "creat_m": 0.19546370219999998, "tyr_L_l": 0.23591769769999998, "oxa_c": 116.4640808994, "Lcystin_c": 0.0652792341, "ivcrn_c": 0.022690830899999997, "dhap_x": 0.0223057534, "bz_r": 0.022112304500000002, "lneldc_e": 0.028295968300000002, "C02356_c": 0.6423549014, "pchol_hs_c": 0.04899232480000001, "asn_L_c": 0.0762401732, "6pgc_c": 0.0324965183, "ser_L_x": 0.9405587706999999, "leu_L_m": 2.9111711646, "25hvitd3_c": 0.0154635376, "gcald_c": 0.6829280070999999, "glyald_m": 0.0154723976, "thm_e": 0.0053173012, "c8crn_x": 0.0277813429, "pcollg5hlys_c": 0.0666303575, "srb_L_c": 0.0190764112, "5htrp_e": 0.009864783299999999, "pmtcrn_m": 0.0066131237, "CE2537_c": 0.144715091, "cyst_L_m": 0.011726898799999998, "3mob_c": 0.0131901098, "ru5p_D_c": 0.0192357095, "cys_L_m": 0.1003554093, "2mcacn_c": 0.0079542976, "pro_D_l": 5.5454156023, "pser_L_c": 0.008783051, "pac_m": 0.42690931880000005, "inost_r": 0.2987612724, "ttdca_e": 0.1836986097, "orn_m": 0.8961746663, "acrn_x": 0.014111055700000001, "ttdcea_c": 0.013074979099999998, "fru_e": 0.026812113199999998, "ura_c": 0.032616202000000004, "lac_D_c": 20.8231848157, "glyc_c": 0.7703104895, "ocdcea_r": 0.015021476499999999, "ttdcrn_c": 0.0176263961}