{"aact_m": 0.9646934276000001, "sphings_r": 0.0275965842, "val_L_e": 0.3354584917, "C10164_c": 0.058584982699999996, "HC02024_r": 0.0514042556, "fum_m": 0.0342798573, "hdcea_e": 0.0873619609, "adrnl_e": 0.0006954957000000001, "cit_c": 0.9326779716, "4hpro_LT_r": 0.11088902210000001, "chol_m": 0.0423944579, "4h2oglt_c": 0.0405891195, "C06199_l": 0.3003562481, "trp_L_c": 0.5139371415999999, "stcrn_m": 0.108976626, "pyr_m": 0.7430760545, "carn_c": 0.1504911192, "chsterol_n": 1.6757451128999998, "lys_L_m": 0.9224916251999999, "g6p_r": 0.0418682568, "arg_L_e": 0.050948320899999996, "acgam_l": 0.0048401543, "c4crn_m": 0.012051703899999999, "C01601_c": 0.027184078700000003, "hom_L_e": 0.0036341289000000002, "hxan_e": 0.0288571244, "lnlccrn_m": 0.1558774638, "im4ac_c": 0.0169630114, "urate_e": 0.3661160554, "g3p_c": 0.0738846589, "hdd2crn_c": 0.0530884503, "glu_L_r": 0.0696959103, "nac_c": 0.3291536916, "asp_D_e": 0.0359105806, "thrnt_c": 0.0545295664, "C01507_c": 0.005424298199999999, "12ppd_R_c": 0.5129890747, "5oxpro_e": 1.3755711896, "fuc_L_e": 0.0076185543, "arab_L_c": 0.0073340184, "vacccrn_m": 0.2927942965, "CE6205_c": 0.0458707463, "pram_c": 0.0, "ipdp_c": 0.0047611419, "met_L_m": 0.1663670771, "ile_L_e": 0.027178182599999996, "hyptaur_c": 0.0054140422, "rbt_e": 0.0355991921, "ocdca_c": 0.4989465564, "Lpipecol_x": 0.0261295494, "c10crn_e": 0.1345638759, "dhdascb_c": 0.020614485, "gal_c": 0.023099047999999997, "phe_L_l": 0.4043038792, "urea_m": 19.6890740014, "glx_m": 0.0368366494, "glc_D_c": 15.889979802300001, "gln_L_e": 0.3605438116, "glcur_c": 0.0048684081, "crn_e": 0.015084412, "c6crn_x": 0.017522211, "gua_e": 0.015751266899999998, "dchac_r": 0.1093698694, "4mop_c": 0.0381972538, "sarcs_m": 0.08801848779999999, "anth_e": 0.0098725337, "andrstndn_c": 0.011136175, "1p2cbxl_x": 0.2552385536, "2coum_c": 0.0266095197, "thr_L_e": 0.660669874, "bilirub_r": 0.0856353941, "5hoxindoa_c": 0.0118086256, "ddeccrn_m": 0.0578458584, "3mop_m": 0.048675427300000004, "xylt_e": 0.0131100591, "sphs1p_e": 0.0673409873, "gudac_c": 0.0122185633, "succ_r": 0.024692843, "ala_D_c": 6.2998438578, "prgstrn_e": 0.016970324199999998, "3hmp_m": 4.0896289721, "dmnoncrn_x": 0.00699901, "oaa_x": 0.1065539982, "rib_D_c": 0.0432771948, "gly_m": 2.2574332943, "citr_L_m": 0.6865475631, "glyclt_x": 0.0144359625, "acnam_l": 0.0081451417, "creat_m": 0.1562151376, "tyr_L_l": 0.1956525881, "oxa_c": 118.33528694569999, "Lcystin_c": 0.0413760337, "ivcrn_c": 0.0353269014, "dhap_x": 0.0247606914, "bz_r": 0.018277069099999998, "lneldc_e": 0.0735567006, "C02356_c": 0.4896323127, "pchol_hs_c": 0.2531662556, "asn_L_c": 0.0844009415, "6pgc_c": 0.0316831178, "ser_L_x": 1.0109080504999999, "leu_L_m": 1.815647554, "25hvitd3_c": 0.033500622599999995, "gcald_c": 0.5336231054999999, "glyald_m": 0.0087995629, "thm_e": 0.0101269123, "c8crn_x": 0.0415568106, "pcollg5hlys_c": 0.0897253481, "srb_L_c": 0.0098126028, "5htrp_e": 0.0099041315, "pmtcrn_m": 0.0059338067000000005, "CE2537_c": 0.1330100976, "cyst_L_m": 0.06279582639999999, "3mob_c": 0.005313755799999999, "ru5p_D_c": 0.0100324967, "cys_L_m": 0.0776826872, "2mcacn_c": 0.0085009201, "pro_D_l": 3.2871010985000004, "pser_L_c": 0.009302417700000001, "pac_m": 0.45024226409999996, "inost_r": 0.2674603679, "ttdca_e": 0.1204418716, "orn_m": 1.0514381163, "acrn_x": 0.0089340461, "ttdcea_c": 0.007113768, "fru_e": 0.023640924, "ura_c": 0.057667727099999996, "lac_D_c": 23.2782374168, "glyc_c": 0.5345619048, "ocdcea_r": 0.0168743878, "ttdcrn_c": 0.029795771699999998}