{"aact_m": 0.4768826946, "sphings_r": 0.016094536200000002, "val_L_e": 0.5772769945, "C10164_c": 0.0695556048, "HC02024_r": 0.0660045275, "fum_m": 0.0480699047, "hdcea_e": 0.007112988000000001, "adrnl_e": 0.07526659990000001, "cit_c": 0.7459033023, "4hpro_LT_r": 0.1059522106, "chol_m": 0.054121247000000004, "4h2oglt_c": 0.0406395555, "C06199_l": 0.43171932960000003, "trp_L_c": 0.5708346051, "stcrn_m": 0.0185882299, "pyr_m": 0.8137065036, "carn_c": 0.1586841442, "chsterol_n": 1.5908295475999998, "lys_L_m": 0.3599775328, "g6p_r": 0.061572235700000005, "arg_L_e": 0.0464988447, "acgam_l": 0.0042446904, "c4crn_m": 0.048418811, "C01601_c": 0.0172233144, "hom_L_e": 0.0095919397, "hxan_e": 0.0475368295, "lnlccrn_m": 0.043689985, "im4ac_c": 0.0167071544, "urate_e": 0.4454844436, "g3p_c": 0.044336144800000005, "hdd2crn_c": 0.0119853668, "glu_L_r": 0.1792885434, "nac_c": 0.18178299609999998, "asp_D_e": 0.059631262000000004, "thrnt_c": 0.0182410909, "C01507_c": 0.013501274099999998, "12ppd_R_c": 0.6889296356, "5oxpro_e": 1.167795915, "fuc_L_e": 0.0088801471, "arab_L_c": 0.014291034499999999, "vacccrn_m": 0.0538392211, "CE6205_c": 0.0164143805, "pram_c": 0.7017637645, "ipdp_c": 0.0033135634999999996, "met_L_m": 0.09719319119999999, "ile_L_e": 0.0407366995, "hyptaur_c": 0.0054138531, "rbt_e": 0.03996564, "ocdca_c": 0.2126175039, "Lpipecol_x": 0.1155056866, "c10crn_e": 0.0173928419, "dhdascb_c": 0.014871644299999999, "gal_c": 0.0283837471, "phe_L_l": 0.6596611111, "urea_m": 22.3074469159, "glx_m": 0.0357799258, "glc_D_c": 20.3978632518, "gln_L_e": 0.2511138269, "glcur_c": 0.0091802481, "crn_e": 0.0912622137, "c6crn_x": 0.0037882731, "gua_e": 0.0080375003, "dchac_r": 0.040830169, "4mop_c": 0.028265847, "sarcs_m": 0.1742720938, "anth_e": 0.0098769805, "andrstndn_c": 0.0063514275, "1p2cbxl_x": 0.2095087468, "2coum_c": 0.0192376483, "thr_L_e": 0.3985077247, "bilirub_r": 0.06626697320000001, "5hoxindoa_c": 0.009718380300000001, "ddeccrn_m": 0.0197211345, "3mop_m": 0.0591900204, "xylt_e": 0.0081993454, "sphs1p_e": 0.0319337392, "gudac_c": 0.0110924102, "succ_r": 0.0411597727, "ala_D_c": 3.2772841758999998, "prgstrn_e": 0.0047892817, "3hmp_m": 0.3399689852, "dmnoncrn_x": 0.0059671163, "oaa_x": 0.1319884909, "rib_D_c": 0.0417044418, "gly_m": 0.5163245865, "citr_L_m": 0.6904756568000001, "glyclt_x": 0.0055666638, "acnam_l": 0.0195459304, "creat_m": 0.130367234, "tyr_L_l": 0.1357096809, "oxa_c": 147.2295136946, "Lcystin_c": 0.0739326026, "ivcrn_c": 0.0472533123, "dhap_x": 0.024833643199999998, "bz_r": 0.0218874773, "lneldc_e": 0.0123010889, "C02356_c": 0.151808367, "pchol_hs_c": 0.057163352599999995, "asn_L_c": 0.046450686500000005, "6pgc_c": 0.0332814596, "ser_L_x": 0.5975540755, "leu_L_m": 1.5791371121000002, "25hvitd3_c": 0.0094131776, "gcald_c": 0.567710115, "glyald_m": 0.013486758500000001, "thm_e": 0.0152185236, "c8crn_x": 0.007386359, "pcollg5hlys_c": 0.0261153469, "srb_L_c": 0.0318803907, "5htrp_e": 0.0190639728, "pmtcrn_m": 0.0052109228, "CE2537_c": 0.1174585806, "cyst_L_m": 0.023518856499999997, "3mob_c": 0.0058549933, "ru5p_D_c": 0.0076534417, "cys_L_m": 0.1154150008, "2mcacn_c": 0.0078186015, "pro_D_l": 3.7361725973000004, "pser_L_c": 0.0097940328, "pac_m": 0.4293460329, "inost_r": 0.21177355309999998, "ttdca_e": 0.033875296299999996, "orn_m": 0.6528477354, "acrn_x": 0.0130485253, "ttdcea_c": 0.006933175600000001, "fru_e": 0.11218841859999999, "ura_c": 0.039023462200000004, "lac_D_c": 44.35072537640001, "glyc_c": 0.2210271616, "ocdcea_r": 0.0019995551, "ttdcrn_c": 0.013475381000000002}