{"aact_m": 0.4306990053, "sphings_r": 0.013342247, "val_L_e": 0.4726076939, "C10164_c": 0.0684025945, "HC02024_r": 0.050647053, "fum_m": 0.0472351108, "hdcea_e": 0.0283411569, "adrnl_e": 0.0011577332, "cit_c": 0.8018643227, "4hpro_LT_r": 0.09931685009999999, "chol_m": 0.0421117332, "4h2oglt_c": 0.039604597400000004, "C06199_l": 0.259603509, "trp_L_c": 0.45594533950000005, "stcrn_m": 0.08932565710000001, "pyr_m": 0.6577161648, "carn_c": 0.1303198917, "chsterol_n": 0.9775996220000001, "lys_L_m": 0.5555368557, "g6p_r": 0.035698938300000004, "arg_L_e": 0.2106181745, "acgam_l": 0.0051915269, "c4crn_m": 0.0182237532, "C01601_c": 0.0139562052, "hom_L_e": 0.0059767584, "hxan_e": 0.04730495690000001, "lnlccrn_m": 0.24696036989999998, "im4ac_c": 0.0080088985, "urate_e": 0.38826720509999996, "g3p_c": 0.0249266688, "hdd2crn_c": 0.031577412, "glu_L_r": 0.0472716641, "nac_c": 0.1501017031, "asp_D_e": 0.0268944108, "thrnt_c": 0.017921595800000002, "C01507_c": 0.0121203826, "12ppd_R_c": 0.5187674426, "5oxpro_e": 0.8854921398000001, "fuc_L_e": 0.0101927178, "arab_L_c": 0.011170098799999998, "vacccrn_m": 0.3416109541, "CE6205_c": 0.0110601439, "pram_c": 0.6138797212, "ipdp_c": 0.0037750763, "met_L_m": 0.1618097722, "ile_L_e": 0.029507706600000003, "hyptaur_c": 0.0087830861, "rbt_e": 0.0263323919, "ocdca_c": 0.47156245119999995, "Lpipecol_x": 0.0164790113, "c10crn_e": 0.1496545144, "dhdascb_c": 0.018594318000000002, "gal_c": 0.036132742999999995, "phe_L_l": 0.4220001257, "urea_m": 14.3137284017, "glx_m": 0.039143716099999996, "glc_D_c": 5.6633785344000005, "gln_L_e": 0.2546516344, "glcur_c": 0.0044903512, "crn_e": 0.09750755900000001, "c6crn_x": 0.019046093899999998, "gua_e": 0.0120575774, "dchac_r": 0.0506174472, "4mop_c": 0.0389467506, "sarcs_m": 0.0975237303, "anth_e": 0.0087360671, "andrstndn_c": 0.018681954, "1p2cbxl_x": 0.2861686587, "2coum_c": 0.0156850012, "thr_L_e": 0.3517893536, "bilirub_r": 0.0370073351, "5hoxindoa_c": 0.0103242083, "ddeccrn_m": 0.0515826255, "3mop_m": 0.030698464100000003, "xylt_e": 0.006303759599999999, "sphs1p_e": 0.0382027578, "gudac_c": 0.010621015900000001, "succ_r": 0.0331442585, "ala_D_c": 5.8434131201, "prgstrn_e": 0.0253357183, "3hmp_m": 1.0217377983, "dmnoncrn_x": 0.0082523788, "oaa_x": 0.0923473583, "rib_D_c": 0.0549706074, "gly_m": 3.1772177506, "citr_L_m": 0.665154046, "glyclt_x": 0.0089865134, "acnam_l": 0.0110261168, "creat_m": 0.1311662737, "tyr_L_l": 0.1091910083, "oxa_c": 124.74526205229999, "Lcystin_c": 0.0383905135, "ivcrn_c": 0.0166911792, "dhap_x": 0.0211249779, "bz_r": 0.0161863895, "lneldc_e": 0.3158475805, "C02356_c": 0.20846904219999998, "pchol_hs_c": 0.0532051371, "asn_L_c": 0.0800288363, "6pgc_c": 0.0323808834, "ser_L_x": 0.7907013465999999, "leu_L_m": 1.3327986309, "25hvitd3_c": 0.0387424375, "gcald_c": 0.5228679384, "glyald_m": 0.0198551121, "thm_e": 0.0033910616999999997, "c8crn_x": 0.049427515400000004, "pcollg5hlys_c": 0.0637603867, "srb_L_c": 0.015834768200000002, "5htrp_e": 0.0092651496, "pmtcrn_m": 0.0026196128, "CE2537_c": 0.1558846605, "cyst_L_m": 0.0627084746, "3mob_c": 0.0043502103999999995, "ru5p_D_c": 0.0075747348999999995, "cys_L_m": 0.1065585633, "2mcacn_c": 0.0084506662, "pro_D_l": 3.6968756165, "pser_L_c": 0.0082143167, "pac_m": 0.4434655364, "inost_r": 0.2318329825, "ttdca_e": 0.0766745409, "orn_m": 0.4384952868, "acrn_x": 0.0127908765, "ttdcea_c": 0.007342188299999999, "fru_e": 0.040993144599999996, "ura_c": 0.0483291181, "lac_D_c": 28.9120796098, "glyc_c": 0.4458194015, "ocdcea_r": 0.0115795816, "ttdcrn_c": 0.0172240775}