{"aact_m": 0.11750976240000001, "sphings_r": 0.0190765316, "val_L_e": 0.4849489986, "C10164_c": 0.1131264663, "HC02024_r": 0.1001230928, "fum_m": 0.06479272679999999, "hdcea_e": 0.0213397196, "adrnl_e": 0.0035387388, "cit_c": 1.0652251287, "4hpro_LT_r": 0.09960017619999999, "chol_m": 0.06719305889999999, "4h2oglt_c": 0.0405690732, "C06199_l": 0.5276625678, "trp_L_c": 0.9388633647, "stcrn_m": 0.041845741299999996, "pyr_m": 0.2884777379, "carn_c": 0.2247496339, "chsterol_n": 1.7305484737999999, "lys_L_m": 0.9991260828, "g6p_r": 0.026875266600000003, "arg_L_e": 0.0516726831, "acgam_l": 0.0055525101, "c4crn_m": 0.0138441074, "C01601_c": 0.0093555774, "hom_L_e": 0.050090162300000005, "hxan_e": 0.0156861844, "lnlccrn_m": 0.048186277300000004, "im4ac_c": 0.0152865213, "urate_e": 0.8623500135, "g3p_c": 0.027545343599999998, "hdd2crn_c": 0.015515526100000001, "glu_L_r": 2.1871941514, "nac_c": 0.190328445, "asp_D_e": 0.41020150850000003, "thrnt_c": 0.0451115583, "C01507_c": 0.0178333494, "12ppd_R_c": 0.4738297319, "5oxpro_e": 4.1997518085, "fuc_L_e": 0.0112745705, "arab_L_c": 0.023713619900000003, "vacccrn_m": 0.0946122124, "CE6205_c": 0.0041647891, "pram_c": 0.6491582713, "ipdp_c": 0.003482365, "met_L_m": 0.3549974764, "ile_L_e": 0.07745783, "hyptaur_c": 0.0008717396, "rbt_e": 0.05436683, "ocdca_c": 0.5789896757999999, "Lpipecol_x": 0.0731727126, "c10crn_e": 0.0499588059, "dhdascb_c": 0.0177655907, "gal_c": 0.0329300758, "phe_L_l": 1.124191685, "urea_m": 19.1943641806, "glx_m": 0.0319108002, "glc_D_c": 109.33039379510001, "gln_L_e": 0.1274502365, "glcur_c": 0.0049381121, "crn_e": 0.0044483909999999995, "c6crn_x": 0.0128474001, "gua_e": 0.0248695994, "dchac_r": 0.060964022699999995, "4mop_c": 0.1136709977, "sarcs_m": 0.0653783402, "anth_e": 0.00018903209999999998, "andrstndn_c": 0.0159165748, "1p2cbxl_x": 0.42829356420000003, "2coum_c": 0.0305981421, "thr_L_e": 2.1066724323, "bilirub_r": 0.0281858733, "5hoxindoa_c": 0.008554603499999999, "ddeccrn_m": 0.0315233143, "3mop_m": 0.0422859829, "xylt_e": 0.053379445899999996, "sphs1p_e": 0.0206845364, "gudac_c": 0.0088392148, "succ_r": 0.08735118800000001, "ala_D_c": 28.457000430900003, "prgstrn_e": 0.0124931049, "3hmp_m": 0.815094168, "dmnoncrn_x": 0.0077370236, "oaa_x": 0.1012739799, "rib_D_c": 0.0523759441, "gly_m": 1.4835038117, "citr_L_m": 0.6590552743, "glyclt_x": 0.0017386431, "acnam_l": 0.059996648300000004, "creat_m": 0.18324469440000002, "tyr_L_l": 0.2176360921, "oxa_c": 9.973208382200001, "Lcystin_c": 0.0068265365, "ivcrn_c": 0.0024352344000000002, "dhap_x": 0.031517622200000005, "bz_r": 0.026542318, "lneldc_e": 0.0185372806, "C02356_c": 0.6938078087999999, "pchol_hs_c": 0.224548424, "asn_L_c": 0.016473850800000002, "6pgc_c": 0.0296333577, "ser_L_x": 1.4910640679, "leu_L_m": 3.5961174668, "25hvitd3_c": 0.022762207000000003, "gcald_c": 0.3766940883, "glyald_m": 0.0087599008, "thm_e": 0.0035919657, "c8crn_x": 0.021440379, "pcollg5hlys_c": 0.0918215341, "srb_L_c": 0.0372245203, "5htrp_e": 0.0411650477, "pmtcrn_m": 0.0054162309, "CE2537_c": 0.1693835295, "cyst_L_m": 0.0015941232, "3mob_c": 0.0137234695, "ru5p_D_c": 0.0324715669, "cys_L_m": 0.0469585423, "2mcacn_c": 0.007764463, "pro_D_l": 10.7817086714, "pser_L_c": 0.0081131023, "pac_m": 0.3856825416, "inost_r": 0.41102400920000004, "ttdca_e": 0.0945587083, "orn_m": 0.4882643801, "acrn_x": 0.0036367621999999996, "ttdcea_c": 0.0143503308, "fru_e": 1.1783895017000001, "ura_c": 0.049623695700000005, "lac_D_c": 151.8682389886, "glyc_c": 0.4459987153, "ocdcea_r": 0.1861092742, "ttdcrn_c": 0.0161051729}