{"aact_m": 0.2683510665, "sphings_r": 0.0304157931, "val_L_e": 0.46031059399999996, "C10164_c": 0.09721197820000001, "HC02024_r": 0.0461013808, "fum_m": 0.049725495999999994, "hdcea_e": 0.057812230199999995, "adrnl_e": 0.0047215942, "cit_c": 0.8418486472, "4hpro_LT_r": 0.105338471, "chol_m": 0.0221298211, "4h2oglt_c": 0.034133958799999996, "C06199_l": 0.403619244, "trp_L_c": 0.7877487713, "stcrn_m": 0.08421448960000001, "pyr_m": 1.1032911864, "carn_c": 0.16809570510000002, "chsterol_n": 1.7922950380000002, "lys_L_m": 1.4929274818, "g6p_r": 0.0514686279, "arg_L_e": 0.0399261849, "acgam_l": 0.0071433948, "c4crn_m": 0.0227254666, "C01601_c": 0.014447607099999999, "hom_L_e": 0.0093238121, "hxan_e": 0.044022394400000005, "lnlccrn_m": 0.1165013324, "im4ac_c": 0.0094201905, "urate_e": 0.5570027472, "g3p_c": 0.0453236217, "hdd2crn_c": 0.0382809305, "glu_L_r": 0.2009498364, "nac_c": 0.1531354449, "asp_D_e": 0.0670454214, "thrnt_c": 0.0365621081, "C01507_c": 0.0067917414, "12ppd_R_c": 0.5725643789, "5oxpro_e": 1.6449956734, "fuc_L_e": 0.010800095, "arab_L_c": 0.005751913000000001, "vacccrn_m": 0.2422134582, "CE6205_c": 0.0082009156, "pram_c": 0.5372644678, "ipdp_c": 0.0037454424, "met_L_m": 0.296440266, "ile_L_e": 0.0321661061, "hyptaur_c": 0.014415073, "rbt_e": 0.0291583795, "ocdca_c": 0.5988099195000001, "Lpipecol_x": 0.0366724686, "c10crn_e": 0.2588278052, "dhdascb_c": 0.0166270762, "gal_c": 0.024296110699999998, "phe_L_l": 0.6819803372, "urea_m": 15.8961098088, "glx_m": 0.116136868, "glc_D_c": 21.9490999658, "gln_L_e": 0.37552855420000003, "glcur_c": 0.0060491222, "crn_e": 0.0279908446, "c6crn_x": 0.0297103502, "gua_e": 0.021761506200000003, "dchac_r": 0.07875103530000001, "4mop_c": 0.080493728, "sarcs_m": 0.1553286487, "anth_e": 0.0076349011, "andrstndn_c": 0.029135766400000002, "1p2cbxl_x": 0.2819080881, "2coum_c": 0.0305354233, "thr_L_e": 1.0560269119, "bilirub_r": 0.0892793475, "5hoxindoa_c": 0.0099589157, "ddeccrn_m": 0.0820897337, "3mop_m": 0.0351362189, "xylt_e": 0.0068962902, "sphs1p_e": 0.0522028159, "gudac_c": 0.0097140838, "succ_r": 0.0344565806, "ala_D_c": 15.162625719200001, "prgstrn_e": 0.029163109700000002, "3hmp_m": 4.685252654, "dmnoncrn_x": 0.0115521321, "oaa_x": 0.09835314269999999, "rib_D_c": 0.06337614429999999, "gly_m": 3.2474447358, "citr_L_m": 0.6897063683, "glyclt_x": 0.0076166187, "acnam_l": 0.0170383778, "creat_m": 0.20844892739999998, "tyr_L_l": 0.2134794875, "oxa_c": 120.543344086, "Lcystin_c": 0.0432970903, "ivcrn_c": 0.011675152, "dhap_x": 0.0242689391, "bz_r": 0.022139074900000003, "lneldc_e": 0.0276797043, "C02356_c": 0.6761806056, "pchol_hs_c": 0.0572786993, "asn_L_c": 0.1212485537, "6pgc_c": 0.0260830745, "ser_L_x": 1.8328866281, "leu_L_m": 2.9322180655000003, "25hvitd3_c": 0.0339872768, "gcald_c": 0.5316613231, "glyald_m": 0.0195467462, "thm_e": 0.0078005786, "c8crn_x": 0.08019570150000001, "pcollg5hlys_c": 0.09053250460000001, "srb_L_c": 0.0165770095, "5htrp_e": 0.0215766098, "pmtcrn_m": 0.0029981081, "CE2537_c": 0.1907705073, "cyst_L_m": 0.1688999208, "3mob_c": 0.0130808208, "ru5p_D_c": 0.0087983959, "cys_L_m": 0.08646318119999999, "2mcacn_c": 0.0080505174, "pro_D_l": 6.056587415499999, "pser_L_c": 0.0090298407, "pac_m": 0.4049952464, "inost_r": 0.2403260895, "ttdca_e": 0.1337648702, "orn_m": 0.971030099, "acrn_x": 0.009598391999999999, "ttdcea_c": 0.0127941897, "fru_e": 0.0331654138, "ura_c": 0.0434318526, "lac_D_c": 36.3534571294, "glyc_c": 0.6789706201000001, "ocdcea_r": 0.0130395326, "ttdcrn_c": 0.0265637945}