{"aact_m": 0.47907359969999996, "sphings_r": 0.0159021496, "val_L_e": 0.3142640694, "C10164_c": 0.059588794900000006, "HC02024_r": 0.0519935401, "fum_m": 0.0389041217, "hdcea_e": 0.018515843100000002, "adrnl_e": 0.0014882063, "cit_c": 0.8781988070000001, "4hpro_LT_r": 0.0983408224, "chol_m": 0.038407692400000006, "4h2oglt_c": 0.040939914, "C06199_l": 0.4223548491, "trp_L_c": 0.7930644365999999, "stcrn_m": 0.0295069819, "pyr_m": 0.3215807698, "carn_c": 0.17547065620000002, "chsterol_n": 1.0887994243999999, "lys_L_m": 0.6147351134000001, "g6p_r": 0.049665867300000006, "arg_L_e": 0.0531181243, "acgam_l": 0.0037034217, "c4crn_m": 0.0201534399, "C01601_c": 0.0180256626, "hom_L_e": 0.0159035079, "hxan_e": 0.0089176313, "lnlccrn_m": 0.0260314356, "im4ac_c": 0.007003940300000001, "urate_e": 0.6141738534000001, "g3p_c": 0.0377007198, "hdd2crn_c": 0.008858901, "glu_L_r": 0.8541229813, "nac_c": 0.1387633447, "asp_D_e": 0.11792569789999999, "thrnt_c": 0.0266844283, "C01507_c": 0.0224910181, "12ppd_R_c": 0.4696694191, "5oxpro_e": 2.2949968796999998, "fuc_L_e": 0.0110070332, "arab_L_c": 0.0123866557, "vacccrn_m": 0.060221609100000004, "CE6205_c": 0.0294690244, "pram_c": 0.6322537415, "ipdp_c": 0.0031072652, "met_L_m": 0.210989851, "ile_L_e": 0.0727998981, "hyptaur_c": 0.0027603929, "rbt_e": 0.0354931053, "ocdca_c": 0.4466136713, "Lpipecol_x": 0.0226402826, "c10crn_e": 0.051504138600000006, "dhdascb_c": 0.0153022127, "gal_c": 0.0725377166, "phe_L_l": 0.7918149497, "urea_m": 19.3918782035, "glx_m": 0.0172005429, "glc_D_c": 21.472098724000002, "gln_L_e": 0.18530254570000002, "glcur_c": 0.0103428523, "crn_e": 0.0370262538, "c6crn_x": 0.0108433453, "gua_e": 0.0136071625, "dchac_r": 0.0394631464, "4mop_c": 0.066395186, "sarcs_m": 0.0415519866, "anth_e": 0.012135106100000001, "andrstndn_c": 0.0082815778, "1p2cbxl_x": 0.3235756112, "2coum_c": 0.021270884700000003, "thr_L_e": 0.8225186655, "bilirub_r": 0.040194866, "5hoxindoa_c": 0.0093442539, "ddeccrn_m": 0.0237717768, "3mop_m": 0.1264907607, "xylt_e": 0.0088463729, "sphs1p_e": 0.0137036303, "gudac_c": 0.0096501211, "succ_r": 0.046739898700000004, "ala_D_c": 10.240278972, "prgstrn_e": 0.006443485600000001, "3hmp_m": 0.9066948667, "dmnoncrn_x": 0.004858456, "oaa_x": 0.115375627, "rib_D_c": 0.0658751838, "gly_m": 1.0307084385, "citr_L_m": 0.6226655267, "glyclt_x": 0.0067658839, "acnam_l": 0.006648213199999999, "creat_m": 0.4080831289, "tyr_L_l": 0.1452695805, "oxa_c": 172.09428693419997, "Lcystin_c": 0.0276407681, "ivcrn_c": 0.061806011200000004, "dhap_x": 0.020845050900000002, "bz_r": 0.020771583, "lneldc_e": 0.011483644199999999, "C02356_c": 0.2824014029, "pchol_hs_c": 0.21377462949999998, "asn_L_c": 0.0378503072, "6pgc_c": 0.0337073866, "ser_L_x": 1.1069959623, "leu_L_m": 4.1871650863, "25hvitd3_c": 0.0114378001, "gcald_c": 0.4485216954, "glyald_m": 0.0110733321, "thm_e": 0.010128249300000001, "c8crn_x": 0.020847908999999998, "pcollg5hlys_c": 0.07282532629999999, "srb_L_c": 0.0369111857, "5htrp_e": 0.012356183100000001, "pmtcrn_m": 0.0032423161, "CE2537_c": 0.2015216999, "cyst_L_m": 0.1158265993, "3mob_c": 0.010538151499999999, "ru5p_D_c": 0.021105975, "cys_L_m": 0.051723329000000005, "2mcacn_c": 0.0074014089, "pro_D_l": 8.844954426900001, "pser_L_c": 0.0079719971, "pac_m": 0.4004150925, "inost_r": 0.23979359809999998, "ttdca_e": 0.0603560771, "orn_m": 0.5583244757, "acrn_x": 0.0170526371, "ttdcea_c": 0.017064657900000002, "fru_e": 0.2816123743, "ura_c": 0.0412674653, "lac_D_c": 49.829653909399994, "glyc_c": 0.4091466405, "ocdcea_r": 0.0046369476, "ttdcrn_c": 0.009457630500000001}