{"aact_m": 0.8154056514, "sphings_r": 0.032206618900000004, "val_L_e": 0.4686468339, "C10164_c": 0.0271781421, "HC02024_r": 0.1568264127, "fum_m": 0.0140279157, "hdcea_e": 0.016155930500000002, "adrnl_e": 0.0012406061999999999, "cit_c": 0.6613900578999999, "4hpro_LT_r": 0.13717323050000002, "chol_m": 0.0572667904, "4h2oglt_c": 0.048869099299999996, "C06199_l": 0.3539314074, "trp_L_c": 0.6000152018, "stcrn_m": 0.056964580099999995, "pyr_m": 0.3880642504, "carn_c": 0.18815212550000002, "chsterol_n": 1.7482902866999999, "lys_L_m": 0.5780355341, "g6p_r": 0.43283623130000004, "arg_L_e": 0.09770971070000001, "acgam_l": 0.0057414497, "c4crn_m": 0.0570207192, "C01601_c": 0.036958332, "hom_L_e": 0.0029925167, "hxan_e": 0.0045765674, "lnlccrn_m": 0.0658626375, "im4ac_c": 0.045506646100000006, "urate_e": 0.1800419634, "g3p_c": 0.0811845838, "hdd2crn_c": 0.023594865099999997, "glu_L_r": 0.12135732269999999, "nac_c": 0.23482161510000002, "asp_D_e": 0.0194542773, "thrnt_c": 0.06422166509999999, "C01507_c": 0.0632228422, "12ppd_R_c": 0.4484593607, "5oxpro_e": 1.1802633111, "fuc_L_e": 0.0086191425, "arab_L_c": 0.0084812537, "vacccrn_m": 0.1452884957, "CE6205_c": 0.0314795014, "pram_c": 0.66441828, "ipdp_c": 0.005441889399999999, "met_L_m": 0.20033700710000002, "ile_L_e": 0.0228849933, "hyptaur_c": 0.0028933120000000003, "rbt_e": 0.0435016429, "ocdca_c": 0.4854013579, "Lpipecol_x": 0.0289852121, "c10crn_e": 0.0767026537, "dhdascb_c": 0.0136690244, "gal_c": 0.032726559700000005, "phe_L_l": 0.6071757026, "urea_m": 43.302061378599994, "glx_m": 0.0874543884, "glc_D_c": 27.8970474336, "gln_L_e": 0.4820479439, "glcur_c": 0.008013461, "crn_e": 0.0601953788, "c6crn_x": 0.009116269, "gua_e": 0.018464906399999998, "dchac_r": 0.1248681417, "4mop_c": 0.0535108454, "sarcs_m": 0.0588224943, "anth_e": 0.0134065744, "andrstndn_c": 0.0102035151, "1p2cbxl_x": 0.2463124706, "2coum_c": 0.026619934900000003, "thr_L_e": 0.5794325119, "bilirub_r": 0.08945632369999999, "5hoxindoa_c": 0.012924083999999999, "ddeccrn_m": 0.0411040089, "3mop_m": 0.0646422304, "xylt_e": 0.0059546446, "sphs1p_e": 0.05084689059999999, "gudac_c": 0.010712490500000001, "succ_r": 0.0139401334, "ala_D_c": 7.6985862078, "prgstrn_e": 0.0139787327, "3hmp_m": 0.5354800567, "dmnoncrn_x": 0.0084090113, "oaa_x": 0.120106929, "rib_D_c": 0.0443070162, "gly_m": 1.1225469851, "citr_L_m": 0.7156971593000001, "glyclt_x": 0.0285020999, "acnam_l": 0.0065261155000000005, "creat_m": 0.2258975162, "tyr_L_l": 0.2005004965, "oxa_c": 144.8029774506, "Lcystin_c": 0.039055713900000004, "ivcrn_c": 0.056652178600000005, "dhap_x": 0.027223870499999997, "bz_r": 0.0219180162, "lneldc_e": 0.40146099490000003, "C02356_c": 0.2861215365, "pchol_hs_c": 0.0878110839, "asn_L_c": 0.0685696563, "6pgc_c": 0.037902220099999995, "ser_L_x": 0.9014314883, "leu_L_m": 2.1361289251, "25hvitd3_c": 0.024097834, "gcald_c": 0.9048701709, "glyald_m": 0.0094849985, "thm_e": 0.007013709399999999, "c8crn_x": 0.02786672, "pcollg5hlys_c": 0.0886842471, "srb_L_c": 0.018527266599999998, "5htrp_e": 0.0038346208000000002, "pmtcrn_m": 0.0066197477, "CE2537_c": 0.12640147710000002, "cyst_L_m": 0.0430748526, "3mob_c": 0.0090233927, "ru5p_D_c": 0.0131711932, "cys_L_m": 0.07232467669999999, "2mcacn_c": 0.011312757199999999, "pro_D_l": 4.5978022626, "pser_L_c": 0.009927064000000001, "pac_m": 0.4955797964, "inost_r": 0.18373070019999999, "ttdca_e": 0.059054322400000005, "orn_m": 0.4192680773, "acrn_x": 0.011574673700000001, "ttdcea_c": 0.010082406700000001, "fru_e": 0.08716509130000001, "ura_c": 0.0381930349, "lac_D_c": 23.395965151, "glyc_c": 0.2070567256, "ocdcea_r": 0.008744651800000001, "ttdcrn_c": 0.0175087866}