{"aact_m": 0.35374282119999995, "sphings_r": 0.022876033599999998, "val_L_e": 0.2715579784, "C10164_c": 0.06836299059999999, "HC02024_r": 0.0663526416, "fum_m": 0.0487425363, "hdcea_e": 0.0440865113, "adrnl_e": 0.0004285492, "cit_c": 0.4817047218, "4hpro_LT_r": 0.1068507244, "chol_m": 0.057938718, "4h2oglt_c": 0.040899704, "C06199_l": 0.4208449295, "trp_L_c": 0.5594152003, "stcrn_m": 0.0347319311, "pyr_m": 0.9944460684, "carn_c": 0.16407710550000001, "chsterol_n": 1.2297725774, "lys_L_m": 0.9355111608, "g6p_r": 0.0483445968, "arg_L_e": 0.0368003214, "acgam_l": 0.0041147783, "c4crn_m": 0.027511024, "C01601_c": 0.0162212351, "hom_L_e": 0.0045900589, "hxan_e": 0.0237786223, "lnlccrn_m": 0.0786747246, "im4ac_c": 0.0097315779, "urate_e": 0.17789755289999998, "g3p_c": 0.024660577599999997, "hdd2crn_c": 0.0181298266, "glu_L_r": 0.06597023889999999, "nac_c": 0.35313373530000003, "asp_D_e": 0.0371572475, "thrnt_c": 0.0204951501, "C01507_c": 0.0267405573, "12ppd_R_c": 0.4675975343, "5oxpro_e": 0.7996704882, "fuc_L_e": 0.0085253052, "arab_L_c": 0.0079709664, "vacccrn_m": 0.11703249539999999, "CE6205_c": 0.0180300478, "pram_c": 0.6560591325999999, "ipdp_c": 0.0033046936, "met_L_m": 0.1931521639, "ile_L_e": 0.026765850299999998, "hyptaur_c": 0.0092928039, "rbt_e": 0.0354387844, "ocdca_c": 0.4255410561, "Lpipecol_x": 0.1516763425, "c10crn_e": 0.0968090477, "dhdascb_c": 0.0127805021, "gal_c": 0.0293254534, "phe_L_l": 0.647995716, "urea_m": 15.5834841963, "glx_m": 0.0237657217, "glc_D_c": 6.9874757812, "gln_L_e": 0.2111230606, "glcur_c": 0.007138826899999999, "crn_e": 0.0321080623, "c6crn_x": 0.0139645149, "gua_e": 0.0158441846, "dchac_r": 0.057542660700000005, "4mop_c": 0.050195482, "sarcs_m": 0.1370180601, "anth_e": 0.0046354655, "andrstndn_c": 0.019722561200000002, "1p2cbxl_x": 0.2494458668, "2coum_c": 0.027207852799999998, "thr_L_e": 0.6613613238, "bilirub_r": 0.0392882384, "5hoxindoa_c": 0.0113350594, "ddeccrn_m": 0.031138644, "3mop_m": 0.0959073042, "xylt_e": 0.0071419983, "sphs1p_e": 0.0354801249, "gudac_c": 0.0111094766, "succ_r": 0.045407748899999996, "ala_D_c": 8.9193423424, "prgstrn_e": 0.0118137818, "3hmp_m": 1.0265507832, "dmnoncrn_x": 0.0084150884, "oaa_x": 0.1059219574, "rib_D_c": 0.047674335400000004, "gly_m": 0.8738346373999999, "citr_L_m": 0.6218166079, "glyclt_x": 0.0084240825, "acnam_l": 0.0156242973, "creat_m": 0.1936164856, "tyr_L_l": 0.1911930323, "oxa_c": 70.47803154729999, "Lcystin_c": 0.0407165311, "ivcrn_c": 0.029922896, "dhap_x": 0.022617440899999997, "bz_r": 0.0178938477, "lneldc_e": 0.0147145124, "C02356_c": 0.2932320925, "pchol_hs_c": 0.061885242, "asn_L_c": 0.056517542000000004, "6pgc_c": 0.0353472065, "ser_L_x": 0.6264785543, "leu_L_m": 2.7953456633, "25hvitd3_c": 0.0207615048, "gcald_c": 0.45325559049999997, "glyald_m": 0.0074273842000000005, "thm_e": 0.007164930600000001, "c8crn_x": 0.030607710099999998, "pcollg5hlys_c": 0.0744973684, "srb_L_c": 0.0209438476, "5htrp_e": 0.018551321200000002, "pmtcrn_m": 0.0020893049, "CE2537_c": 0.149104903, "cyst_L_m": 0.08038857599999999, "3mob_c": 0.0081155072, "ru5p_D_c": 0.0105952123, "cys_L_m": 0.1065751048, "2mcacn_c": 0.0081773329, "pro_D_l": 6.3578384036, "pser_L_c": 0.0084590901, "pac_m": 0.4427175422, "inost_r": 0.20882601969999998, "ttdca_e": 0.1195906191, "orn_m": 0.7723949509, "acrn_x": 0.011388801499999998, "ttdcea_c": 0.0120078478, "fru_e": 0.0468065585, "ura_c": 0.0354419885, "lac_D_c": 31.7581021685, "glyc_c": 0.4678490864, "ocdcea_r": 0.012026081599999999, "ttdcrn_c": 0.0170969805}