{"aact_m": 0.34512024329999996, "sphings_r": 0.0406475071, "val_L_e": 0.378531292, "C10164_c": 0.0728175591, "HC02024_r": 0.0507816755, "fum_m": 0.0373353479, "hdcea_e": 0.0123808499, "adrnl_e": 0.0009418717, "cit_c": 0.856335629, "4hpro_LT_r": 0.1199724293, "chol_m": 0.0655673063, "4h2oglt_c": 0.0343990864, "C06199_l": 0.3296739404, "trp_L_c": 0.6076522779, "stcrn_m": 0.060585352599999996, "pyr_m": 0.8893396062000001, "carn_c": 0.1937524301, "chsterol_n": 1.1435641545, "lys_L_m": 0.9262360384999999, "g6p_r": 0.0659167757, "arg_L_e": 0.044163819699999995, "acgam_l": 0.0049199943, "c4crn_m": 0.0171656081, "C01601_c": 0.0145402176, "hom_L_e": 0.0043284796, "hxan_e": 0.0245497343, "lnlccrn_m": 0.095173525, "im4ac_c": 0.028758401099999997, "urate_e": 0.3250172371, "g3p_c": 0.0658374435, "hdd2crn_c": 0.0194342282, "glu_L_r": 0.0681315406, "nac_c": 0.0549260008, "asp_D_e": 0.0344495748, "thrnt_c": 0.069663694, "C01507_c": 0.0145160324, "12ppd_R_c": 0.4190962817, "5oxpro_e": 0.9838356897, "fuc_L_e": 0.0060778609999999995, "arab_L_c": 0.0024405967, "vacccrn_m": 0.1365730698, "CE6205_c": 0.0090406822, "pram_c": 0.5269408911, "ipdp_c": 0.0039592106, "met_L_m": 0.1743773981, "ile_L_e": 0.026791447200000002, "hyptaur_c": 0.0101322511, "rbt_e": 0.025753931600000002, "ocdca_c": 0.3791213507, "Lpipecol_x": 0.06664893549999999, "c10crn_e": 0.0581188083, "dhdascb_c": 0.0202804764, "gal_c": 0.0164173357, "phe_L_l": 0.49623349640000003, "urea_m": 19.223991718900002, "glx_m": 0.0629103484, "glc_D_c": 27.979759444000003, "gln_L_e": 0.293850061, "glcur_c": 0.00417598, "crn_e": 0.0712287308, "c6crn_x": 0.0094155613, "gua_e": 0.0151088373, "dchac_r": 0.08309248059999999, "4mop_c": 0.0453419946, "sarcs_m": 0.24611675440000003, "anth_e": 0.0086020771, "andrstndn_c": 0.0123286865, "1p2cbxl_x": 0.1973696086, "2coum_c": 0.029803041000000002, "thr_L_e": 0.7538054847, "bilirub_r": 0.037759952799999996, "5hoxindoa_c": 0.0087242326, "ddeccrn_m": 0.0363410575, "3mop_m": 0.053750482, "xylt_e": 0.0045457689, "sphs1p_e": 0.0497855899, "gudac_c": 0.0087303281, "succ_r": 0.0302371008, "ala_D_c": 10.8121818775, "prgstrn_e": 0.0121160495, "3hmp_m": 0.40320702420000004, "dmnoncrn_x": 0.0039780761, "oaa_x": 0.0922338995, "rib_D_c": 0.0565914958, "gly_m": 1.3458333081, "citr_L_m": 0.6587328253, "glyclt_x": 0.013390558799999999, "acnam_l": 0.0081759969, "creat_m": 0.3614039617, "tyr_L_l": 0.2166219761, "oxa_c": 133.5139589137, "Lcystin_c": 0.0495220383, "ivcrn_c": 0.0154592395, "dhap_x": 0.022110933500000002, "bz_r": 0.0188505757, "lneldc_e": 0.021818627799999997, "C02356_c": 0.3886880443, "pchol_hs_c": 0.0669372743, "asn_L_c": 0.0919962057, "6pgc_c": 0.0287461732, "ser_L_x": 0.7538746093, "leu_L_m": 1.6938625086, "25hvitd3_c": 0.021883788300000002, "gcald_c": 0.5675053783, "glyald_m": 0.0259298392, "thm_e": 0.0105605241, "c8crn_x": 0.0193900953, "pcollg5hlys_c": 0.082708972, "srb_L_c": 0.0159195208, "5htrp_e": 0.009531221999999999, "pmtcrn_m": 0.0026910209999999996, "CE2537_c": 0.16847004510000002, "cyst_L_m": 0.094003145, "3mob_c": 0.0083098545, "ru5p_D_c": 0.014197526299999999, "cys_L_m": 0.0658109445, "2mcacn_c": 0.009243717, "pro_D_l": 4.2961975027, "pser_L_c": 0.0124375801, "pac_m": 0.46664382909999996, "inost_r": 0.2173320069, "ttdca_e": 0.0359691631, "orn_m": 0.6289732531000001, "acrn_x": 0.015975586200000003, "ttdcea_c": 0.014814451499999999, "fru_e": 0.0879370801, "ura_c": 0.0533638195, "lac_D_c": 26.8459555197, "glyc_c": 0.1578647255, "ocdcea_r": 0.002460159, "ttdcrn_c": 0.0173930279}