{"aact_m": 0.3484893043, "sphings_r": 0.025839155699999998, "val_L_e": 0.4494153456, "C10164_c": 0.08466932939999999, "HC02024_r": 0.1029547123, "fum_m": 0.060458593399999996, "hdcea_e": 0.0968479166, "adrnl_e": 0.0019047553, "cit_c": 0.7774868614, "4hpro_LT_r": 0.1133136169, "chol_m": 0.0988717008, "4h2oglt_c": 0.035735893, "C06199_l": 0.43528996509999995, "trp_L_c": 0.9183284948, "stcrn_m": 0.0515815767, "pyr_m": 1.1655945146, "carn_c": 0.1994161801, "chsterol_n": 2.9021750097, "lys_L_m": 1.4478310878999998, "g6p_r": 0.04727650480000001, "arg_L_e": 0.0283843737, "acgam_l": 0.0073005756, "c4crn_m": 0.0370071266, "C01601_c": 0.0244721523, "hom_L_e": 0.0201999966, "hxan_e": 0.0256507698, "lnlccrn_m": 0.07137944780000001, "im4ac_c": 0.0152028492, "urate_e": 0.4751110265, "g3p_c": 0.05686960730000001, "hdd2crn_c": 0.0259930735, "glu_L_r": 0.20693597, "nac_c": 0.38070230229999996, "asp_D_e": 0.0607555963, "thrnt_c": 0.0648518787, "C01507_c": 0.0097285477, "12ppd_R_c": 0.6252970608, "5oxpro_e": 1.9415386807, "fuc_L_e": 0.0103484558, "arab_L_c": 0.0117579434, "vacccrn_m": 0.1293084698, "CE6205_c": 0.0112214074, "pram_c": 0.5066764846, "ipdp_c": 0.0035397644, "met_L_m": 0.2915127062, "ile_L_e": 0.049876988600000005, "hyptaur_c": 0.0108283705, "rbt_e": 0.037830215, "ocdca_c": 0.9605044254, "Lpipecol_x": 0.1050290961, "c10crn_e": 0.0857756059, "dhdascb_c": 0.0113766318, "gal_c": 0.03589458, "phe_L_l": 0.9613925925, "urea_m": 43.670352728500006, "glx_m": 0.0567047272, "glc_D_c": 61.624402087600004, "gln_L_e": 0.3122417528, "glcur_c": 0.0084345401, "crn_e": 0.05976616059999999, "c6crn_x": 0.0187879046, "gua_e": 0.0176719614, "dchac_r": 0.0674445292, "4mop_c": 0.1142918377, "sarcs_m": 0.1346242002, "anth_e": 0.0091135604, "andrstndn_c": 0.015509744099999999, "1p2cbxl_x": 0.2193631705, "2coum_c": 0.0185610856, "thr_L_e": 0.7191285875, "bilirub_r": 0.0551070498, "5hoxindoa_c": 0.012712978799999998, "ddeccrn_m": 0.0446939653, "3mop_m": 0.0633551123, "xylt_e": 0.015576884099999999, "sphs1p_e": 0.0253797627, "gudac_c": 0.0116867572, "succ_r": 0.0316815385, "ala_D_c": 10.235538183600001, "prgstrn_e": 0.0134775044, "3hmp_m": 3.4929812084, "dmnoncrn_x": 0.005877853299999999, "oaa_x": 0.0898083676, "rib_D_c": 0.069947929, "gly_m": 1.7969971922, "citr_L_m": 0.6597641007, "glyclt_x": 0.005533447800000001, "acnam_l": 0.014387266000000001, "creat_m": 0.3131941218, "tyr_L_l": 0.1371727282, "oxa_c": 121.1331705708, "Lcystin_c": 0.0680294515, "ivcrn_c": 0.0188254256, "dhap_x": 0.024519611400000002, "bz_r": 0.0224697714, "lneldc_e": 0.0271554426, "C02356_c": 1.3072552714, "pchol_hs_c": 0.059933980199999994, "asn_L_c": 0.1155081352, "6pgc_c": 0.0291769191, "ser_L_x": 1.1773534885999999, "leu_L_m": 3.6733720614, "25hvitd3_c": 0.0175229849, "gcald_c": 0.761130566, "glyald_m": 0.0113476143, "thm_e": 0.0079520143, "c8crn_x": 0.0304444098, "pcollg5hlys_c": 0.10229731269999999, "srb_L_c": 0.019111556499999998, "5htrp_e": 0.0172187379, "pmtcrn_m": 0.0028960307, "CE2537_c": 0.2343270792, "cyst_L_m": 0.0705709301, "3mob_c": 0.0183813609, "ru5p_D_c": 0.0173343547, "cys_L_m": 0.083524133, "2mcacn_c": 0.009673854300000001, "pro_D_l": 6.8143882175999995, "pser_L_c": 0.0087968364, "pac_m": 0.4789917183, "inost_r": 0.7491171868000001, "ttdca_e": 0.16902372640000002, "orn_m": 0.8305443998, "acrn_x": 0.0124724855, "ttdcea_c": 0.0124719068, "fru_e": 0.049029813, "ura_c": 0.029873550899999997, "lac_D_c": 36.574167301399996, "glyc_c": 0.60584557, "ocdcea_r": 0.0437956412, "ttdcrn_c": 0.0195937784}