{"aact_m": 0.32100487559999996, "sphings_r": 0.0221056907, "val_L_e": 0.3468639927, "C10164_c": 0.0442133734, "HC02024_r": 0.0398565664, "fum_m": 0.0350937915, "hdcea_e": 0.0224810942, "adrnl_e": 0.009432571800000001, "cit_c": 0.41798885909999994, "4hpro_LT_r": 0.099845545, "chol_m": 0.06399965690000001, "4h2oglt_c": 0.038280651400000004, "C06199_l": 0.399540915, "trp_L_c": 0.5326915972, "stcrn_m": 0.058723892199999995, "pyr_m": 1.1007880838, "carn_c": 0.2118342973, "chsterol_n": 1.542634815, "lys_L_m": 0.7335464583, "g6p_r": 0.0543098472, "arg_L_e": 0.07910696910000001, "acgam_l": 0.0036209759, "c4crn_m": 0.014018007800000001, "C01601_c": 0.0103027204, "hom_L_e": 0.0140371, "hxan_e": 0.07186392030000001, "lnlccrn_m": 0.06902966070000001, "im4ac_c": 0.0118751798, "urate_e": 0.3494648725, "g3p_c": 0.0325405266, "hdd2crn_c": 0.014979173600000001, "glu_L_r": 0.38775012229999994, "nac_c": 0.0324440468, "asp_D_e": 0.0516636163, "thrnt_c": 0.025355244300000003, "C01507_c": 0.0077607928, "12ppd_R_c": 0.4666715762, "5oxpro_e": 1.5091395193000001, "fuc_L_e": 0.0077756707999999996, "arab_L_c": 0.013246936599999998, "vacccrn_m": 0.1235871866, "CE6205_c": 0.006429595400000001, "pram_c": 0.5428690566, "ipdp_c": 0.0038100198, "met_L_m": 0.1520542571, "ile_L_e": 0.039661310400000004, "hyptaur_c": 0.0043737683, "rbt_e": 0.0354965254, "ocdca_c": 0.2749190995, "Lpipecol_x": 0.0760759192, "c10crn_e": 0.0180062716, "dhdascb_c": 0.013870264299999999, "gal_c": 0.0214830942, "phe_L_l": 0.5503313907999999, "urea_m": 14.932659810499999, "glx_m": 0.0617527329, "glc_D_c": 2.5914875732, "gln_L_e": 0.2454931373, "glcur_c": 0.0057339682999999995, "crn_e": 0.0367042462, "c6crn_x": 0.0046292127, "gua_e": 0.0157946795, "dchac_r": 0.0655937619, "4mop_c": 0.052476653899999996, "sarcs_m": 0.4518136966, "anth_e": 0.004207168, "andrstndn_c": 0.0074299972, "1p2cbxl_x": 0.23784195190000001, "2coum_c": 0.030604714300000002, "thr_L_e": 0.3635409767, "bilirub_r": 0.0243652225, "5hoxindoa_c": 0.010521942, "ddeccrn_m": 0.0165163316, "3mop_m": 0.0432548864, "xylt_e": 0.009495192, "sphs1p_e": 0.0667816411, "gudac_c": 0.010710016499999999, "succ_r": 0.0217755297, "ala_D_c": 11.545136301, "prgstrn_e": 0.0041207281, "3hmp_m": 0.994593795, "dmnoncrn_x": 0.0022326024, "oaa_x": 0.10194968900000001, "rib_D_c": 0.0622148863, "gly_m": 3.5803547277999996, "citr_L_m": 0.6695273979999999, "glyclt_x": 0.0046766609, "acnam_l": 0.007168733399999999, "creat_m": 0.2524153024, "tyr_L_l": 0.2143357934, "oxa_c": 101.44792916950001, "Lcystin_c": 0.0450996299, "ivcrn_c": 0.0114745728, "dhap_x": 0.0231612881, "bz_r": 0.021584149599999998, "lneldc_e": 0.0222442304, "C02356_c": 0.35152997340000003, "pchol_hs_c": 0.07584308719999999, "asn_L_c": 0.0421930435, "6pgc_c": 0.0303140196, "ser_L_x": 0.7274531037, "leu_L_m": 2.9764430741, "25hvitd3_c": 0.024184373500000002, "gcald_c": 0.6190269734, "glyald_m": 0.026463261499999998, "thm_e": 0.0120161673, "c8crn_x": 0.005617765699999999, "pcollg5hlys_c": 0.0766159516, "srb_L_c": 0.0399357053, "5htrp_e": 0.006251744300000001, "pmtcrn_m": 0.0042978253000000004, "CE2537_c": 0.18008030879999998, "cyst_L_m": 0.016468641399999998, "3mob_c": 0.0080668494, "ru5p_D_c": 0.012189205900000001, "cys_L_m": 0.0831167506, "2mcacn_c": 0.0080834504, "pro_D_l": 6.9152986312, "pser_L_c": 0.0084297485, "pac_m": 0.4148173286, "inost_r": 0.1862623407, "ttdca_e": 0.08391743900000001, "orn_m": 0.6785578595999999, "acrn_x": 0.011101209499999999, "ttdcea_c": 0.0042151691, "fru_e": 0.2361010764, "ura_c": 0.0334513892, "lac_D_c": 75.1314261558, "glyc_c": 0.3497358814, "ocdcea_r": 0.0034085328999999996, "ttdcrn_c": 0.017146022}