{"aact_m": 0.5783419619, "sphings_r": 0.029053115, "val_L_e": 0.48197414990000004, "C10164_c": 0.0583840917, "HC02024_r": 0.0486636083, "fum_m": 0.0245495273, "hdcea_e": 0.023570317599999998, "adrnl_e": 0.0014740885, "cit_c": 0.5466566466, "4hpro_LT_r": 0.1412782815, "chol_m": 0.0895059069, "4h2oglt_c": 0.0402056679, "C06199_l": 0.4301555167, "trp_L_c": 0.9762835559, "stcrn_m": 0.050971359400000006, "pyr_m": 1.1823162186, "carn_c": 0.1366110787, "chsterol_n": 1.0459950851, "lys_L_m": 0.8543084552, "g6p_r": 0.057906056100000006, "arg_L_e": 0.0280772755, "acgam_l": 0.005674908100000001, "c4crn_m": 0.0363481913, "C01601_c": 0.017463430800000002, "hom_L_e": 0.012943146, "hxan_e": 0.0473632863, "lnlccrn_m": 0.1477470904, "im4ac_c": 0.0185734281, "urate_e": 0.1790399539, "g3p_c": 0.09820502689999999, "hdd2crn_c": 0.026663964, "glu_L_r": 0.2287665179, "nac_c": 0.3171108546, "asp_D_e": 0.10862066570000001, "thrnt_c": 0.006938530300000001, "C01507_c": 0.0046666782, "12ppd_R_c": 0.6972592670000001, "5oxpro_e": 1.5811248607, "fuc_L_e": 0.0093684339, "arab_L_c": 0.0096246547, "vacccrn_m": 0.1745926655, "CE6205_c": 0.017639435800000002, "pram_c": 0.5958368223, "ipdp_c": 0.0053107764, "met_L_m": 0.21991088079999999, "ile_L_e": 0.0285356847, "hyptaur_c": 0.0051115289000000005, "rbt_e": 0.0276264542, "ocdca_c": 0.4711515822, "Lpipecol_x": 0.0774746735, "c10crn_e": 0.0661598059, "dhdascb_c": 0.011714370900000002, "gal_c": 0.0305602006, "phe_L_l": 0.8222447845, "urea_m": 15.7097172501, "glx_m": 0.0225103239, "glc_D_c": 14.5780473502, "gln_L_e": 0.2506742864, "glcur_c": 0.0048668662, "crn_e": 0.0497210247, "c6crn_x": 0.0108798512, "gua_e": 0.0200447421, "dchac_r": 0.09056296609999999, "4mop_c": 0.0402640171, "sarcs_m": 0.08733194710000002, "anth_e": 0.0069971579, "andrstndn_c": 0.0193441023, "1p2cbxl_x": 0.21247164219999998, "2coum_c": 0.0327146633, "thr_L_e": 0.7938617542, "bilirub_r": 0.035785135600000004, "5hoxindoa_c": 0.0135041437, "ddeccrn_m": 0.034256432999999996, "3mop_m": 0.0919781857, "xylt_e": 0.008766104399999999, "sphs1p_e": 0.09131914869999999, "gudac_c": 0.011783755900000002, "succ_r": 0.038389169, "ala_D_c": 9.4636825508, "prgstrn_e": 0.010472644599999999, "3hmp_m": 0.7127808387000001, "dmnoncrn_x": 0.0060815819, "oaa_x": 0.09823105550000001, "rib_D_c": 0.0392402018, "gly_m": 1.7970127669, "citr_L_m": 0.7067903723000001, "glyclt_x": 0.006190263499999999, "acnam_l": 0.0086447043, "creat_m": 0.310348926, "tyr_L_l": 0.2418979232, "oxa_c": 95.4002304499, "Lcystin_c": 0.0562506052, "ivcrn_c": 0.0364511483, "dhap_x": 0.0255389909, "bz_r": 0.0019005857, "lneldc_e": 0.1913927761, "C02356_c": 0.4373835483, "pchol_hs_c": 0.1214082561, "asn_L_c": 0.06648002110000001, "6pgc_c": 0.0316438495, "ser_L_x": 1.2511558512999998, "leu_L_m": 2.546132365, "25hvitd3_c": 0.0296242176, "gcald_c": 0.5397480942, "glyald_m": 0.0109128728, "thm_e": 0.0110717956, "c8crn_x": 0.023220780899999998, "pcollg5hlys_c": 0.0797975239, "srb_L_c": 0.0116665328, "5htrp_e": 0.0080597773, "pmtcrn_m": 0.0059568149, "CE2537_c": 0.1099334033, "cyst_L_m": 0.0302507249, "3mob_c": 0.0088023992, "ru5p_D_c": 0.011136228799999998, "cys_L_m": 0.0986337921, "2mcacn_c": 0.0100217174, "pro_D_l": 4.862343013, "pser_L_c": 0.009749949499999999, "pac_m": 0.4869152692, "inost_r": 0.18925939739999997, "ttdca_e": 0.049788027400000004, "orn_m": 0.9453832658, "acrn_x": 0.0112788274, "ttdcea_c": 0.009863340600000001, "fru_e": 0.2846416716, "ura_c": 0.0296768212, "lac_D_c": 41.7439009726, "glyc_c": 0.2763416704, "ocdcea_r": 0.1676121446, "ttdcrn_c": 0.0189564578}