{"aact_m": 1.2204205033, "sphings_r": 0.0314207816, "val_L_e": 0.5293081885, "C10164_c": 0.08332572790000001, "HC02024_r": 0.1075259209, "fum_m": 0.0434242223, "hdcea_e": 0.09865582449999999, "adrnl_e": 0.0174629541, "cit_c": 1.1966356275, "4hpro_LT_r": 0.1255535119, "chol_m": 0.0805239593, "4h2oglt_c": 0.0410627048, "C06199_l": 0.3725439825, "trp_L_c": 0.6016572272999999, "stcrn_m": 0.0643148624, "pyr_m": 1.2380352832, "carn_c": 0.17246583070000002, "chsterol_n": 2.4926791498, "lys_L_m": 1.3151311782, "g6p_r": 0.0361177631, "arg_L_e": 0.0258610292, "acgam_l": 0.009463398199999999, "c4crn_m": 0.0455699441, "C01601_c": 0.04041973, "hom_L_e": 0.0041078332, "hxan_e": 0.025998334300000002, "lnlccrn_m": 0.1541181986, "im4ac_c": 0.0113540364, "urate_e": 0.9847224648999999, "g3p_c": 0.0634723403, "hdd2crn_c": 0.051621338200000005, "glu_L_r": 0.1503768687, "nac_c": 0.1375441469, "asp_D_e": 0.0525495345, "thrnt_c": 0.0427156933, "C01507_c": 0.3548622729, "12ppd_R_c": 0.6170021105, "5oxpro_e": 1.7661841569999999, "fuc_L_e": 0.0146221782, "arab_L_c": 0.0209286977, "vacccrn_m": 0.2572440301, "CE6205_c": 0.0410747595, "pram_c": 0.7142331388, "ipdp_c": 0.0054314607, "met_L_m": 0.2623194653, "ile_L_e": 0.0548242984, "hyptaur_c": 0.0073753126, "rbt_e": 0.0608392797, "ocdca_c": 0.8340986589, "Lpipecol_x": 0.058279730999999994, "c10crn_e": 0.154597494, "dhdascb_c": 0.0167062451, "gal_c": 0.0315738079, "phe_L_l": 0.9008729320000001, "urea_m": 41.8742489049, "glx_m": 0.0621895717, "glc_D_c": 36.2719015211, "gln_L_e": 0.3392361343, "glcur_c": 0.043964967300000005, "crn_e": 0.0135614484, "c6crn_x": 0.0310807022, "gua_e": 0.013484644099999998, "dchac_r": 0.1195895149, "4mop_c": 0.0648129947, "sarcs_m": 0.23367102829999997, "anth_e": 0.014725233300000001, "andrstndn_c": 0.041216243900000005, "1p2cbxl_x": 0.301178362, "2coum_c": 0.025185742400000002, "thr_L_e": 0.8730428534, "bilirub_r": 0.0921282044, "5hoxindoa_c": 0.01106462, "ddeccrn_m": 0.0741388212, "3mop_m": 0.0931150149, "xylt_e": 0.012267530300000001, "sphs1p_e": 0.0374381096, "gudac_c": 0.0099833372, "succ_r": 0.0400239907, "ala_D_c": 12.875238273599999, "prgstrn_e": 0.0230698586, "3hmp_m": 5.6049110944, "dmnoncrn_x": 0.010008944399999999, "oaa_x": 0.099189736, "rib_D_c": 0.0607352086, "gly_m": 2.4908224406, "citr_L_m": 0.6901080652, "glyclt_x": 0.013592821599999999, "acnam_l": 0.016832038, "creat_m": 0.7568731093000001, "tyr_L_l": 0.1901368423, "oxa_c": 171.1368000485, "Lcystin_c": 0.1394167955, "ivcrn_c": 0.0565746652, "dhap_x": 0.0242459447, "bz_r": 0.0198136886, "lneldc_e": 0.0636108455, "C02356_c": 0.7454949447, "pchol_hs_c": 0.28506289739999996, "asn_L_c": 0.1087411431, "6pgc_c": 0.0316312625, "ser_L_x": 1.491207509, "leu_L_m": 3.668412895, "25hvitd3_c": 0.0359809875, "gcald_c": 0.7357401544, "glyald_m": 0.027612564500000002, "thm_e": 0.0181785989, "c8crn_x": 0.0568267908, "pcollg5hlys_c": 0.1007605426, "srb_L_c": 0.0250542575, "5htrp_e": 0.014726089599999999, "pmtcrn_m": 0.0094175323, "CE2537_c": 0.17173345140000001, "cyst_L_m": 0.0329370866, "3mob_c": 0.014030497900000001, "ru5p_D_c": 0.023927282299999998, "cys_L_m": 0.1962764035, "2mcacn_c": 0.009295479300000001, "pro_D_l": 7.1834167384, "pser_L_c": 0.0095466157, "pac_m": 0.4566037572, "inost_r": 0.5322289294, "ttdca_e": 0.1928292468, "orn_m": 1.5788103891999998, "acrn_x": 0.0074538765000000005, "ttdcea_c": 0.0150337482, "fru_e": 0.053445766, "ura_c": 0.0430173539, "lac_D_c": 56.0530081028, "glyc_c": 1.3211967991, "ocdcea_r": 0.029671725899999998, "ttdcrn_c": 0.0345239953}