{"aact_m": 0.25878255769999997, "sphings_r": 0.0175476819, "val_L_e": 0.38301857759999997, "C10164_c": 0.063508929, "HC02024_r": 0.0424104115, "fum_m": 0.0333658066, "hdcea_e": 0.0177148397, "adrnl_e": 0.0159429405, "cit_c": 0.9258579267, "4hpro_LT_r": 0.10820515259999999, "chol_m": 0.0914616446, "4h2oglt_c": 0.034268514300000004, "C06199_l": 0.5961968352, "trp_L_c": 0.9425987620999999, "stcrn_m": 0.0283919164, "pyr_m": 0.8974720576, "carn_c": 0.1193680532, "chsterol_n": 0.9544809324, "lys_L_m": 2.0410935948, "g6p_r": 0.053860182400000005, "arg_L_e": 0.0487340313, "acgam_l": 0.0053688969, "c4crn_m": 0.012752031499999998, "C01601_c": 0.0142038179, "hom_L_e": 0.0062223682, "hxan_e": 0.0096139659, "lnlccrn_m": 0.0377419289, "im4ac_c": 0.011059221000000001, "urate_e": 0.2250574779, "g3p_c": 0.025644388900000002, "hdd2crn_c": 0.0050014771, "glu_L_r": 0.6618446754, "nac_c": 0.218102183, "asp_D_e": 0.39339663210000003, "thrnt_c": 0.04734246809999999, "C01507_c": 0.0266698778, "12ppd_R_c": 0.5074579901, "5oxpro_e": 4.3416048202, "fuc_L_e": 0.0075548414, "arab_L_c": 0.0161994076, "vacccrn_m": 0.050776547400000004, "CE6205_c": 0.0152980582, "pram_c": 0.6955644165, "ipdp_c": 0.0039472093, "met_L_m": 0.5815558856, "ile_L_e": 0.034432590299999996, "hyptaur_c": 0.0002502755, "rbt_e": 0.0471141563, "ocdca_c": 0.6894840464, "Lpipecol_x": 0.058815363200000005, "c10crn_e": 0.0141328842, "dhdascb_c": 0.015372255800000002, "gal_c": 0.050373675, "phe_L_l": 1.1670339031, "urea_m": 32.5053705075, "glx_m": 0.0270484083, "glc_D_c": 16.7966267963, "gln_L_e": 0.2329967212, "glcur_c": 0.0119245845, "crn_e": 0.0917776625, "c6crn_x": 0.0049746626, "gua_e": 0.0355420223, "dchac_r": 0.055650509400000006, "4mop_c": 0.07301830150000001, "sarcs_m": 0.0321569845, "anth_e": 0.01822197, "andrstndn_c": 0.0114084998, "1p2cbxl_x": 0.3821744961, "2coum_c": 0.046032528600000004, "thr_L_e": 1.5861284434, "bilirub_r": 0.0227012496, "5hoxindoa_c": 0.009357942099999999, "ddeccrn_m": 0.013104833500000001, "3mop_m": 0.0361500564, "xylt_e": 0.0077749377, "sphs1p_e": 0.0222874021, "gudac_c": 0.0089400409, "succ_r": 0.0270792407, "ala_D_c": 24.6443202903, "prgstrn_e": 0.0048999984, "3hmp_m": 1.2075687054000002, "dmnoncrn_x": 0.0027680928000000005, "oaa_x": 0.10318084640000001, "rib_D_c": 0.0771354971, "gly_m": 8.6771996913, "citr_L_m": 0.6734559749, "glyclt_x": 0.003395827, "acnam_l": 0.0062806784, "creat_m": 0.33454713, "tyr_L_l": 0.3298001315, "oxa_c": 206.8246073011, "Lcystin_c": 0.0469399567, "ivcrn_c": 0.0158692615, "dhap_x": 0.0226383021, "bz_r": 0.032198460899999996, "lneldc_e": 0.0762340239, "C02356_c": 0.6998338395, "pchol_hs_c": 0.30051589, "asn_L_c": 0.028753419900000004, "6pgc_c": 0.0231964937, "ser_L_x": 2.5410002594, "leu_L_m": 5.5056589286, "25hvitd3_c": 0.0098294906, "gcald_c": 0.6326749428, "glyald_m": 0.012429425400000001, "thm_e": 0.0123432955, "c8crn_x": 0.006244497900000001, "pcollg5hlys_c": 0.0589490473, "srb_L_c": 0.0634949878, "5htrp_e": 0.0118106024, "pmtcrn_m": 0.0040613002, "CE2537_c": 0.2091911028, "cyst_L_m": 0.0030356114000000003, "3mob_c": 0.0100748186, "ru5p_D_c": 0.023557568100000002, "cys_L_m": 0.046532128, "2mcacn_c": 0.0081630786, "pro_D_l": 19.0108635341, "pser_L_c": 0.0090092755, "pac_m": 0.3693290923, "inost_r": 0.4082410876, "ttdca_e": 0.10677574570000001, "orn_m": 1.2458399592, "acrn_x": 0.0148513742, "ttdcea_c": 0.0189965275, "fru_e": 0.8331897249, "ura_c": 0.0416414161, "lac_D_c": 67.7494412243, "glyc_c": 0.656209697, "ocdcea_r": 0.0047885114, "ttdcrn_c": 0.0065489458}