{"aact_m": 1.1783941334999999, "sphings_r": 0.036355396, "val_L_e": 0.2928392117, "C10164_c": 0.0372162111, "HC02024_r": 0.09207118449999999, "fum_m": 0.0146387521, "hdcea_e": 0.0631484383, "adrnl_e": 0.0049967614, "cit_c": 0.6224025365, "4hpro_LT_r": 0.13717597039999999, "chol_m": 0.0913526804, "4h2oglt_c": 0.0491317858, "C06199_l": 0.27687225, "trp_L_c": 0.4794352678, "stcrn_m": 0.0414462481, "pyr_m": 0.4435400975, "carn_c": 0.1682775257, "chsterol_n": 1.3458233221, "lys_L_m": 0.6394984612, "g6p_r": 0.3260233163, "arg_L_e": 0.053781247000000004, "acgam_l": 0.0038606078, "c4crn_m": 0.0159905456, "C01601_c": 0.022397996400000002, "hom_L_e": 0.0010700244, "hxan_e": 0.025186725099999998, "lnlccrn_m": 0.09865458630000001, "im4ac_c": 0.0067335692, "urate_e": 0.2433767919, "g3p_c": 0.08678675220000001, "hdd2crn_c": 0.022788725299999996, "glu_L_r": 0.1136829141, "nac_c": 0.2354232092, "asp_D_e": 0.033976708599999995, "thrnt_c": 0.0422749461, "C01507_c": 0.0035533819, "12ppd_R_c": 0.4448355729, "5oxpro_e": 1.0860624116, "fuc_L_e": 0.009046562, "arab_L_c": 0.1707802808, "vacccrn_m": 0.1861191848, "CE6205_c": 0.057246036900000005, "pram_c": 0.6232311983, "ipdp_c": 0.005587170799999999, "met_L_m": 0.1786561227, "ile_L_e": 0.0268926752, "hyptaur_c": 0.0050600235, "rbt_e": 0.019876745600000002, "ocdca_c": 0.6430381138, "Lpipecol_x": 0.0192266427, "c10crn_e": 0.0657169905, "dhdascb_c": 0.0156547845, "gal_c": 0.0400273075, "phe_L_l": 0.431111994, "urea_m": 11.688706345, "glx_m": 0.0226949146, "glc_D_c": 21.5624250871, "gln_L_e": 0.4523921958, "glcur_c": 0.0039846794, "crn_e": 0.0591810135, "c6crn_x": 0.0114238543, "gua_e": 0.015124739199999999, "dchac_r": 0.1568084457, "4mop_c": 0.0372817732, "sarcs_m": 0.05195256349999999, "anth_e": 0.0136642936, "andrstndn_c": 0.0119290547, "1p2cbxl_x": 0.2636672523, "2coum_c": 0.021941650899999998, "thr_L_e": 0.7973108276, "bilirub_r": 0.13426412699999998, "5hoxindoa_c": 0.011851249599999999, "ddeccrn_m": 0.0320754715, "3mop_m": 0.1273741777, "xylt_e": 0.0049805238, "sphs1p_e": 0.0580637439, "gudac_c": 0.0100243315, "succ_r": 0.014846545, "ala_D_c": 7.900551865700001, "prgstrn_e": 0.0102783823, "3hmp_m": 2.4373516068, "dmnoncrn_x": 0.0047250771, "oaa_x": 0.1214515375, "rib_D_c": 0.0421190847, "gly_m": 1.5102613443000001, "citr_L_m": 0.6988739103, "glyclt_x": 0.0178189901, "acnam_l": 0.0056833136999999995, "creat_m": 0.3631523917, "tyr_L_l": 0.1659192264, "oxa_c": 150.0118978148, "Lcystin_c": 0.056623177000000004, "ivcrn_c": 0.074263458, "dhap_x": 0.0251465846, "bz_r": 0.0168684937, "lneldc_e": 0.535214737, "C02356_c": 0.4775449937, "pchol_hs_c": 0.1076771774, "asn_L_c": 0.08229193900000001, "6pgc_c": 0.037843841499999996, "ser_L_x": 1.4305194171000002, "leu_L_m": 1.7512955503, "25hvitd3_c": 0.027444099, "gcald_c": 0.48570496679999997, "glyald_m": 0.0090948148, "thm_e": 0.0059436227, "c8crn_x": 0.0252014121, "pcollg5hlys_c": 0.0658264393, "srb_L_c": 0.0094382091, "5htrp_e": 0.0045071948, "pmtcrn_m": 0.010494024199999999, "CE2537_c": 0.12339911769999999, "cyst_L_m": 0.0244970135, "3mob_c": 0.0077399995, "ru5p_D_c": 0.011927170800000001, "cys_L_m": 0.0835629761, "2mcacn_c": 0.010875370300000001, "pro_D_l": 2.8230514564999996, "pser_L_c": 0.009826567, "pac_m": 0.46780096950000005, "inost_r": 0.15994629230000001, "ttdca_e": 0.1481235246, "orn_m": 0.3536860184, "acrn_x": 0.011052053000000001, "ttdcea_c": 0.0168317388, "fru_e": 0.0236119945, "ura_c": 0.0391850013, "lac_D_c": 22.8068141836, "glyc_c": 0.6360117035, "ocdcea_r": 0.0244059421, "ttdcrn_c": 0.0173777146}