{"aact_m": 0.4677071358, "sphings_r": 0.0274031256, "val_L_e": 0.6585236034, "C10164_c": 0.0644330255, "HC02024_r": 0.0867424131, "fum_m": 0.0474232017, "hdcea_e": 0.026793109199999998, "adrnl_e": 0.022796095, "cit_c": 1.0600980908, "4hpro_LT_r": 0.1225613691, "chol_m": 0.08756534769999999, "4h2oglt_c": 0.0334747231, "C06199_l": 0.3305319461, "trp_L_c": 0.45819235950000003, "stcrn_m": 0.09369919289999999, "pyr_m": 1.0551393118, "carn_c": 0.1566965376, "chsterol_n": 1.4021216839, "lys_L_m": 0.6615238711, "g6p_r": 0.0402834557, "arg_L_e": 0.06805327530000001, "acgam_l": 0.0048596064, "c4crn_m": 0.022594698700000002, "C01601_c": 0.0297786678, "hom_L_e": 0.0070836138, "hxan_e": 0.028705260099999998, "lnlccrn_m": 0.19295782670000003, "im4ac_c": 0.0173537168, "urate_e": 0.8260905696999999, "g3p_c": 0.0446140212, "hdd2crn_c": 0.042064389199999996, "glu_L_r": 0.41591563509999996, "nac_c": 0.2756785482, "asp_D_e": 0.0563753475, "thrnt_c": 0.0624517389, "C01507_c": 0.2383125002, "12ppd_R_c": 0.5729420674, "5oxpro_e": 1.7550110736000002, "fuc_L_e": 0.0102076279, "arab_L_c": 0.0051047654, "vacccrn_m": 0.1859209393, "CE6205_c": 0.0121628955, "pram_c": 0.0, "ipdp_c": 0.0046543428, "met_L_m": 0.1317513998, "ile_L_e": 0.0393976454, "hyptaur_c": 0.0085925205, "rbt_e": 0.0403270081, "ocdca_c": 0.8024739493999999, "Lpipecol_x": 0.0239746432, "c10crn_e": 0.1530680981, "dhdascb_c": 0.02017778, "gal_c": 0.025479162799999996, "phe_L_l": 0.5846736623, "urea_m": 25.9634241063, "glx_m": 0.0335547985, "glc_D_c": 7.459183715, "gln_L_e": 0.25796583289999997, "glcur_c": 0.0068984112, "crn_e": 0.10425207269999999, "c6crn_x": 0.0322252828, "gua_e": 0.0098449656, "dchac_r": 0.08750894949999999, "4mop_c": 0.049647155899999997, "sarcs_m": 0.0972701739, "anth_e": 0.0110874741, "andrstndn_c": 0.040969712799999995, "1p2cbxl_x": 0.22128300480000002, "2coum_c": 0.0174966485, "thr_L_e": 0.4434790625, "bilirub_r": 0.154651748, "5hoxindoa_c": 0.0093149552, "ddeccrn_m": 0.0711143025, "3mop_m": 0.10186580519999999, "xylt_e": 0.008012383599999999, "sphs1p_e": 0.05020975, "gudac_c": 0.0084222612, "succ_r": 0.0273816829, "ala_D_c": 9.7969575896, "prgstrn_e": 0.027752218399999997, "3hmp_m": 2.1856848865000003, "dmnoncrn_x": 0.0085531688, "oaa_x": 0.1104380172, "rib_D_c": 0.0450861132, "gly_m": 0.9922350409999999, "citr_L_m": 0.7173809609999999, "glyclt_x": 0.0147556948, "acnam_l": 0.012587765700000001, "creat_m": 0.2198262537, "tyr_L_l": 0.1271405218, "oxa_c": 138.4964226799, "Lcystin_c": 0.0289208371, "ivcrn_c": 0.015109401699999999, "dhap_x": 0.024029648799999997, "bz_r": 0.0191283706, "lneldc_e": 0.0568057829, "C02356_c": 0.6118462975, "pchol_hs_c": 0.0480711742, "asn_L_c": 0.0757902412, "6pgc_c": 0.0218496572, "ser_L_x": 0.7824406166, "leu_L_m": 2.2159284364, "25hvitd3_c": 0.019290528300000002, "gcald_c": 0.7061641702, "glyald_m": 0.0110545573, "thm_e": 0.0157130101, "c8crn_x": 0.049397142699999994, "pcollg5hlys_c": 0.09943326699999999, "srb_L_c": 0.0177414907, "5htrp_e": 0.0104797905, "pmtcrn_m": 0.008089078199999999, "CE2537_c": 0.1273702663, "cyst_L_m": 0.025865452599999998, "3mob_c": 0.009646677099999999, "ru5p_D_c": 0.0147198678, "cys_L_m": 0.0686425634, "2mcacn_c": 0.0071822179, "pro_D_l": 6.8333227806, "pser_L_c": 0.0094611158, "pac_m": 0.3501592436, "inost_r": 0.3260913495, "ttdca_e": 0.0607237181, "orn_m": 0.6531440304, "acrn_x": 0.0164923335, "ttdcea_c": 0.007472525600000001, "fru_e": 0.111418411, "ura_c": 0.05691738, "lac_D_c": 45.7913574328, "glyc_c": 0.3832239282, "ocdcea_r": 0.0164780569, "ttdcrn_c": 0.027071876499999998}