{"aact_m": 0.49110102159999997, "sphings_r": 0.027943637799999997, "val_L_e": 0.6337850123, "C10164_c": 0.0692862043, "HC02024_r": 0.0686219406, "fum_m": 0.0479461938, "hdcea_e": 0.0190849538, "adrnl_e": 0.0053674811999999995, "cit_c": 0.778057972, "4hpro_LT_r": 0.1259986038, "chol_m": 0.1210275155, "4h2oglt_c": 0.0455098595, "C06199_l": 0.3123998179, "trp_L_c": 0.6816896039, "stcrn_m": 0.0636484249, "pyr_m": 0.8595246625, "carn_c": 0.1561816257, "chsterol_n": 1.8464598464, "lys_L_m": 0.7284431859, "g6p_r": 0.06575108660000001, "arg_L_e": 0.0529547532, "acgam_l": 0.0051105482, "c4crn_m": 0.0, "C01601_c": 0.015555846699999999, "hom_L_e": 0.0050638695, "hxan_e": 0.015049531000000001, "lnlccrn_m": 0.11780833689999999, "im4ac_c": 0.0195267182, "urate_e": 0.2626945834, "g3p_c": 0.04359249230000001, "hdd2crn_c": 0.0196482699, "glu_L_r": 0.1188799245, "nac_c": 0.258021115, "asp_D_e": 0.0348573898, "thrnt_c": 0.11618921300000001, "C01507_c": 0.0090619507, "12ppd_R_c": 0.6977349409, "5oxpro_e": 1.101774571, "fuc_L_e": 0.011730481200000002, "arab_L_c": 0.0102867332, "vacccrn_m": 0.09317597289999999, "CE6205_c": 0.015533637, "pram_c": 0.0, "ipdp_c": 0.0045104652, "met_L_m": 0.1714829041, "ile_L_e": 0.029725239100000002, "hyptaur_c": 0.0057496511, "rbt_e": 0.042243295, "ocdca_c": 0.46224120020000004, "Lpipecol_x": 0.0520455869, "c10crn_e": 0.1079600137, "dhdascb_c": 0.012068390900000002, "gal_c": 0.0326629373, "phe_L_l": 0.5195843614, "urea_m": 21.0473442562, "glx_m": 0.0520873552, "glc_D_c": 39.106993327800005, "gln_L_e": 0.2489721395, "glcur_c": 0.0076217748, "crn_e": 0.0411784268, "c6crn_x": 0.0111021965, "gua_e": 0.0113925536, "dchac_r": 0.10596680650000001, "4mop_c": 0.047229561600000004, "sarcs_m": 0.231402501, "anth_e": 0.0153267534, "andrstndn_c": 0.009737133299999999, "1p2cbxl_x": 0.20044937510000002, "2coum_c": 0.018121013000000002, "thr_L_e": 0.4849773009, "bilirub_r": 0.0825092354, "5hoxindoa_c": 0.0141009868, "ddeccrn_m": 0.0392871701, "3mop_m": 0.059083529800000006, "xylt_e": 0.0086981173, "sphs1p_e": 0.0379738875, "gudac_c": 0.013063929299999999, "succ_r": 0.0394669233, "ala_D_c": 10.1807710584, "prgstrn_e": 0.0184658371, "3hmp_m": 0.5943719287, "dmnoncrn_x": 0.0063630353, "oaa_x": 0.1114968267, "rib_D_c": 0.0416023253, "gly_m": 1.3745741712000001, "citr_L_m": 0.6205803636, "glyclt_x": 0.0094418949, "acnam_l": 0.0269760129, "creat_m": 0.1814406981, "tyr_L_l": 0.1372914075, "oxa_c": 205.71970178540002, "Lcystin_c": 0.0312741099, "ivcrn_c": 0.0334017937, "dhap_x": 0.024265049500000004, "bz_r": 0.0021642055, "lneldc_e": 0.1363521091, "C02356_c": 0.3580044366, "pchol_hs_c": 0.08768493779999999, "asn_L_c": 0.06822035480000001, "6pgc_c": 0.0373032866, "ser_L_x": 0.8024341348, "leu_L_m": 2.6727690136, "25hvitd3_c": 0.017932031799999998, "gcald_c": 0.45519789920000003, "glyald_m": 0.013593991100000001, "thm_e": 0.0165388099, "c8crn_x": 0.0335342398, "pcollg5hlys_c": 0.0578934684, "srb_L_c": 0.0271704033, "5htrp_e": 0.022969109100000003, "pmtcrn_m": 0.003364878, "CE2537_c": 0.1235162706, "cyst_L_m": 0.030747174900000004, "3mob_c": 0.0095277597, "ru5p_D_c": 0.0092396611, "cys_L_m": 0.06958421769999999, "2mcacn_c": 0.0088652408, "pro_D_l": 6.3755447713999995, "pser_L_c": 0.0087203961, "pac_m": 0.4891056208, "inost_r": 0.2822397198, "ttdca_e": 0.09286268980000001, "orn_m": 0.7241355983, "acrn_x": 0.0096134116, "ttdcea_c": 0.013648563899999999, "fru_e": 0.0799381569, "ura_c": 0.0327006722, "lac_D_c": 37.6696496236, "glyc_c": 0.5368259524, "ocdcea_r": 0.0081565507, "ttdcrn_c": 0.014860830600000001}