{"aact_m": 0.5164061153, "sphings_r": 0.0295334328, "val_L_e": 0.5278210069, "C10164_c": 0.0665396973, "HC02024_r": 0.0788738253, "fum_m": 0.041100559700000004, "hdcea_e": 0.1634875619, "adrnl_e": 0.0084958653, "cit_c": 0.925815855, "4hpro_LT_r": 0.10988258449999999, "chol_m": 0.0758377798, "4h2oglt_c": 0.046558015700000004, "C06199_l": 0.4348078043, "trp_L_c": 0.6242532918, "stcrn_m": 0.0350778315, "pyr_m": 0.0311081412, "carn_c": 0.14417057279999998, "chsterol_n": 1.2510712428, "lys_L_m": 1.2627918332999999, "g6p_r": 0.3709892213, "arg_L_e": 0.0449987122, "acgam_l": 0.0044401282, "c4crn_m": 0.0101228734, "C01601_c": 0.08130109599999999, "hom_L_e": 0.0190100762, "hxan_e": 0.0377860638, "lnlccrn_m": 0.053212058099999994, "im4ac_c": 0.0109405943, "urate_e": 0.597062723, "g3p_c": 0.0404840056, "hdd2crn_c": 0.029813947099999998, "glu_L_r": 3.4187299712, "nac_c": 0.45588536420000003, "asp_D_e": 0.4036671021, "thrnt_c": 0.013352195, "C01507_c": 0.0112519071, "12ppd_R_c": 0.5710007997, "5oxpro_e": 7.5820555311, "fuc_L_e": 0.0121324955, "arab_L_c": 0.0177292665, "vacccrn_m": 0.12609761449999998, "CE6205_c": 0.0119796792, "pram_c": 0.0, "ipdp_c": 0.0041827285999999995, "met_L_m": 0.25107621410000003, "ile_L_e": 0.0564174976, "hyptaur_c": 0.0013434881, "rbt_e": 0.0493807583, "ocdca_c": 0.8919727317, "Lpipecol_x": 0.033972419, "c10crn_e": 0.0671787831, "dhdascb_c": 0.0147711982, "gal_c": 0.0410545727, "phe_L_l": 1.0717570194, "urea_m": 24.714616746100003, "glx_m": 0.0307826539, "glc_D_c": 13.7809879384, "gln_L_e": 0.11318997300000001, "glcur_c": 0.0161709229, "crn_e": 0.0866348834, "c6crn_x": 0.0150826395, "gua_e": 0.014799155500000001, "dchac_r": 0.0915303376, "4mop_c": 0.0093065427, "sarcs_m": 0.04956174, "anth_e": 0.014264011200000001, "andrstndn_c": 0.0303947533, "1p2cbxl_x": 0.30661962940000004, "2coum_c": 0.0197652995, "thr_L_e": 2.5520199375, "bilirub_r": 0.0383705382, "5hoxindoa_c": 0.0121199433, "ddeccrn_m": 0.0374013769, "3mop_m": 0.042544537800000004, "xylt_e": 0.0105798579, "sphs1p_e": 0.0405250527, "gudac_c": 0.0112435544, "succ_r": 0.1272599387, "ala_D_c": 12.244982161300001, "prgstrn_e": 0.0157556771, "3hmp_m": 3.4593825381, "dmnoncrn_x": 0.0047900728000000005, "oaa_x": 0.1117950512, "rib_D_c": 0.06789148, "gly_m": 9.6175583125, "citr_L_m": 0.6668538538000001, "glyclt_x": 0.0039583274, "acnam_l": 0.0031623975, "creat_m": 0.2985436324, "tyr_L_l": 0.14221601890000002, "oxa_c": 182.3671300688, "Lcystin_c": 0.0367851253, "ivcrn_c": 0.0179616199, "dhap_x": 0.022717685499999998, "bz_r": 0.0213275147, "lneldc_e": 0.3870775938, "C02356_c": 0.4654051722, "pchol_hs_c": 0.1762508329, "asn_L_c": 0.0616550606, "6pgc_c": 0.0368821791, "ser_L_x": 2.2216353211, "leu_L_m": 3.3094553462, "25hvitd3_c": 0.0125425017, "gcald_c": 0.48629773649999997, "glyald_m": 0.0122487472, "thm_e": 0.005866554499999999, "c8crn_x": 0.0296058567, "pcollg5hlys_c": 0.07405764940000001, "srb_L_c": 0.0330967789, "5htrp_e": 0.0074428231999999995, "pmtcrn_m": 0.0086575263, "CE2537_c": 0.2259944122, "cyst_L_m": 0.0324061386, "3mob_c": 0.001080887, "ru5p_D_c": 0.0165431515, "cys_L_m": 0.1076147717, "2mcacn_c": 0.0088955471, "pro_D_l": 8.638014437899999, "pser_L_c": 0.0091870828, "pac_m": 0.4626827704, "inost_r": 0.3187729664, "ttdca_e": 0.2251631595, "orn_m": 0.6858829922, "acrn_x": 0.013610983, "ttdcea_c": 0.0173327623, "fru_e": 0.041777884700000004, "ura_c": 0.0378482053, "lac_D_c": 85.7288032883, "glyc_c": 0.6355789528, "ocdcea_r": 0.045047143600000006, "ttdcrn_c": 0.0135453037}