{"aact_m": 0.6979815547, "sphings_r": 0.0334341199, "val_L_e": 0.6823896339, "C10164_c": 0.0302242007, "HC02024_r": 0.18770236629999998, "fum_m": 0.0154163648, "hdcea_e": 0.057887411500000006, "adrnl_e": 0.0068784702, "cit_c": 0.7960031671, "4hpro_LT_r": 0.1312798502, "chol_m": 0.1041064186, "4h2oglt_c": 0.0519263561, "C06199_l": 0.3949125403, "trp_L_c": 0.7136047459999999, "stcrn_m": 0.043898208, "pyr_m": 0.7364413540000001, "carn_c": 0.1775837538, "chsterol_n": 1.2932766445000001, "lys_L_m": 0.9715094969, "g6p_r": 0.3853466653, "arg_L_e": 0.0446218736, "acgam_l": 0.005751355400000001, "c4crn_m": 0.0255735916, "C01601_c": 0.017909073, "hom_L_e": 0.001918159, "hxan_e": 0.0123204653, "lnlccrn_m": 0.0800879491, "im4ac_c": 0.0143470179, "urate_e": 0.2990762904, "g3p_c": 0.104335933, "hdd2crn_c": 0.0376866404, "glu_L_r": 0.0772158755, "nac_c": 0.1054080116, "asp_D_e": 0.0293327845, "thrnt_c": 0.1175791751, "C01507_c": 0.0213789022, "12ppd_R_c": 0.48279012060000004, "5oxpro_e": 1.1853908675, "fuc_L_e": 0.010422675, "arab_L_c": 0.0164037767, "vacccrn_m": 0.21263045309999998, "CE6205_c": 0.026995764300000002, "pram_c": 0.6391412182, "ipdp_c": 0.005788511600000001, "met_L_m": 0.2576859412, "ile_L_e": 0.035814730499999996, "hyptaur_c": 0.0074677298, "rbt_e": 0.043821995700000005, "ocdca_c": 0.6181522475, "Lpipecol_x": 0.0810306612, "c10crn_e": 0.1270385795, "dhdascb_c": 0.0156399021, "gal_c": 0.0467258757, "phe_L_l": 0.719787715, "urea_m": 14.273715126099999, "glx_m": 0.0622612082, "glc_D_c": 13.0506970326, "gln_L_e": 0.5126378143, "glcur_c": 0.0083330262, "crn_e": 0.0700645178, "c6crn_x": 0.0159651488, "gua_e": 0.0179904235, "dchac_r": 0.1333001428, "4mop_c": 0.066297127, "sarcs_m": 0.0874098665, "anth_e": 0.012196187399999999, "andrstndn_c": 0.0198403279, "1p2cbxl_x": 0.21901243829999997, "2coum_c": 0.0272325944, "thr_L_e": 0.7650247456999999, "bilirub_r": 0.0849115322, "5hoxindoa_c": 0.012345726699999999, "ddeccrn_m": 0.057773651100000004, "3mop_m": 0.06530712450000001, "xylt_e": 0.0081408065, "sphs1p_e": 0.0593595451, "gudac_c": 0.0100843676, "succ_r": 0.0168819432, "ala_D_c": 12.329595608499998, "prgstrn_e": 0.014503529499999999, "3hmp_m": 1.1736566103, "dmnoncrn_x": 0.0097027606, "oaa_x": 0.1239407975, "rib_D_c": 0.0604638196, "gly_m": 1.3471303421, "citr_L_m": 0.6690788617, "glyclt_x": 0.0336103211, "acnam_l": 0.0104977254, "creat_m": 0.3038867338, "tyr_L_l": 0.205065274, "oxa_c": 140.7714577485, "Lcystin_c": 0.0813694378, "ivcrn_c": 0.0484635824, "dhap_x": 0.026785968599999998, "bz_r": 0.022694280499999997, "lneldc_e": 0.3150725459, "C02356_c": 0.6677951018, "pchol_hs_c": 0.0670994837, "asn_L_c": 0.10640722849999999, "6pgc_c": 0.0394897375, "ser_L_x": 1.1340486029999999, "leu_L_m": 2.4112386703, "25hvitd3_c": 0.0339117407, "gcald_c": 0.4966682678, "glyald_m": 0.0168321281, "thm_e": 0.0173715051, "c8crn_x": 0.040131732999999996, "pcollg5hlys_c": 0.0726863653, "srb_L_c": 0.0153100674, "5htrp_e": 0.0042753364, "pmtcrn_m": 0.06982047799999999, "CE2537_c": 0.1736836435, "cyst_L_m": 0.0710252745, "3mob_c": 0.011482486200000001, "ru5p_D_c": 0.0168516716, "cys_L_m": 0.11046828269999999, "2mcacn_c": 0.011121581799999999, "pro_D_l": 7.0227328375999996, "pser_L_c": 0.0098690177, "pac_m": 0.47914019259999996, "inost_r": 0.3714244483, "ttdca_e": 0.10554253150000001, "orn_m": 0.6541331645, "acrn_x": 0.0123046699, "ttdcea_c": 0.0198419985, "fru_e": 0.0538545532, "ura_c": 0.043003655599999996, "lac_D_c": 36.7129537773, "glyc_c": 0.38860265060000004, "ocdcea_r": 0.0135825905, "ttdcrn_c": 0.0271821842}