{"aact_m": 0.593748995, "sphings_r": 0.0365903425, "val_L_e": 0.317558267, "C10164_c": 0.0623805146, "HC02024_r": 0.1043414455, "fum_m": 0.039405201200000003, "hdcea_e": 0.0170197798, "adrnl_e": 0.0020520576, "cit_c": 0.8453104279000001, "4hpro_LT_r": 0.1250732531, "chol_m": 0.1739107297, "4h2oglt_c": 0.0377592138, "C06199_l": 0.47990116990000004, "trp_L_c": 0.8466685493, "stcrn_m": 0.0693525541, "pyr_m": 0.9013930712999999, "carn_c": 0.1829139691, "chsterol_n": 1.1699233918, "lys_L_m": 1.1981821979, "g6p_r": 0.0674753001, "arg_L_e": 0.058313560199999996, "acgam_l": 0.006161309, "c4crn_m": 0.0308159901, "C01601_c": 0.028705616099999998, "hom_L_e": 0.0030057476000000002, "hxan_e": 0.021942132799999996, "lnlccrn_m": 0.0796910599, "im4ac_c": 0.0238568685, "urate_e": 0.3120472233, "g3p_c": 0.060397233700000004, "hdd2crn_c": 0.0381801025, "glu_L_r": 0.0606476152, "nac_c": 0.32949995120000003, "asp_D_e": 0.0456778496, "thrnt_c": 0.0357642549, "C01507_c": 0.0132066897, "12ppd_R_c": 0.5879531915999999, "5oxpro_e": 1.1375869645999999, "fuc_L_e": 0.0075067538, "arab_L_c": 0.0090221791, "vacccrn_m": 0.1795698463, "CE6205_c": 0.0242983597, "pram_c": 0.7878998403, "ipdp_c": 0.0049394576, "met_L_m": 0.29802465829999997, "ile_L_e": 0.024423239399999998, "hyptaur_c": 0.013185075, "rbt_e": 0.0435912942, "ocdca_c": 0.44592220759999995, "Lpipecol_x": 0.0580970827, "c10crn_e": 0.1701189782, "dhdascb_c": 0.018385928899999997, "gal_c": 0.0299041789, "phe_L_l": 0.7884152963, "urea_m": 34.4779906526, "glx_m": 0.036580964199999996, "glc_D_c": 24.9959848295, "gln_L_e": 0.40381211850000004, "glcur_c": 0.0052337992, "crn_e": 0.028673106400000002, "c6crn_x": 0.015299268700000002, "gua_e": 0.022822191600000003, "dchac_r": 0.1307878632, "4mop_c": 0.0924327433, "sarcs_m": 0.09656293460000001, "anth_e": 0.010530373899999999, "andrstndn_c": 0.0135085627, "1p2cbxl_x": 0.34362792049999996, "2coum_c": 0.0272370459, "thr_L_e": 0.8226455224, "bilirub_r": 0.0785235131, "5hoxindoa_c": 0.012270835700000001, "ddeccrn_m": 0.0950674658, "3mop_m": 0.130529371, "xylt_e": 0.0063051568, "sphs1p_e": 0.0584555114, "gudac_c": 0.011713868, "succ_r": 0.022719145299999997, "ala_D_c": 10.1199323941, "prgstrn_e": 0.018065304299999998, "3hmp_m": 1.3114324467, "dmnoncrn_x": 0.0160224134, "oaa_x": 0.0938076305, "rib_D_c": 0.0438529238, "gly_m": 1.7563298287, "citr_L_m": 0.6952253117, "glyclt_x": 0.0011764794, "acnam_l": 0.012394004299999999, "creat_m": 0.30046588, "tyr_L_l": 0.20201374760000002, "oxa_c": 123.320621823, "Lcystin_c": 0.0632750244, "ivcrn_c": 0.042350418, "dhap_x": 0.0238497387, "bz_r": 0.0263620075, "lneldc_e": 0.1460994074, "C02356_c": 0.6856899941, "pchol_hs_c": 0.0841253423, "asn_L_c": 0.1391845176, "6pgc_c": 0.0321081109, "ser_L_x": 1.2951170635, "leu_L_m": 3.6490047105000003, "25hvitd3_c": 0.0324992499, "gcald_c": 0.7905235106999999, "glyald_m": 0.006890177700000001, "thm_e": 0.0073112271, "c8crn_x": 0.0441512435, "pcollg5hlys_c": 0.08911429900000001, "srb_L_c": 0.015967685, "5htrp_e": 0.0129147832, "pmtcrn_m": 0.0044101106, "CE2537_c": 0.12749812970000002, "cyst_L_m": 0.0769670082, "3mob_c": 0.0107796146, "ru5p_D_c": 0.0113428824, "cys_L_m": 0.09675618400000001, "2mcacn_c": 0.010163842099999999, "pro_D_l": 8.3060563005, "pser_L_c": 0.010540433799999999, "pac_m": 0.4997459165, "inost_r": 0.30967540920000003, "ttdca_e": 0.07524642620000001, "orn_m": 0.7031087890000001, "acrn_x": 0.0124349182, "ttdcea_c": 0.015882310400000002, "fru_e": 0.3520294445, "ura_c": 0.048905608600000004, "lac_D_c": 27.30936192, "glyc_c": 0.2054438716, "ocdcea_r": 0.005576151, "ttdcrn_c": 0.0408108837}