{"aact_m": 0.6065495523, "sphings_r": 0.0338503061, "val_L_e": 0.3830629902, "C10164_c": 0.025021475499999998, "HC02024_r": 0.0636804753, "fum_m": 0.0140589977, "hdcea_e": 0.3079683805, "adrnl_e": 0.0095884067, "cit_c": 0.7566671915000001, "4hpro_LT_r": 0.1360887972, "chol_m": 0.07792190269999999, "4h2oglt_c": 0.039684839900000005, "C06199_l": 0.3529105418, "trp_L_c": 0.39704753670000004, "stcrn_m": 0.060001455999999995, "pyr_m": 1.5188367475, "carn_c": 0.157991083, "chsterol_n": 1.486471796, "lys_L_m": 0.8741017774, "g6p_r": 0.0782805751, "arg_L_e": 0.0784550425, "acgam_l": 0.0051219551, "c4crn_m": 0.0393422249, "C01601_c": 0.021641649, "hom_L_e": 0.007142316700000001, "hxan_e": 0.0523205625, "lnlccrn_m": 0.1779088168, "im4ac_c": 0.0100359011, "urate_e": 0.38709398840000003, "g3p_c": 0.1327510419, "hdd2crn_c": 0.0330764529, "glu_L_r": 0.2478023373, "nac_c": 0.14258343939999998, "asp_D_e": 0.0537333684, "thrnt_c": 0.0647829249, "C01507_c": 0.0121613154, "12ppd_R_c": 0.6331931177000001, "5oxpro_e": 1.7922181690999999, "fuc_L_e": 0.009862735400000001, "arab_L_c": 0.0093442951, "vacccrn_m": 0.2682413353, "CE6205_c": 0.016543186, "pram_c": 0.6823268717000001, "ipdp_c": 0.0056272043999999995, "met_L_m": 0.18030430460000002, "ile_L_e": 0.0321707655, "hyptaur_c": 0.0041857081, "rbt_e": 0.0369496397, "ocdca_c": 1.4820041298, "Lpipecol_x": 0.048477156900000005, "c10crn_e": 0.2362930924, "dhdascb_c": 0.0176883262, "gal_c": 0.0455846927, "phe_L_l": 0.6314733023, "urea_m": 24.1624125074, "glx_m": 0.0580018421, "glc_D_c": 13.0955649142, "gln_L_e": 0.3860781574, "glcur_c": 0.0071481094999999994, "crn_e": 0.0422700259, "c6crn_x": 0.0293793185, "gua_e": 0.0148475397, "dchac_r": 0.1254115779, "4mop_c": 0.0434704788, "sarcs_m": 0.18087989420000003, "anth_e": 0.0075909091, "andrstndn_c": 0.0174890418, "1p2cbxl_x": 0.2890017635, "2coum_c": 0.023426908599999997, "thr_L_e": 0.7444686806, "bilirub_r": 0.2494123792, "5hoxindoa_c": 0.012167722800000001, "ddeccrn_m": 0.0587965368, "3mop_m": 0.0663457048, "xylt_e": 0.0089446936, "sphs1p_e": 0.11531070869999999, "gudac_c": 0.011149426399999999, "succ_r": 0.0194174742, "ala_D_c": 10.171970096499999, "prgstrn_e": 0.0255186333, "3hmp_m": 1.7266596511, "dmnoncrn_x": 0.0090308823, "oaa_x": 0.1068713713, "rib_D_c": 0.0499439425, "gly_m": 0.8361442461, "citr_L_m": 0.7312066528, "glyclt_x": 0.022934478900000003, "acnam_l": 0.010959511399999998, "creat_m": 0.2390004984, "tyr_L_l": 0.1758791335, "oxa_c": 96.1731409061, "Lcystin_c": 0.0584477419, "ivcrn_c": 0.0202317711, "dhap_x": 0.026306520099999998, "bz_r": 0.0205997298, "lneldc_e": 0.0801634299, "C02356_c": 0.48305297049999996, "pchol_hs_c": 0.07202584719999999, "asn_L_c": 0.0694654704, "6pgc_c": 0.0298615087, "ser_L_x": 1.0050990803, "leu_L_m": 2.9609735383999998, "25hvitd3_c": 0.0339579207, "gcald_c": 0.7780283887999999, "glyald_m": 0.011450085, "thm_e": 0.0084932355, "c8crn_x": 0.0805011952, "pcollg5hlys_c": 0.0793588854, "srb_L_c": 0.0146092746, "5htrp_e": 0.0036967840000000003, "pmtcrn_m": 0.007801988399999999, "CE2537_c": 0.1562753348, "cyst_L_m": 0.0343519656, "3mob_c": 0.011097598899999998, "ru5p_D_c": 0.0266220291, "cys_L_m": 0.11159073580000001, "2mcacn_c": 0.0103872166, "pro_D_l": 3.3922320568, "pser_L_c": 0.010376360500000001, "pac_m": 0.4725901934, "inost_r": 0.38558836539999997, "ttdca_e": 0.8232376376999999, "orn_m": 0.9194556243, "acrn_x": 0.013764118600000002, "ttdcea_c": 0.006540228100000001, "fru_e": 0.060792929100000004, "ura_c": 0.0459492663, "lac_D_c": 53.155181517799996, "glyc_c": 4.5527724171, "ocdcea_r": 0.1140958831, "ttdcrn_c": 0.023799781699999998}