{"aact_m": 0.392792012, "sphings_r": 0.021320926400000002, "val_L_e": 0.3852387063, "C10164_c": 0.0930845091, "HC02024_r": 0.0822865848, "fum_m": 0.0432009191, "hdcea_e": 0.08720630210000001, "adrnl_e": 0.00022644349999999998, "cit_c": 0.8782433034999999, "4hpro_LT_r": 0.10394376109999999, "chol_m": 0.14235983119999998, "4h2oglt_c": 0.0429917475, "C06199_l": 0.3128241096, "trp_L_c": 0.6875241959, "stcrn_m": 0.0297735454, "pyr_m": 0.4137036846, "carn_c": 0.13016335869999998, "chsterol_n": 1.3464111047, "lys_L_m": 0.6929729059999999, "g6p_r": 0.0656641705, "arg_L_e": 0.042385907800000004, "acgam_l": 0.0045589175, "c4crn_m": 0.0498853499, "C01601_c": 0.0121441347, "hom_L_e": 0.0021764841, "hxan_e": 0.019752431799999998, "lnlccrn_m": 0.0512500419, "im4ac_c": 0.0143240048, "urate_e": 0.26533843420000003, "g3p_c": 0.0513568184, "hdd2crn_c": 0.027021391699999998, "glu_L_r": 0.1570075345, "nac_c": 0.35375842679999997, "asp_D_e": 0.0343203642, "thrnt_c": 0.20623353190000002, "C01507_c": 0.011394135, "12ppd_R_c": 0.48102951060000004, "5oxpro_e": 1.1542647643000001, "fuc_L_e": 0.0074047031999999995, "arab_L_c": 0.007814394300000001, "vacccrn_m": 0.1124595958, "CE6205_c": 0.0242293632, "pram_c": 0.5791301410999999, "ipdp_c": 0.0034401265, "met_L_m": 0.1506550774, "ile_L_e": 0.014626033, "hyptaur_c": 0.009613934000000001, "rbt_e": 0.0404148426, "ocdca_c": 0.7131931007, "Lpipecol_x": 0.0344904436, "c10crn_e": 0.1377849442, "dhdascb_c": 0.0152312419, "gal_c": 0.022758453199999997, "phe_L_l": 0.5390817365, "urea_m": 18.7310271472, "glx_m": 0.041235486, "glc_D_c": 22.037298283400002, "gln_L_e": 0.2604068697, "glcur_c": 0.0126588862, "crn_e": 0.0278457629, "c6crn_x": 0.0165696164, "gua_e": 0.011913728899999998, "dchac_r": 0.0351095215, "4mop_c": 0.0364699503, "sarcs_m": 0.1035247642, "anth_e": 0.010237349100000001, "andrstndn_c": 0.0157639346, "1p2cbxl_x": 0.2281917894, "2coum_c": 0.018230966499999997, "thr_L_e": 0.4664306817, "bilirub_r": 0.0565153611, "5hoxindoa_c": 0.010502431999999999, "ddeccrn_m": 0.0502424516, "3mop_m": 0.0525929424, "xylt_e": 0.0092637237, "sphs1p_e": 0.0234783758, "gudac_c": 0.011649973899999999, "succ_r": 0.042639197000000004, "ala_D_c": 6.2218817088, "prgstrn_e": 0.013952695400000001, "3hmp_m": 5.3730759639, "dmnoncrn_x": 0.0075968602000000005, "oaa_x": 0.1318799042, "rib_D_c": 0.0439804417, "gly_m": 1.6427649916999998, "citr_L_m": 0.6495799657, "glyclt_x": 0.033839229, "acnam_l": 0.018390428700000003, "creat_m": 0.1692994927, "tyr_L_l": 0.1278772095, "oxa_c": 135.4227883175, "Lcystin_c": 0.0392567759, "ivcrn_c": 0.0388385785, "dhap_x": 0.0251995478, "bz_r": 0.0175136798, "lneldc_e": 0.017844906100000002, "C02356_c": 0.4103742442, "pchol_hs_c": 0.0557345914, "asn_L_c": 0.07728956769999999, "6pgc_c": 0.0355911765, "ser_L_x": 0.7508523063, "leu_L_m": 1.4693345936000002, "25hvitd3_c": 0.0107178228, "gcald_c": 0.4745343169, "glyald_m": 0.009390245600000001, "thm_e": 0.0050560022, "c8crn_x": 0.0408200153, "pcollg5hlys_c": 0.0583685249, "srb_L_c": 0.0230193946, "5htrp_e": 0.0150883338, "pmtcrn_m": 0.0073879964, "CE2537_c": 0.122474535, "cyst_L_m": 0.1071944141, "3mob_c": 0.0065887590000000005, "ru5p_D_c": 0.0099695351, "cys_L_m": 0.0604532965, "2mcacn_c": 0.0076876462, "pro_D_l": 3.0975423911, "pser_L_c": 0.0099583357, "pac_m": 0.4494564822, "inost_r": 0.2901938327, "ttdca_e": 0.2207259532, "orn_m": 0.7357641420000001, "acrn_x": 0.011001540700000001, "ttdcea_c": 0.0101704028, "fru_e": 0.0403005472, "ura_c": 0.0415676517, "lac_D_c": 25.3242162106, "glyc_c": 0.6590069827, "ocdcea_r": 0.0236115986, "ttdcrn_c": 0.0185268521}