{"aact_m": 0.2558780926, "sphings_r": 0.040446937, "val_L_e": 0.506809472, "C10164_c": 0.0569510121, "HC02024_r": 0.06381532349999999, "fum_m": 0.0409543762, "hdcea_e": 0.0061100928, "adrnl_e": 0.0001609021, "cit_c": 0.614116015, "4hpro_LT_r": 0.12016855439999999, "chol_m": 0.0810368736, "4h2oglt_c": 0.0343714052, "C06199_l": 0.35783162350000003, "trp_L_c": 0.7203293899, "stcrn_m": 0.0543162857, "pyr_m": 1.7709862503, "carn_c": 0.1004820875, "chsterol_n": 1.0874774549, "lys_L_m": 1.2497110607, "g6p_r": 0.0605837443, "arg_L_e": 0.0671264275, "acgam_l": 0.0048343137, "c4crn_m": 0.0301788465, "C01601_c": 0.0169715082, "hom_L_e": 0.0132710481, "hxan_e": 0.0003652026, "lnlccrn_m": 0.127482407, "im4ac_c": 0.021890217799999997, "urate_e": 0.41642421799999996, "g3p_c": 0.0696979226, "hdd2crn_c": 0.0205733502, "glu_L_r": 0.1405426243, "nac_c": 0.23220581839999999, "asp_D_e": 0.0531953696, "thrnt_c": 0.0363701088, "C01507_c": 0.013214361, "12ppd_R_c": 0.4743332257, "5oxpro_e": 1.4016795737999999, "fuc_L_e": 0.0065011063, "arab_L_c": 0.0113561722, "vacccrn_m": 0.2048153552, "CE6205_c": 0.0079556097, "pram_c": 0.4842994956, "ipdp_c": 0.0042143057000000005, "met_L_m": 0.2507566485, "ile_L_e": 0.0323698362, "hyptaur_c": 0.0116818782, "rbt_e": 0.0311141333, "ocdca_c": 0.2474780159, "Lpipecol_x": 0.0250448908, "c10crn_e": 0.0624994656, "dhdascb_c": 0.014237978, "gal_c": 0.033564435, "phe_L_l": 0.6571386645, "urea_m": 14.104432663399999, "glx_m": 0.033564867400000004, "glc_D_c": 7.0379474137999996, "gln_L_e": 0.2807675123, "glcur_c": 0.0051911351, "crn_e": 0.061058905499999996, "c6crn_x": 0.0076667246, "gua_e": 0.0207185857, "dchac_r": 0.0878788643, "4mop_c": 0.0367172245, "sarcs_m": 0.10150651460000001, "anth_e": 0.0131183783, "andrstndn_c": 0.01116548, "1p2cbxl_x": 0.2599905698, "2coum_c": 0.0275224011, "thr_L_e": 0.8672108138, "bilirub_r": 0.0312485551, "5hoxindoa_c": 0.0093837664, "ddeccrn_m": 0.033092819, "3mop_m": 0.057145040099999996, "xylt_e": 0.0071346071, "sphs1p_e": 0.0661640493, "gudac_c": 0.008293520799999999, "succ_r": 0.0368821219, "ala_D_c": 17.544934564400002, "prgstrn_e": 0.0110371527, "3hmp_m": 0.5818889601, "dmnoncrn_x": 0.0049991029999999995, "oaa_x": 0.0873770365, "rib_D_c": 0.033682420899999996, "gly_m": 1.8541490312, "citr_L_m": 0.6552624364, "glyclt_x": 0.0102288111, "acnam_l": 0.0165816023, "creat_m": 0.2610566227, "tyr_L_l": 0.2015352446, "oxa_c": 175.6710479122, "Lcystin_c": 0.0265598209, "ivcrn_c": 0.0118281972, "dhap_x": 0.022004282799999997, "bz_r": 0.019604759399999998, "lneldc_e": 0.0370036563, "C02356_c": 0.5565218399, "pchol_hs_c": 0.0673573669, "asn_L_c": 0.08787214210000001, "6pgc_c": 0.028892904599999998, "ser_L_x": 1.3655060181, "leu_L_m": 3.2158332095, "25hvitd3_c": 0.0185593701, "gcald_c": 0.392070634, "glyald_m": 0.0120216821, "thm_e": 0.009696239, "c8crn_x": 0.0185716883, "pcollg5hlys_c": 0.061201507800000006, "srb_L_c": 0.0160715219, "5htrp_e": 0.0149241709, "pmtcrn_m": 0.0059431896, "CE2537_c": 0.09323259, "cyst_L_m": 0.0220114056, "3mob_c": 0.0065380319, "ru5p_D_c": 0.005782089200000001, "cys_L_m": 0.1156312293, "2mcacn_c": 0.0088391148, "pro_D_l": 9.6178366233, "pser_L_c": 0.0121550136, "pac_m": 0.4706916299, "inost_r": 0.3814334178, "ttdca_e": 0.0296053071, "orn_m": 1.3788400046, "acrn_x": 0.0103448064, "ttdcea_c": 0.007704990500000001, "fru_e": 0.140498931, "ura_c": 0.038080598, "lac_D_c": 95.7940410429, "glyc_c": 0.1954918966, "ocdcea_r": 0.0032870066999999997, "ttdcrn_c": 0.0140898623}