{"aact_m": 0.2895272181, "sphings_r": 0.0246879413, "val_L_e": 0.32626885640000003, "C10164_c": 0.09531857560000001, "HC02024_r": 0.06276017019999999, "fum_m": 0.045087278700000004, "hdcea_e": 0.1106531999, "adrnl_e": 0.0034784573, "cit_c": 1.1349644661, "4hpro_LT_r": 0.11832028230000001, "chol_m": 0.082299589, "4h2oglt_c": 0.0350306467, "C06199_l": 0.455203013, "trp_L_c": 0.7510045023, "stcrn_m": 0.0737465421, "pyr_m": 1.0859955325, "carn_c": 0.2086161927, "chsterol_n": 1.5891210507, "lys_L_m": 1.1111885648, "g6p_r": 0.0601933854, "arg_L_e": 0.0289952079, "acgam_l": 0.0072075496999999995, "c4crn_m": 0.0442137664, "C01601_c": 0.0363007955, "hom_L_e": 0.0086788266, "hxan_e": 0.0222109498, "lnlccrn_m": 0.1426964141, "im4ac_c": 0.029325400699999997, "urate_e": 0.3340600948, "g3p_c": 0.0499830725, "hdd2crn_c": 0.059787063700000004, "glu_L_r": 0.12636083369999998, "nac_c": 0.3421854933, "asp_D_e": 0.0650951758, "thrnt_c": 0.0078895279, "C01507_c": 0.042003050199999996, "12ppd_R_c": 0.5731785811, "5oxpro_e": 1.7937321827000001, "fuc_L_e": 0.0103381284, "arab_L_c": 0.0204461003, "vacccrn_m": 0.2925638966, "CE6205_c": 0.0058519248, "pram_c": 0.7825590959000001, "ipdp_c": 0.0048840194, "met_L_m": 0.3177062043, "ile_L_e": 0.049486082199999996, "hyptaur_c": 0.0103175148, "rbt_e": 0.0785600349, "ocdca_c": 1.1012742315000001, "Lpipecol_x": 0.041889124, "c10crn_e": 0.0886646521, "dhdascb_c": 0.018766077, "gal_c": 0.0303234636, "phe_L_l": 0.6518803769, "urea_m": 37.896279772, "glx_m": 0.027402359900000003, "glc_D_c": 39.7890592703, "gln_L_e": 0.4574370415, "glcur_c": 0.0098260022, "crn_e": 0.053431420199999996, "c6crn_x": 0.0143210122, "gua_e": 0.0204912901, "dchac_r": 0.1074493658, "4mop_c": 0.0861691792, "sarcs_m": 0.08899568810000001, "anth_e": 0.0073649561, "andrstndn_c": 0.0154785554, "1p2cbxl_x": 0.2813310741, "2coum_c": 0.0332158024, "thr_L_e": 0.9728193867, "bilirub_r": 0.053103943, "5hoxindoa_c": 0.0097886547, "ddeccrn_m": 0.058539195700000005, "3mop_m": 0.1492386978, "xylt_e": 0.0090315442, "sphs1p_e": 0.0648246931, "gudac_c": 0.008931041800000001, "succ_r": 0.0261646391, "ala_D_c": 9.7422256456, "prgstrn_e": 0.0176044565, "3hmp_m": 6.0975538305, "dmnoncrn_x": 0.0064449505, "oaa_x": 0.1008415321, "rib_D_c": 0.0509181122, "gly_m": 1.9396608743000001, "citr_L_m": 0.6646657806, "glyclt_x": 0.0013135418, "acnam_l": 0.0134112754, "creat_m": 0.42851773530000004, "tyr_L_l": 0.24943593320000002, "oxa_c": 97.96602792110001, "Lcystin_c": 0.0813739923, "ivcrn_c": 0.0068400881999999994, "dhap_x": 0.023030994500000002, "bz_r": 0.021647728199999997, "lneldc_e": 0.4103630867, "C02356_c": 0.8334252429000001, "pchol_hs_c": 0.0534302025, "asn_L_c": 0.1094561564, "6pgc_c": 0.0254108903, "ser_L_x": 1.4154877388, "leu_L_m": 4.1111815925, "25hvitd3_c": 0.0473489136, "gcald_c": 0.7511540276, "glyald_m": 0.0084636438, "thm_e": 0.0127151348, "c8crn_x": 0.0294489503, "pcollg5hlys_c": 0.0723922763, "srb_L_c": 0.0194769852, "5htrp_e": 0.017173624499999998, "pmtcrn_m": 0.004822844000000001, "CE2537_c": 0.1683389227, "cyst_L_m": 0.4492561128, "3mob_c": 0.0155968709, "ru5p_D_c": 0.0199694352, "cys_L_m": 0.1546587828, "2mcacn_c": 0.008655339599999999, "pro_D_l": 6.5917491978, "pser_L_c": 0.0095196569, "pac_m": 0.38845493200000003, "inost_r": 0.3785287256, "ttdca_e": 0.17996582789999999, "orn_m": 1.1573209699, "acrn_x": 0.012807096200000001, "ttdcea_c": 0.016007486799999998, "fru_e": 0.0444116483, "ura_c": 0.0513236279, "lac_D_c": 27.918497862800002, "glyc_c": 0.7300216915000001, "ocdcea_r": 0.0333630286, "ttdcrn_c": 0.0381604721}