{"aact_m": 0.5782571283, "sphings_r": 0.025931151, "val_L_e": 0.4342983204, "C10164_c": 0.1009757805, "HC02024_r": 0.0809356682, "fum_m": 0.059154267, "hdcea_e": 0.0015133386, "adrnl_e": 0.0008002303999999999, "cit_c": 0.7144562093000001, "4hpro_LT_r": 0.1096033725, "chol_m": 0.0656712178, "4h2oglt_c": 0.0312260195, "C06199_l": 0.36774103, "trp_L_c": 0.49880891619999995, "stcrn_m": 0.023646905699999998, "pyr_m": 0.9685840965000001, "carn_c": 0.09118062269999999, "chsterol_n": 0.9280759041, "lys_L_m": 0.7245661998999999, "g6p_r": 0.0488011472, "arg_L_e": 0.0363258823, "acgam_l": 0.005947774, "c4crn_m": 0.0324715738, "C01601_c": 0.010877999499999999, "hom_L_e": 0.009501191899999999, "hxan_e": 0.0321471431, "lnlccrn_m": 0.046673974400000005, "im4ac_c": 0.009969820899999999, "urate_e": 0.15721071779999998, "g3p_c": 0.038768433399999996, "hdd2crn_c": 0.006214158199999999, "glu_L_r": 0.0700970061, "nac_c": 0.23175678019999998, "asp_D_e": 0.0386870037, "thrnt_c": 0.064861556, "C01507_c": 0.009064889100000001, "12ppd_R_c": 0.4938450798, "5oxpro_e": 0.9592272112000001, "fuc_L_e": 0.0055580413, "arab_L_c": 0.11140811980000001, "vacccrn_m": 0.0422777647, "CE6205_c": 0.012434816599999999, "pram_c": 0.5872701113000001, "ipdp_c": 0.0031978041, "met_L_m": 0.1278418098, "ile_L_e": 0.028665167999999998, "hyptaur_c": 0.0127860707, "rbt_e": 0.025098242599999997, "ocdca_c": 0.2315731318, "Lpipecol_x": 0.0368407403, "c10crn_e": 0.0243424373, "dhdascb_c": 0.0150171453, "gal_c": 0.0213187258, "phe_L_l": 0.6030270043, "urea_m": 11.743764878399999, "glx_m": 0.0338040229, "glc_D_c": 11.120095593299999, "gln_L_e": 0.2594673868, "glcur_c": 0.0059339263, "crn_e": 0.0845952404, "c6crn_x": 0.0043555353, "gua_e": 0.011152163, "dchac_r": 0.0696851923, "4mop_c": 0.0417764083, "sarcs_m": 0.0746334142, "anth_e": 0.0107869708, "andrstndn_c": 0.015504851399999998, "1p2cbxl_x": 0.2639323243, "2coum_c": 0.0176371721, "thr_L_e": 0.6665037243, "bilirub_r": 0.0537061969, "5hoxindoa_c": 0.0090943898, "ddeccrn_m": 0.014461483, "3mop_m": 0.1102170897, "xylt_e": 0.0051544154, "sphs1p_e": 0.028428193199999997, "gudac_c": 0.0094192142, "succ_r": 0.056194320199999995, "ala_D_c": 11.1908171825, "prgstrn_e": 0.0068740912, "3hmp_m": 0.4670134253, "dmnoncrn_x": 0.0025773081, "oaa_x": 0.09482215349999999, "rib_D_c": 0.0242888179, "gly_m": 0.8546916443000001, "citr_L_m": 0.7069243741, "glyclt_x": 0.0107864462, "acnam_l": 0.0192800921, "creat_m": 0.1907588606, "tyr_L_l": 0.1262697695, "oxa_c": 155.6359659798, "Lcystin_c": 0.0431899041, "ivcrn_c": 0.0253496812, "dhap_x": 0.022875246800000002, "bz_r": 0.0225214798, "lneldc_e": 0.0222973004, "C02356_c": 0.39295307240000005, "pchol_hs_c": 0.0452466819, "asn_L_c": 0.0917255402, "6pgc_c": 0.0233756701, "ser_L_x": 0.7016886665000001, "leu_L_m": 2.1179683480000002, "25hvitd3_c": 0.010384014300000001, "gcald_c": 0.3705764168, "glyald_m": 0.009334504, "thm_e": 0.0071267071999999996, "c8crn_x": 0.0106665851, "pcollg5hlys_c": 0.051680675700000005, "srb_L_c": 0.0186811437, "5htrp_e": 0.0217620607, "pmtcrn_m": 0.0018505841, "CE2537_c": 0.0726898339, "cyst_L_m": 0.028628293500000002, "3mob_c": 0.0070035337, "ru5p_D_c": 0.0081664251, "cys_L_m": 0.0672951029, "2mcacn_c": 0.0078535484, "pro_D_l": 4.0423889349, "pser_L_c": 0.0094945754, "pac_m": 0.4019123443, "inost_r": 0.3093251574, "ttdca_e": 0.0316753287, "orn_m": 0.5363345314, "acrn_x": 0.0095782128, "ttdcea_c": 0.0104555785, "fru_e": 0.189728206, "ura_c": 0.039908217200000005, "lac_D_c": 47.71591814600001, "glyc_c": 0.1659866045, "ocdcea_r": 0.0015737607, "ttdcrn_c": 0.0077396851}