{"aact_m": 0.37381544920000004, "sphings_r": 0.0398519435, "val_L_e": 0.6037432615, "C10164_c": 0.0701506001, "HC02024_r": 0.0659868845, "fum_m": 0.0380026182, "hdcea_e": 0.0017071162, "adrnl_e": 0.00045482879999999995, "cit_c": 0.6745375232999999, "4hpro_LT_r": 0.1301131448, "chol_m": 0.0003048193, "4h2oglt_c": 0.0378171931, "C06199_l": 0.6317591932, "trp_L_c": 0.9288066762999999, "stcrn_m": 0.0595811937, "pyr_m": 1.4393644647, "carn_c": 0.1626149143, "chsterol_n": 1.8690513384, "lys_L_m": 2.1842009921, "g6p_r": 0.0832242874, "arg_L_e": 0.0658668722, "acgam_l": 0.0052877217, "c4crn_m": 0.054166422199999995, "C01601_c": 0.0153089891, "hom_L_e": 0.0130891401, "hxan_e": 0.0384222754, "lnlccrn_m": 0.14753860259999999, "im4ac_c": 0.0117680058, "urate_e": 0.368355638, "g3p_c": 0.058931275899999996, "hdd2crn_c": 0.0170354044, "glu_L_r": 0.1636298634, "nac_c": 0.4249653616, "asp_D_e": 0.0669441407, "thrnt_c": 0.0636897568, "C01507_c": 0.0366465169, "12ppd_R_c": 0.5273916183, "5oxpro_e": 1.224082702, "fuc_L_e": 0.0080457449, "arab_L_c": 0.0080273153, "vacccrn_m": 0.15058411929999999, "CE6205_c": 0.013613751, "pram_c": 5.656648167835171e-05, "ipdp_c": 0.0048215558, "met_L_m": 0.6361458043, "ile_L_e": 0.0190888708, "hyptaur_c": 0.0228900502, "rbt_e": 0.037600647, "ocdca_c": 0.2379315973, "Lpipecol_x": 0.042323897199999995, "c10crn_e": 0.012928610600000001, "dhdascb_c": 0.0129001564, "gal_c": 0.0256737817, "phe_L_l": 1.1038486406, "urea_m": 26.107925815799998, "glx_m": 0.07131476490000001, "glc_D_c": 32.6834723384, "gln_L_e": 0.39072963200000005, "glcur_c": 0.007540478299999999, "crn_e": 0.0189474193, "c6crn_x": 0.0068771549, "gua_e": 0.051279829699999994, "dchac_r": 0.116076125, "4mop_c": 0.059936337699999995, "sarcs_m": 0.1551436712, "anth_e": 0.0044002768, "andrstndn_c": 0.0181239958, "1p2cbxl_x": 0.2304979362, "2coum_c": 0.0343950539, "thr_L_e": 1.7038478765, "bilirub_r": 0.047157800599999994, "5hoxindoa_c": 0.012549662900000001, "ddeccrn_m": 0.0059781104, "3mop_m": 0.0731808806, "xylt_e": 0.0063490415, "sphs1p_e": 0.07810648719999999, "gudac_c": 0.011547794299999999, "succ_r": 0.0254052388, "ala_D_c": 16.3325958767, "prgstrn_e": 0.0036453963, "3hmp_m": 0.9211042443, "dmnoncrn_x": 0.0011811945, "oaa_x": 0.0985207407, "rib_D_c": 0.041866940400000004, "gly_m": 2.6058560263999997, "citr_L_m": 0.717352773, "glyclt_x": 0.0015100966, "acnam_l": 0.016840215, "creat_m": 0.4663887401, "tyr_L_l": 0.2523036643, "oxa_c": 63.45210399729999, "Lcystin_c": 0.0553303426, "ivcrn_c": 0.0102696337, "dhap_x": 0.026252304700000003, "bz_r": 0.0327444684, "lneldc_e": 0.1490243299, "C02356_c": 0.4934943889, "pchol_hs_c": 0.0247138033, "asn_L_c": 0.2145072558, "6pgc_c": 0.0277606827, "ser_L_x": 2.0958015186, "leu_L_m": 6.5714488614999995, "25hvitd3_c": 0.0333910754, "gcald_c": 0.6161632384000001, "glyald_m": 0.0068296264, "thm_e": 0.0024303205, "c8crn_x": 0.0065018281999999995, "pcollg5hlys_c": 0.0814965941, "srb_L_c": 0.0084341017, "5htrp_e": 0.0174579101, "pmtcrn_m": 0.0017980085999999998, "CE2537_c": 0.1242380082, "cyst_L_m": 0.24449063780000002, "3mob_c": 0.013243743600000002, "ru5p_D_c": 0.008787459899999999, "cys_L_m": 0.11273922, "2mcacn_c": 0.008401174, "pro_D_l": 9.8074586876, "pser_L_c": 0.010375329499999999, "pac_m": 0.4620733481, "inost_r": 0.3505121086, "ttdca_e": 0.0176582695, "orn_m": 1.5206213200999998, "acrn_x": 0.007656370799999999, "ttdcea_c": 0.024043415800000002, "fru_e": 0.3100459956, "ura_c": 0.0365442491, "lac_D_c": 86.5702974556, "glyc_c": 0.1862314832, "ocdcea_r": 0.0022899332, "ttdcrn_c": 0.0114228128}