{"aact_m": 1.0559783752, "sphings_r": 0.029819939, "val_L_e": 0.6076300847999999, "C10164_c": 0.024000600499999997, "HC02024_r": 0.17066896780000002, "fum_m": 0.0127253798, "hdcea_e": 0.0202896353, "adrnl_e": 0.0013071481, "cit_c": 0.4538725263, "4hpro_LT_r": 0.1402722291, "chol_m": 0.029715879700000003, "4h2oglt_c": 0.0755899696, "C06199_l": 0.37525045770000004, "trp_L_c": 0.5697152605, "stcrn_m": 0.0383426963, "pyr_m": 0.4960427934, "carn_c": 0.160911911, "chsterol_n": 0.9769696904, "lys_L_m": 0.5951025503, "g6p_r": 0.2385398155, "arg_L_e": 0.0620701287, "acgam_l": 0.0050045058000000005, "c4crn_m": 0.0251740635, "C01601_c": 0.0417353659, "hom_L_e": 0.0008260183, "hxan_e": 0.0134532751, "lnlccrn_m": 0.0713067875, "im4ac_c": 0.0064568502, "urate_e": 0.3857822122, "g3p_c": 0.11464417660000001, "hdd2crn_c": 0.0121635705, "glu_L_r": 0.1236047264, "nac_c": 0.0795950007, "asp_D_e": 0.0388074766, "thrnt_c": 0.1164809002, "C01507_c": 0.0675368146, "12ppd_R_c": 0.6125567476, "5oxpro_e": 1.4125624655000002, "fuc_L_e": 0.013652216200000001, "arab_L_c": 0.0104998059, "vacccrn_m": 0.1006937317, "CE6205_c": 0.0174209025, "pram_c": 0.6897997947, "ipdp_c": 0.0048015999, "met_L_m": 0.20004618429999999, "ile_L_e": 0.027486893999999998, "hyptaur_c": 0.0019008725, "rbt_e": 0.0331363317, "ocdca_c": 0.629689289, "Lpipecol_x": 0.0639127301, "c10crn_e": 0.0765391045, "dhdascb_c": 0.0120726458, "gal_c": 0.1839772678, "phe_L_l": 0.5866705258, "urea_m": 11.5082640305, "glx_m": 0.0531231691, "glc_D_c": 5.7675334427, "gln_L_e": 0.4792124791, "glcur_c": 0.0055848651, "crn_e": 0.1079950992, "c6crn_x": 0.0143417663, "gua_e": 0.0164205288, "dchac_r": 0.11625977359999999, "4mop_c": 0.041966391, "sarcs_m": 0.0612781929, "anth_e": 0.010318850400000001, "andrstndn_c": 0.0137853695, "1p2cbxl_x": 0.21054579469999998, "2coum_c": 0.0202858881, "thr_L_e": 0.6368018025, "bilirub_r": 0.1083815489, "5hoxindoa_c": 0.0156579203, "ddeccrn_m": 0.0174128873, "3mop_m": 0.1447842641, "xylt_e": 0.0069331322999999995, "sphs1p_e": 0.048819560199999994, "gudac_c": 0.0122711703, "succ_r": 0.0109401662, "ala_D_c": 8.5313205061, "prgstrn_e": 0.0114379295, "3hmp_m": 0.9704856345999999, "dmnoncrn_x": 0.013679178500000002, "oaa_x": 0.0968471977, "rib_D_c": 0.0468034763, "gly_m": 0.6399035214, "citr_L_m": 0.683424178, "glyclt_x": 0.029254215299999997, "acnam_l": 0.0049554713, "creat_m": 0.27060939, "tyr_L_l": 0.15972468039999999, "oxa_c": 125.5644496823, "Lcystin_c": 0.043427322000000004, "ivcrn_c": 0.028781866099999998, "dhap_x": 0.027144403799999998, "bz_r": 0.0210593559, "lneldc_e": 1.9198931141, "C02356_c": 0.44193534560000003, "pchol_hs_c": 0.0937878513, "asn_L_c": 0.1277245183, "6pgc_c": 0.039134741699999996, "ser_L_x": 1.194527318, "leu_L_m": 1.9180243397, "25hvitd3_c": 0.0178163325, "gcald_c": 0.0189866248, "glyald_m": 0.0094384402, "thm_e": 0.0047339204, "c8crn_x": 0.0435251329, "pcollg5hlys_c": 0.07502722719999999, "srb_L_c": 0.0127389634, "5htrp_e": 0.0012558096, "pmtcrn_m": 0.025983441099999997, "CE2537_c": 0.1483978212, "cyst_L_m": 0.0756727659, "3mob_c": 0.0096866123, "ru5p_D_c": 0.0196079688, "cys_L_m": 0.0661128911, "2mcacn_c": 0.0147134897, "pro_D_l": 3.9292491851999998, "pser_L_c": 0.0102530354, "pac_m": 0.5627672638, "inost_r": 0.360555864, "ttdca_e": 0.1015103333, "orn_m": 0.3379095603, "acrn_x": 0.0133574751, "ttdcea_c": 0.0130457722, "fru_e": 0.08263918049999999, "ura_c": 0.0302728893, "lac_D_c": 18.4072157978, "glyc_c": 0.4279260179, "ocdcea_r": 0.0103860816, "ttdcrn_c": 0.021663767599999998}