{"aact_m": 0.48974138219999996, "sphings_r": 0.0267939554, "val_L_e": 0.3169668436, "C10164_c": 0.060630005300000005, "HC02024_r": 0.0702645945, "fum_m": 0.034120609100000004, "hdcea_e": 0.0339861248, "adrnl_e": 0.005301473100000001, "cit_c": 0.6838511915000001, "4hpro_LT_r": 0.1277691773, "chol_m": 0.071315221, "4h2oglt_c": 0.0409626073, "C06199_l": 0.37548196759999997, "trp_L_c": 0.6201131082, "stcrn_m": 0.0822670043, "pyr_m": 1.0219735726, "carn_c": 0.2925875638, "chsterol_n": 1.562951004, "lys_L_m": 0.6228015994, "g6p_r": 0.0724419538, "arg_L_e": 0.0455724058, "acgam_l": 0.0061885635, "c4crn_m": 0.014486445700000001, "C01601_c": 0.029227385699999997, "hom_L_e": 0.0051265256, "hxan_e": 0.0070402368, "lnlccrn_m": 0.20580111480000002, "im4ac_c": 0.010837746100000002, "urate_e": 0.3004540397, "g3p_c": 0.0454534674, "hdd2crn_c": 0.0405265117, "glu_L_r": 0.1053571869, "nac_c": 0.5523731829999999, "asp_D_e": 0.0521177147, "thrnt_c": 0.0332327523, "C01507_c": 0.006016603000000001, "12ppd_R_c": 0.5308015189999999, "5oxpro_e": 1.3065881403, "fuc_L_e": 0.009369984599999999, "arab_L_c": 0.009324427, "vacccrn_m": 0.2842485865, "CE6205_c": 0.0149830522, "pram_c": 5.35189290124448e-05, "ipdp_c": 0.005006449699999999, "met_L_m": 0.1533780326, "ile_L_e": 0.0328684797, "hyptaur_c": 0.0093604515, "rbt_e": 0.0333204604, "ocdca_c": 0.5008416797, "Lpipecol_x": 0.0903079876, "c10crn_e": 0.2181001626, "dhdascb_c": 0.0134690079, "gal_c": 0.033772013, "phe_L_l": 0.5366395297, "urea_m": 13.1934911687, "glx_m": 0.062390209599999996, "glc_D_c": 56.413928201000004, "gln_L_e": 0.3290076873, "glcur_c": 0.0051750973, "crn_e": 0.032500961, "c6crn_x": 0.021525443199999997, "gua_e": 0.015085659599999999, "dchac_r": 0.11005037390000001, "4mop_c": 0.0584644515, "sarcs_m": 0.0505663163, "anth_e": 0.0040508669, "andrstndn_c": 0.006654184699999999, "1p2cbxl_x": 0.24956097579999997, "2coum_c": 0.034530334700000005, "thr_L_e": 0.4439666307, "bilirub_r": 0.0378234062, "5hoxindoa_c": 0.0124432949, "ddeccrn_m": 0.068810334, "3mop_m": 0.10432914050000001, "xylt_e": 0.0067881625, "sphs1p_e": 0.0855937415, "gudac_c": 0.0112558942, "succ_r": 0.0231499008, "ala_D_c": 10.7121677414, "prgstrn_e": 0.0310138963, "3hmp_m": 1.0039168567, "dmnoncrn_x": 0.0081067855, "oaa_x": 0.0961610467, "rib_D_c": 0.0627258774, "gly_m": 0.8717532273, "citr_L_m": 0.6781355067, "glyclt_x": 0.0022797291, "acnam_l": 0.0113380732, "creat_m": 0.1797166743, "tyr_L_l": 0.2572867238, "oxa_c": 63.0445333375, "Lcystin_c": 0.0351016054, "ivcrn_c": 0.0288176981, "dhap_x": 0.022766082599999998, "bz_r": 0.020879268, "lneldc_e": 0.0757894992, "C02356_c": 0.2809280563, "pchol_hs_c": 0.0787362288, "asn_L_c": 0.06642015799999999, "6pgc_c": 0.0343064248, "ser_L_x": 0.6694622113, "leu_L_m": 2.285671452, "25hvitd3_c": 0.030962306000000002, "gcald_c": 0.4573359389, "glyald_m": 0.0074481771999999995, "thm_e": 0.0017616754, "c8crn_x": 0.0720197771, "pcollg5hlys_c": 0.0816894572, "srb_L_c": 0.0197063083, "5htrp_e": 0.0129956935, "pmtcrn_m": 0.0026211774, "CE2537_c": 0.1907543489, "cyst_L_m": 0.046839829400000005, "3mob_c": 0.011921368500000001, "ru5p_D_c": 0.010119456, "cys_L_m": 0.0973275464, "2mcacn_c": 0.0098176763, "pro_D_l": 4.1762751318, "pser_L_c": 0.0099474841, "pac_m": 0.4874798018, "inost_r": 0.2391693052, "ttdca_e": 0.0683270995, "orn_m": 0.8959519618999999, "acrn_x": 0.0128740092, "ttdcea_c": 0.0075032175, "fru_e": 0.08660248300000001, "ura_c": 0.0381901313, "lac_D_c": 89.1925088027, "glyc_c": 0.3389301927, "ocdcea_r": 0.0103598545, "ttdcrn_c": 0.027669661800000002}