{"aact_m": 0.9053564870999999, "sphings_r": 0.023358242999999997, "val_L_e": 0.44876248259999996, "C10164_c": 0.04202935, "HC02024_r": 0.072923433, "fum_m": 0.024491734100000002, "hdcea_e": 0.0133423014, "adrnl_e": 0.0061286806, "cit_c": 0.6089511165, "4hpro_LT_r": 0.1325958733, "chol_m": 0.10097854349999999, "4h2oglt_c": 0.0395197641, "C06199_l": 0.321800755, "trp_L_c": 0.5623795902000001, "stcrn_m": 0.0461596686, "pyr_m": 1.4448731741, "carn_c": 0.07095955059999999, "chsterol_n": 0.7238747031999999, "lys_L_m": 0.6464332606000001, "g6p_r": 0.042160808, "arg_L_e": 0.0526920741, "acgam_l": 0.005383108, "c4crn_m": 0.0190174838, "C01601_c": 0.0293429123, "hom_L_e": 0.0073467649, "hxan_e": 0.2340223667, "lnlccrn_m": 0.1317271031, "im4ac_c": 0.0194693802, "urate_e": 0.18050334489999997, "g3p_c": 0.06556646769999999, "hdd2crn_c": 0.016787006599999998, "glu_L_r": 0.3230840473, "nac_c": 0.2512803931, "asp_D_e": 0.1402281688, "thrnt_c": 0.0340827757, "C01507_c": 0.0082722639, "12ppd_R_c": 0.6511317295, "5oxpro_e": 2.1122879311, "fuc_L_e": 0.005088395999999999, "arab_L_c": 0.0119604383, "vacccrn_m": 0.1321260913, "CE6205_c": 0.0237978282, "pram_c": 0.6032540686, "ipdp_c": 0.0062368421999999995, "met_L_m": 0.1687495446, "ile_L_e": 0.0296254998, "hyptaur_c": 0.0057962811999999996, "rbt_e": 0.0342506119, "ocdca_c": 0.4693528519, "Lpipecol_x": 0.0731827129, "c10crn_e": 0.025152983700000003, "dhdascb_c": 0.0163714043, "gal_c": 0.0193875828, "phe_L_l": 0.6101934342, "urea_m": 12.997492052, "glx_m": 0.0229027096, "glc_D_c": 7.7695754647, "gln_L_e": 0.2751749775, "glcur_c": 0.005493644200000001, "crn_e": 0.0253237542, "c6crn_x": 0.0045860231, "gua_e": 0.017412225400000002, "dchac_r": 0.09401387380000001, "4mop_c": 0.0273175506, "sarcs_m": 0.0674532858, "anth_e": 0.006933901899999999, "andrstndn_c": 0.0102420791, "1p2cbxl_x": 0.272983995, "2coum_c": 0.019057461100000003, "thr_L_e": 0.8979017028, "bilirub_r": 0.0614976911, "5hoxindoa_c": 0.015250068, "ddeccrn_m": 0.0183472369, "3mop_m": 0.080587198, "xylt_e": 0.007478736, "sphs1p_e": 0.06766405610000001, "gudac_c": 0.0135300119, "succ_r": 0.09799590130000001, "ala_D_c": 12.319321464000001, "prgstrn_e": 0.0050782229, "3hmp_m": 0.6236277545000001, "dmnoncrn_x": 0.0038993323, "oaa_x": 0.1012096025, "rib_D_c": 0.025433125600000002, "gly_m": 1.2585802408, "citr_L_m": 0.7107567984000001, "glyclt_x": 0.0065616889, "acnam_l": 0.013476423799999998, "creat_m": 0.308591636, "tyr_L_l": 0.1463508101, "oxa_c": 88.2309141267, "Lcystin_c": 0.0335820548, "ivcrn_c": 0.0408419507, "dhap_x": 0.027696845499999997, "bz_r": 0.0204724014, "lneldc_e": 0.055375107300000004, "C02356_c": 0.31359845129999997, "pchol_hs_c": 0.1932540885, "asn_L_c": 0.0567639942, "6pgc_c": 0.0349948267, "ser_L_x": 0.9691336495999999, "leu_L_m": 2.3489212403999997, "25hvitd3_c": 0.029718982999999997, "gcald_c": 0.49802796979999997, "glyald_m": 0.01310778, "thm_e": 0.012795053700000001, "c8crn_x": 0.009282718, "pcollg5hlys_c": 0.0491368506, "srb_L_c": 0.0356355557, "5htrp_e": 0.008043263699999999, "pmtcrn_m": 0.0190601054, "CE2537_c": 0.05034090769999999, "cyst_L_m": 0.0528847601, "3mob_c": 0.0062968001000000004, "ru5p_D_c": 0.020683086599999997, "cys_L_m": 0.0623629488, "2mcacn_c": 0.010670206100000001, "pro_D_l": 4.7113625501, "pser_L_c": 0.0109700098, "pac_m": 0.5689142420000001, "inost_r": 0.22340121489999998, "ttdca_e": 0.0898594582, "orn_m": 0.9358288445999999, "acrn_x": 0.0089563324, "ttdcea_c": 0.0113969329, "fru_e": 0.3595181748, "ura_c": 0.035663228, "lac_D_c": 97.4890441059, "glyc_c": 0.5512686187, "ocdcea_r": 0.0037554413, "ttdcrn_c": 0.0182516031}