{"aact_m": 0.9846555385, "sphings_r": 0.0398887046, "val_L_e": 0.4823390381, "C10164_c": 0.05229523, "HC02024_r": 0.0792531542, "fum_m": 0.0306547135, "hdcea_e": 0.0300429384, "adrnl_e": 0.0035705881, "cit_c": 0.8238893731999999, "4hpro_LT_r": 0.128874823, "chol_m": 0.1046728633, "4h2oglt_c": 0.0346525571, "C06199_l": 0.3266037984, "trp_L_c": 0.3692997225, "stcrn_m": 0.091553619, "pyr_m": 0.6708347976, "carn_c": 0.1732771532, "chsterol_n": 1.3367638643000002, "lys_L_m": 0.61253929, "g6p_r": 0.04832266440000001, "arg_L_e": 0.12033751349999999, "acgam_l": 0.0050426046, "c4crn_m": 0.0297476444, "C01601_c": 0.0341558262, "hom_L_e": 0.0056581658, "hxan_e": 0.0257001614, "lnlccrn_m": 0.1321342936, "im4ac_c": 0.0107898302, "urate_e": 0.31907920289999997, "g3p_c": 0.0720732795, "hdd2crn_c": 0.037630415800000004, "glu_L_r": 0.0980817649, "nac_c": 0.3878447614, "asp_D_e": 0.0359014922, "thrnt_c": 0.0377207942, "C01507_c": 0.21155296420000003, "12ppd_R_c": 0.5304387504, "5oxpro_e": 1.2718593447, "fuc_L_e": 0.005916714, "arab_L_c": 0.0056293955, "vacccrn_m": 0.21692519710000002, "CE6205_c": 0.0250432128, "pram_c": 0.7809642371, "ipdp_c": 0.0056562852000000005, "met_L_m": 0.16006335689999998, "ile_L_e": 0.02542495, "hyptaur_c": 0.0101490387, "rbt_e": 0.0495241011, "ocdca_c": 0.5323704537, "Lpipecol_x": 0.1232183089, "c10crn_e": 0.2178611939, "dhdascb_c": 0.0174092412, "gal_c": 0.020961071799999998, "phe_L_l": 0.49816789240000003, "urea_m": 23.127020542199997, "glx_m": 0.0279957321, "glc_D_c": 21.5346424455, "gln_L_e": 0.34434053789999997, "glcur_c": 0.0053481388, "crn_e": 0.0860192117, "c6crn_x": 0.021752138100000002, "gua_e": 0.0150612373, "dchac_r": 0.13748693550000002, "4mop_c": 0.0289298686, "sarcs_m": 0.11669510699999999, "anth_e": 0.011828515500000001, "andrstndn_c": 0.0338005132, "1p2cbxl_x": 0.3400920364, "2coum_c": 0.014620514099999999, "thr_L_e": 0.5480039543999999, "bilirub_r": 0.1351003371, "5hoxindoa_c": 0.0109127949, "ddeccrn_m": 0.062630237, "3mop_m": 0.0674857405, "xylt_e": 0.0049831549, "sphs1p_e": 0.06879392690000001, "gudac_c": 0.0099234391, "succ_r": 0.027880250099999997, "ala_D_c": 8.1237711986, "prgstrn_e": 0.0212040533, "3hmp_m": 1.6042321066999998, "dmnoncrn_x": 0.0166717789, "oaa_x": 0.08557067310000001, "rib_D_c": 0.0338973453, "gly_m": 1.3906118958000002, "citr_L_m": 0.6877329901000001, "glyclt_x": 0.0019859394, "acnam_l": 0.0090168902, "creat_m": 0.1665200312, "tyr_L_l": 0.1078206145, "oxa_c": 131.3160538741, "Lcystin_c": 0.0723187603, "ivcrn_c": 0.0315335422, "dhap_x": 0.022674551400000003, "bz_r": 0.019455506799999998, "lneldc_e": 0.1051611878, "C02356_c": 0.2799507941, "pchol_hs_c": 0.0911501899, "asn_L_c": 0.0710886627, "6pgc_c": 0.0259597745, "ser_L_x": 0.9183599845, "leu_L_m": 1.9901352415, "25hvitd3_c": 0.0289134967, "gcald_c": 0.6758572621, "glyald_m": 0.00727807, "thm_e": 0.010917535400000001, "c8crn_x": 0.0687669633, "pcollg5hlys_c": 0.0699141003, "srb_L_c": 0.014591041200000002, "5htrp_e": 0.0104363959, "pmtcrn_m": 0.0056415616, "CE2537_c": 0.0900886293, "cyst_L_m": 0.0530598734, "3mob_c": 0.0057412889000000005, "ru5p_D_c": 0.0078318885, "cys_L_m": 0.09506542289999999, "2mcacn_c": 0.0097987426, "pro_D_l": 4.2624120624, "pser_L_c": 0.009458314, "pac_m": 0.4391112154, "inost_r": 0.4686946633, "ttdca_e": 0.17347017809999998, "orn_m": 0.6345191743, "acrn_x": 0.0136587007, "ttdcea_c": 0.0106006174, "fru_e": 0.032344262, "ura_c": 0.0486401322, "lac_D_c": 33.8955511901, "glyc_c": 0.4224034842, "ocdcea_r": 0.0112067836, "ttdcrn_c": 0.028949017999999997}