{"aact_m": 0.47249826710000004, "sphings_r": 0.0385728786, "val_L_e": 0.3971226249, "C10164_c": 0.023622861800000002, "HC02024_r": 0.2547695276, "fum_m": 0.0115049643, "hdcea_e": 0.2626182469, "adrnl_e": 0.0104044659, "cit_c": 0.8958020776000001, "4hpro_LT_r": 0.1387604766, "chol_m": 0.1226258425, "4h2oglt_c": 0.0591515212, "C06199_l": 0.3258177782, "trp_L_c": 0.4245893167, "stcrn_m": 0.0778855765, "pyr_m": 1.0723287702, "carn_c": 0.1629496407, "chsterol_n": 1.3816088391999999, "lys_L_m": 0.5298668009, "g6p_r": 0.0551051616, "arg_L_e": 0.06885269940000001, "acgam_l": 0.004046914, "c4crn_m": 0.0364528853, "C01601_c": 0.0434856255, "hom_L_e": 0.0099980184, "hxan_e": 0.019013901899999998, "lnlccrn_m": 0.10358651140000001, "im4ac_c": 0.0303540153, "urate_e": 0.23935298100000002, "g3p_c": 0.1474768371, "hdd2crn_c": 0.029252436, "glu_L_r": 0.2513565726, "nac_c": 0.1393874806, "asp_D_e": 0.043254985700000005, "thrnt_c": 0.025276633, "C01507_c": 0.0083089429, "12ppd_R_c": 0.6356433252, "5oxpro_e": 1.8924660865, "fuc_L_e": 0.0095572999, "arab_L_c": 0.2603260024, "vacccrn_m": 0.2158166556, "CE6205_c": 0.005599984200000001, "pram_c": 0.635682388, "ipdp_c": 0.0046806723, "met_L_m": 0.2338313478, "ile_L_e": 0.0450406154, "hyptaur_c": 9.5699413490294e-05, "rbt_e": 0.0340324881, "ocdca_c": 2.1417388357, "Lpipecol_x": 0.0742904186, "c10crn_e": 0.063052275, "dhdascb_c": 0.017335199, "gal_c": 0.022649498900000002, "phe_L_l": 0.5510415711, "urea_m": 25.4111009889, "glx_m": 0.046937035999999994, "glc_D_c": 26.372392855500003, "gln_L_e": 0.48778716380000003, "glcur_c": 0.006555341, "crn_e": 0.058534128, "c6crn_x": 0.013566271100000001, "gua_e": 0.0205188296, "dchac_r": 0.139298106, "4mop_c": 0.0529107517, "sarcs_m": 0.135566759, "anth_e": 0.0083772521, "andrstndn_c": 0.018030758600000002, "1p2cbxl_x": 0.2758645436, "2coum_c": 0.027639421600000002, "thr_L_e": 0.9244325275, "bilirub_r": 0.26206026260000004, "5hoxindoa_c": 0.0114917382, "ddeccrn_m": 0.037191330099999996, "3mop_m": 0.1258568212, "xylt_e": 0.0086564744, "sphs1p_e": 0.1419316577, "gudac_c": 0.0092781386, "succ_r": 0.0224994708, "ala_D_c": 10.500291873, "prgstrn_e": 0.008718370999999999, "3hmp_m": 1.970410762, "dmnoncrn_x": 0.0064338389, "oaa_x": 0.0983541803, "rib_D_c": 0.0419686633, "gly_m": 0.9286737843, "citr_L_m": 0.6838035794, "glyclt_x": 0.0076833327, "acnam_l": 0.0070987420999999995, "creat_m": 0.24116036629999998, "tyr_L_l": 0.21568411010000002, "oxa_c": 95.99040495969999, "Lcystin_c": 0.0636174456, "ivcrn_c": 0.0046593805, "dhap_x": 0.026625565099999998, "bz_r": 0.0197845121, "lneldc_e": 0.0619203819, "C02356_c": 0.5894424364, "pchol_hs_c": 0.0510737497, "asn_L_c": 0.0836952728, "6pgc_c": 0.0205074238, "ser_L_x": 1.2992767665, "leu_L_m": 2.4612486082, "25hvitd3_c": 0.0368695875, "gcald_c": 0.8031375690000001, "glyald_m": 0.0078736226, "thm_e": 0.012970868799999999, "c8crn_x": 0.0201791568, "pcollg5hlys_c": 0.0792154432, "srb_L_c": 0.0131982304, "5htrp_e": 0.0014338875, "pmtcrn_m": 0.0038482501, "CE2537_c": 0.13354434199999998, "cyst_L_m": 0.031212034500000003, "3mob_c": 0.011305841, "ru5p_D_c": 0.028862912, "cys_L_m": 0.11168281669999999, "2mcacn_c": 0.0116922451, "pro_D_l": 7.5917426112, "pser_L_c": 0.0102928089, "pac_m": 0.3985120395, "inost_r": 0.25419237170000003, "ttdca_e": 1.6380838653, "orn_m": 0.6530134154, "acrn_x": 0.016254822, "ttdcea_c": 0.0057303763, "fru_e": 0.0797383714, "ura_c": 0.048276842199999996, "lac_D_c": 40.7961180552, "glyc_c": 2.9386688319, "ocdcea_r": 0.0909437683, "ttdcrn_c": 0.0320066462}