{"aact_m": 0.7485772984000001, "sphings_r": 0.0150545966, "val_L_e": 0.3121977766, "C10164_c": 0.0661097799, "HC02024_r": 0.07252413740000001, "fum_m": 0.0453569166, "hdcea_e": 0.0921845476, "adrnl_e": 0.0011579572, "cit_c": 0.6294741790999999, "4hpro_LT_r": 0.0996566133, "chol_m": 0.0521583635, "4h2oglt_c": 0.06389466440000001, "C06199_l": 0.6780876884, "trp_L_c": 0.5744249416, "stcrn_m": 0.0237311919, "pyr_m": 0.0136947073, "carn_c": 0.23372374920000002, "chsterol_n": 1.0833352013, "lys_L_m": 1.3763917816, "g6p_r": 0.11422000369999999, "arg_L_e": 0.0383181327, "acgam_l": 0.0044544719, "c4crn_m": 0.0248883905, "C01601_c": 0.07443793259999999, "hom_L_e": 0.0093818699, "hxan_e": 0.029208215, "lnlccrn_m": 0.0243011109, "im4ac_c": 0.0152064843, "urate_e": 0.5133734124, "g3p_c": 0.025057731200000002, "hdd2crn_c": 0.0150760152, "glu_L_r": 2.2529170161, "nac_c": 0.0871423469, "asp_D_e": 0.5037889527, "thrnt_c": 0.0579164796, "C01507_c": 0.0100093721, "12ppd_R_c": 0.5046858544, "5oxpro_e": 5.661375835, "fuc_L_e": 0.0092373587, "arab_L_c": 0.0044366582, "vacccrn_m": 0.06888617820000001, "CE6205_c": 0.0307399417, "pram_c": 1.0996344142, "ipdp_c": 0.0037927322999999997, "met_L_m": 0.2575263086, "ile_L_e": 0.053118782, "hyptaur_c": 0.0001660762, "rbt_e": 0.0415282973, "ocdca_c": 0.7227762270999999, "Lpipecol_x": 0.0407632332, "c10crn_e": 0.026830823900000002, "dhdascb_c": 0.0115081573, "gal_c": 0.0230873563, "phe_L_l": 0.8690400820999999, "urea_m": 15.724817038900001, "glx_m": 0.0340147258, "glc_D_c": 18.225130640699998, "gln_L_e": 0.1546774527, "glcur_c": 0.0101195353, "crn_e": 0.0362706062, "c6crn_x": 0.0093750716, "gua_e": 0.0187796125, "dchac_r": 0.050340408200000006, "4mop_c": 0.006817505, "sarcs_m": 0.1241239052, "anth_e": 0.0075462386, "andrstndn_c": 0.012463375, "1p2cbxl_x": 0.2514429895, "2coum_c": 0.0299341403, "thr_L_e": 0.9674462846999999, "bilirub_r": 0.0003621509, "5hoxindoa_c": 0.0098653286, "ddeccrn_m": 0.0263125306, "3mop_m": 0.0547389705, "xylt_e": 0.005687459200000001, "sphs1p_e": 0.0276960883, "gudac_c": 0.0096960411, "succ_r": 0.0761797895, "ala_D_c": 13.9273302594, "prgstrn_e": 0.0082341034, "3hmp_m": 1.3815144697, "dmnoncrn_x": 0.006286963100000001, "oaa_x": 0.1756932343, "rib_D_c": 0.0566895058, "gly_m": 4.6400712148, "citr_L_m": 0.6411816545, "glyclt_x": 0.010708381699999998, "acnam_l": 0.0038212260999999997, "creat_m": 0.6734685431999999, "tyr_L_l": 0.21737838710000001, "oxa_c": 119.22212426639999, "Lcystin_c": 0.0234234114, "ivcrn_c": 0.0290650329, "dhap_x": 0.0205586578, "bz_r": 0.0225237534, "lneldc_e": 0.30279671199999997, "C02356_c": 0.373581614, "pchol_hs_c": 0.31561918829999996, "asn_L_c": 0.0055434576, "6pgc_c": 0.0503483253, "ser_L_x": 2.066427269, "leu_L_m": 3.5855511565, "25hvitd3_c": 0.010678418799999999, "gcald_c": 0.4972783699, "glyald_m": 0.027933494399999998, "thm_e": 0.0153508399, "c8crn_x": 0.0124975414, "pcollg5hlys_c": 0.0900794133, "srb_L_c": 0.013712808799999998, "5htrp_e": 0.0060294741, "pmtcrn_m": 0.0037149074, "CE2537_c": 0.17118314780000002, "cyst_L_m": 0.028263986, "3mob_c": 0.0005688282, "ru5p_D_c": 0.0195576154, "cys_L_m": 0.0400062701, "2mcacn_c": 0.008745954399999999, "pro_D_l": 7.0399125604999995, "pser_L_c": 0.0085122061, "pac_m": 0.3953654055, "inost_r": 0.3895658425, "ttdca_e": 0.30191811690000003, "orn_m": 0.7664733183, "acrn_x": 0.0129216292, "ttdcea_c": 0.0323497469, "fru_e": 0.09680881699999999, "ura_c": 0.0303814364, "lac_D_c": 99.3597053801, "glyc_c": 0.5637391245000001, "ocdcea_r": 0.0249087835, "ttdcrn_c": 0.0096526209}