{"aact_m": 0.5955848739999999, "sphings_r": 0.0307873571, "val_L_e": 0.4290856028, "C10164_c": 0.06079788480000001, "HC02024_r": 0.0765554199, "fum_m": 0.0351916622, "hdcea_e": 0.0261316233, "adrnl_e": 0.0071463596, "cit_c": 0.7330128305, "4hpro_LT_r": 0.1297359781, "chol_m": 0.1023003507, "4h2oglt_c": 0.0633438642, "C06199_l": 0.40650737130000003, "trp_L_c": 0.43983077200000004, "stcrn_m": 0.0706473909, "pyr_m": 0.0210298202, "carn_c": 0.1716094358, "chsterol_n": 1.8976667862999999, "lys_L_m": 0.8814467609000001, "g6p_r": 0.017379604, "arg_L_e": 0.0425848708, "acgam_l": 0.0054640596, "c4crn_m": 0.016131751, "C01601_c": 0.04725037309999999, "hom_L_e": 0.0051149209, "hxan_e": 0.0235815968, "lnlccrn_m": 0.06794505719999999, "im4ac_c": 0.0199356774, "urate_e": 0.586973447, "g3p_c": 0.0735081036, "hdd2crn_c": 0.0157794526, "glu_L_r": 1.5995931822, "nac_c": 0.7104607513, "asp_D_e": 0.3291701309, "thrnt_c": 0.0430164163, "C01507_c": 0.0126509974, "12ppd_R_c": 0.5154621025, "5oxpro_e": 4.1723071129000004, "fuc_L_e": 0.008582905699999999, "arab_L_c": 0.0225374092, "vacccrn_m": 0.1363356977, "CE6205_c": 0.06776592349999999, "pram_c": 0.0, "ipdp_c": 0.0047047546, "met_L_m": 0.142694072, "ile_L_e": 0.0360338983, "hyptaur_c": 0.0006060289, "rbt_e": 0.0394219637, "ocdca_c": 0.514804837, "Lpipecol_x": 0.032407464500000004, "c10crn_e": 0.0297591365, "dhdascb_c": 0.0155022734, "gal_c": 0.029950239500000003, "phe_L_l": 0.6467891868, "urea_m": 22.1958010578, "glx_m": 0.0198274489, "glc_D_c": 19.939518544000002, "gln_L_e": 0.0623285726, "glcur_c": 0.0176861107, "crn_e": 0.0757665842, "c6crn_x": 0.0077230332999999995, "gua_e": 0.011794946, "dchac_r": 0.10816726480000001, "4mop_c": 0.0229824865, "sarcs_m": 0.021965343199999997, "anth_e": 0.0097636161, "andrstndn_c": 0.0131564505, "1p2cbxl_x": 0.2278016922, "2coum_c": 0.0197848931, "thr_L_e": 1.0831009338, "bilirub_r": 0.0202302499, "5hoxindoa_c": 0.0139615048, "ddeccrn_m": 0.0196222673, "3mop_m": 0.051486816500000004, "xylt_e": 0.0061094645999999996, "sphs1p_e": 0.0379403254, "gudac_c": 0.0124277178, "succ_r": 0.0381502616, "ala_D_c": 13.565742239, "prgstrn_e": 0.0100925809, "3hmp_m": 0.8052386820999999, "dmnoncrn_x": 0.0045311376, "oaa_x": 0.0588712202, "rib_D_c": 0.05289144, "gly_m": 1.6449617856, "citr_L_m": 0.6748750114000001, "glyclt_x": 0.0121618224, "acnam_l": 0.004296999, "creat_m": 0.24274095620000002, "tyr_L_l": 0.15222792029999999, "oxa_c": 121.1259066142, "Lcystin_c": 0.0243216589, "ivcrn_c": 0.031516838900000003, "dhap_x": 0.0240377838, "bz_r": 0.019776261899999998, "lneldc_e": 0.4082905552, "C02356_c": 0.2888887909, "pchol_hs_c": 0.30042539949999997, "asn_L_c": 0.0199841369, "6pgc_c": 0.0424091224, "ser_L_x": 0.8748565206000001, "leu_L_m": 2.7342422364999996, "25hvitd3_c": 0.0230385652, "gcald_c": 0.5728875953, "glyald_m": 0.0086713595, "thm_e": 0.0090830663, "c8crn_x": 0.0147377977, "pcollg5hlys_c": 0.08422982289999999, "srb_L_c": 0.047001945499999996, "5htrp_e": 0.009700399, "pmtcrn_m": 0.0106163119, "CE2537_c": 0.1425429891, "cyst_L_m": 0.1222777698, "3mob_c": 0.0029709984999999996, "ru5p_D_c": 0.029744742400000003, "cys_L_m": 0.0492213832, "2mcacn_c": 0.0096554321, "pro_D_l": 6.724575799, "pser_L_c": 0.0107735803, "pac_m": 0.5301996896, "inost_r": 0.283649449, "ttdca_e": 0.12520628779999998, "orn_m": 0.5145577531000001, "acrn_x": 0.0146670897, "ttdcea_c": 0.0213984765, "fru_e": 0.1046384079, "ura_c": 0.0400397718, "lac_D_c": 45.8261541223, "glyc_c": 0.37726266869999997, "ocdcea_r": 0.014494621899999999, "ttdcrn_c": 0.0142763712}