{"aact_m": 0.4994294071, "sphings_r": 0.025839303900000003, "val_L_e": 0.4655613868, "C10164_c": 0.043292881, "HC02024_r": 0.0781348735, "fum_m": 0.0264389154, "hdcea_e": 0.081071198, "adrnl_e": 0.0013090522, "cit_c": 1.1094544145999998, "4hpro_LT_r": 0.1323324487, "chol_m": 0.12757009460000002, "4h2oglt_c": 0.0419053285, "C06199_l": 0.43955484409999995, "trp_L_c": 0.7419209416, "stcrn_m": 0.053926142999999996, "pyr_m": 0.9147791178, "carn_c": 0.1408176218, "chsterol_n": 1.4456945497, "lys_L_m": 1.4385685411000002, "g6p_r": 0.0656469191, "arg_L_e": 0.0448372071, "acgam_l": 0.0073178633, "c4crn_m": 0.0338591127, "C01601_c": 0.0431503226, "hom_L_e": 0.013876313999999999, "hxan_e": 0.0198392838, "lnlccrn_m": 0.2207253914, "im4ac_c": 0.0226507463, "urate_e": 0.43761607490000004, "g3p_c": 0.0753040985, "hdd2crn_c": 0.0335652404, "glu_L_r": 0.522725015, "nac_c": 0.3834934971, "asp_D_e": 0.176691125, "thrnt_c": 0.027706586000000002, "C01507_c": 0.0199460695, "12ppd_R_c": 0.7131990226999999, "5oxpro_e": 2.4241825298, "fuc_L_e": 0.0093733613, "arab_L_c": 0.0111096142, "vacccrn_m": 0.2257889482, "CE6205_c": 0.0191704905, "pram_c": 0.6745960146, "ipdp_c": 0.005699695899999999, "met_L_m": 0.3222158541, "ile_L_e": 0.056633929000000006, "hyptaur_c": 0.0042140747, "rbt_e": 0.0424206952, "ocdca_c": 0.7634339766, "Lpipecol_x": 0.0654989111, "c10crn_e": 0.0820696406, "dhdascb_c": 0.019288815600000002, "gal_c": 0.0347546483, "phe_L_l": 0.7661526255, "urea_m": 19.571671241700002, "glx_m": 0.028569279700000002, "glc_D_c": 12.569751359200001, "gln_L_e": 0.2894744218, "glcur_c": 0.0079639123, "crn_e": 0.0381302364, "c6crn_x": 0.0111816997, "gua_e": 0.0248032174, "dchac_r": 0.0876758924, "4mop_c": 0.0700152849, "sarcs_m": 0.1738720852, "anth_e": 0.0063662847, "andrstndn_c": 0.0229893971, "1p2cbxl_x": 0.2549377142, "2coum_c": 0.027969047200000003, "thr_L_e": 1.0331303451, "bilirub_r": 0.0563580709, "5hoxindoa_c": 0.012589781299999998, "ddeccrn_m": 0.049276081299999996, "3mop_m": 0.0845222941, "xylt_e": 0.0074341235, "sphs1p_e": 0.075877431, "gudac_c": 0.010972473100000001, "succ_r": 0.0370840422, "ala_D_c": 16.118195201, "prgstrn_e": 0.017451821, "3hmp_m": 1.2853739271, "dmnoncrn_x": 0.0090891247, "oaa_x": 0.112505336, "rib_D_c": 0.043768304, "gly_m": 1.8112224407, "citr_L_m": 0.6871625754999999, "glyclt_x": 0.0045646932, "acnam_l": 0.0098375123, "creat_m": 0.2853027326, "tyr_L_l": 0.20989388949999999, "oxa_c": 87.228907941, "Lcystin_c": 0.0369934378, "ivcrn_c": 0.0271604444, "dhap_x": 0.0251601158, "bz_r": 0.022031861899999998, "lneldc_e": 0.19402318719999997, "C02356_c": 0.4038200293, "pchol_hs_c": 0.22496778039999998, "asn_L_c": 0.0529846375, "6pgc_c": 0.0315852146, "ser_L_x": 1.2315769129, "leu_L_m": 3.6828609830000003, "25hvitd3_c": 0.0420502543, "gcald_c": 0.5622206156, "glyald_m": 0.011098042399999999, "thm_e": 0.0126823843, "c8crn_x": 0.033590253199999996, "pcollg5hlys_c": 0.0859133683, "srb_L_c": 0.021319238100000002, "5htrp_e": 0.0091993093, "pmtcrn_m": 0.0082574563, "CE2537_c": 0.1336204042, "cyst_L_m": 0.0200741109, "3mob_c": 0.013289798899999998, "ru5p_D_c": 0.0208855573, "cys_L_m": 0.0921618475, "2mcacn_c": 0.0093188213, "pro_D_l": 11.5065732159, "pser_L_c": 0.0099392031, "pac_m": 0.4601157211, "inost_r": 0.2838959122, "ttdca_e": 0.2367559716, "orn_m": 1.1559089774, "acrn_x": 0.0122906899, "ttdcea_c": 0.0156560688, "fru_e": 0.07367609929999999, "ura_c": 0.0542115855, "lac_D_c": 111.5513001147, "glyc_c": 0.6571254602000001, "ocdcea_r": 0.0133587005, "ttdcrn_c": 0.028845612599999997}