{"aact_m": 0.48811929, "sphings_r": 0.0242002239, "val_L_e": 0.5436635441, "C10164_c": 0.0274337885, "HC02024_r": 0.0164617019, "fum_m": 0.0434926805, "hdcea_e": 0.0431342525, "adrnl_e": 0.0008271961, "cit_c": 0.7126131304000001, "4hpro_LT_r": 0.1078560199, "chol_m": 0.0541275201, "4h2oglt_c": 0.04887924, "C06199_l": 0.5177855743, "trp_L_c": 0.6121438812, "stcrn_m": 0.0402126058, "pyr_m": 0.016764426399999997, "carn_c": 0.1986934767, "chsterol_n": 1.0207564665, "lys_L_m": 0.9281768720999999, "g6p_r": 0.052357071, "arg_L_e": 0.0661629868, "acgam_l": 0.0013024364999999999, "c4crn_m": 0.0203001431, "C01601_c": 0.0332209791, "hom_L_e": 0.0050995755, "hxan_e": 0.0130732837, "lnlccrn_m": 0.0480261571, "im4ac_c": 0.0197446875, "urate_e": 0.6165964584, "g3p_c": 0.0490607884, "hdd2crn_c": 0.0128296301, "glu_L_r": 1.3681762455000002, "nac_c": 0.4081595995, "asp_D_e": 0.2686012346, "thrnt_c": 0.0497303167, "C01507_c": 0.0074879522, "12ppd_R_c": 0.4634595911, "5oxpro_e": 4.4690038026, "fuc_L_e": 0.0072090605, "arab_L_c": 0.0047851675, "vacccrn_m": 0.08601357960000001, "CE6205_c": 0.0099707337, "pram_c": 0.6998329475, "ipdp_c": 0.0037636816, "met_L_m": 0.1966797682, "ile_L_e": 0.0431766645, "hyptaur_c": 0.00018375, "rbt_e": 0.0345206672, "ocdca_c": 0.4128237546, "Lpipecol_x": 0.017427176000000003, "c10crn_e": 0.041273402599999995, "dhdascb_c": 0.0161009154, "gal_c": 0.0119766866, "phe_L_l": 0.7172520509999999, "urea_m": 20.8550144704, "glx_m": 0.0198701898, "glc_D_c": 5.3101146393, "gln_L_e": 0.1908832948, "glcur_c": 0.0070668289000000006, "crn_e": 0.12181733269999999, "c6crn_x": 0.0083228116, "gua_e": 0.015207148600000001, "dchac_r": 0.0684946268, "4mop_c": 0.0181649963, "sarcs_m": 0.0729657809, "anth_e": 0.0074624272, "andrstndn_c": 0.0101711743, "1p2cbxl_x": 0.25793795989999996, "2coum_c": 0.0282073987, "thr_L_e": 0.8255585476, "bilirub_r": 0.0622541405, "5hoxindoa_c": 0.011393276499999999, "ddeccrn_m": 0.0305228915, "3mop_m": 0.034671618599999995, "xylt_e": 0.004770341500000001, "sphs1p_e": 0.0195530437, "gudac_c": 0.011159961299999998, "succ_r": 0.0401752427, "ala_D_c": 11.642782127, "prgstrn_e": 0.0094724352, "3hmp_m": 0.5059384533, "dmnoncrn_x": 0.0058841342, "oaa_x": 0.1267187782, "rib_D_c": 0.0816471896, "gly_m": 5.3857214362, "citr_L_m": 0.6646114226, "glyclt_x": 0.0096735594, "acnam_l": 8.2163307464353e-05, "creat_m": 0.044154087300000006, "tyr_L_l": 0.196920495, "oxa_c": 114.5661372021, "Lcystin_c": 0.0146507735, "ivcrn_c": 0.0237218394, "dhap_x": 0.0225441499, "bz_r": 0.0230406884, "lneldc_e": 0.17599487390000002, "C02356_c": 0.2561199228, "pchol_hs_c": 0.2326576582, "asn_L_c": 0.0213127021, "6pgc_c": 0.040679408, "ser_L_x": 1.0447624761, "leu_L_m": 2.8077874951, "25hvitd3_c": 0.0157338644, "gcald_c": 0.48818816130000003, "glyald_m": 0.0038113782, "thm_e": 0.0028598611, "c8crn_x": 0.0177622001, "pcollg5hlys_c": 0.08443742900000001, "srb_L_c": 0.0234150482, "5htrp_e": 0.0012159875, "pmtcrn_m": 0.010958674, "CE2537_c": 0.253158709, "cyst_L_m": 0.0663434416, "3mob_c": 0.0023275925, "ru5p_D_c": 0.025390385499999998, "cys_L_m": 0.0354118889, "2mcacn_c": 0.0091014005, "pro_D_l": 8.296871250399999, "pser_L_c": 0.008837901, "pac_m": 0.4513074406, "inost_r": 0.258508471, "ttdca_e": 0.1502819558, "orn_m": 0.5503284447, "acrn_x": 0.0163477775, "ttdcea_c": 0.0160211672, "fru_e": 0.1251120856, "ura_c": 0.04234842849999999, "lac_D_c": 30.7400893028, "glyc_c": 0.42681582549999997, "ocdcea_r": 0.0067827009999999995, "ttdcrn_c": 0.0121446523}