{"aact_m": 0.3529171929, "sphings_r": 0.015063916799999999, "val_L_e": 0.2770650514, "C10164_c": 0.1478590344, "HC02024_r": 0.06269099389999999, "fum_m": 0.05370922400000001, "hdcea_e": 0.0089156275, "adrnl_e": 0.0011394559, "cit_c": 1.0178935456, "4hpro_LT_r": 0.0997521824, "chol_m": 0.0656706934, "4h2oglt_c": 0.0347535418, "C06199_l": 0.311137228, "trp_L_c": 0.5627795855, "stcrn_m": 0.0502260535, "pyr_m": 0.8983566084000001, "carn_c": 0.1401029665, "chsterol_n": 1.2379297972, "lys_L_m": 0.5920532149000001, "g6p_r": 0.0367845136, "arg_L_e": 0.0582843944, "acgam_l": 0.0043892418, "c4crn_m": 0.0282985995, "C01601_c": 0.011223710100000001, "hom_L_e": 0.006077049100000001, "hxan_e": 0.0337063332, "lnlccrn_m": 0.058256388, "im4ac_c": 0.0306033929, "urate_e": 0.3946883035, "g3p_c": 0.0240746715, "hdd2crn_c": 0.0159901135, "glu_L_r": 0.0521325046, "nac_c": 0.1346808809, "asp_D_e": 0.0384601319, "thrnt_c": 0.0340784983, "C01507_c": 0.007721474599999999, "12ppd_R_c": 0.4051542978, "5oxpro_e": 0.7803688059, "fuc_L_e": 0.0070915896999999995, "arab_L_c": 0.0615267922, "vacccrn_m": 0.11013800119999999, "CE6205_c": 0.0122758349, "pram_c": 0.6133873921, "ipdp_c": 0.0032689513, "met_L_m": 0.15908908060000002, "ile_L_e": 0.036243512400000004, "hyptaur_c": 0.007239905699999999, "rbt_e": 0.0248254522, "ocdca_c": 0.2785065891, "Lpipecol_x": 0.2136805592, "c10crn_e": 0.0638652196, "dhdascb_c": 0.0183304164, "gal_c": 0.0416836954, "phe_L_l": 0.5100710942, "urea_m": 16.35429485, "glx_m": 0.0341036834, "glc_D_c": 20.5419115822, "gln_L_e": 0.2500355908, "glcur_c": 0.0055109941, "crn_e": 0.0352153692, "c6crn_x": 0.0097837687, "gua_e": 0.0135107352, "dchac_r": 0.058228267599999994, "4mop_c": 0.056173346299999996, "sarcs_m": 0.1220469808, "anth_e": 0.007614448, "andrstndn_c": 0.0174377797, "1p2cbxl_x": 0.2930365566, "2coum_c": 0.0190103929, "thr_L_e": 0.7752217059000001, "bilirub_r": 0.0355973609, "5hoxindoa_c": 0.009097736300000001, "ddeccrn_m": 0.0289346174, "3mop_m": 0.0833767485, "xylt_e": 0.006045235699999999, "sphs1p_e": 0.0365526792, "gudac_c": 0.0094847267, "succ_r": 0.06797377360000001, "ala_D_c": 7.8157508239, "prgstrn_e": 0.010978214299999999, "3hmp_m": 1.0088080171, "dmnoncrn_x": 0.007877239, "oaa_x": 0.09101555720000001, "rib_D_c": 0.0306504033, "gly_m": 0.5631396171, "citr_L_m": 0.6571530954, "glyclt_x": 0.0104337858, "acnam_l": 0.019470418899999998, "creat_m": 0.1887836027, "tyr_L_l": 0.1309197633, "oxa_c": 110.46677680110001, "Lcystin_c": 0.0394568826, "ivcrn_c": 0.0198915241, "dhap_x": 0.0197705808, "bz_r": 0.0190670757, "lneldc_e": 0.0220149106, "C02356_c": 0.5325798637, "pchol_hs_c": 0.0469024434, "asn_L_c": 0.0581571284, "6pgc_c": 0.029375266299999998, "ser_L_x": 0.8872020876000001, "leu_L_m": 1.8159341869999999, "25hvitd3_c": 0.0185467034, "gcald_c": 0.48707854, "glyald_m": 0.006072552199999999, "thm_e": 0.0119418786, "c8crn_x": 0.023039051600000002, "pcollg5hlys_c": 0.064091838, "srb_L_c": 0.0106574224, "5htrp_e": 0.0242951443, "pmtcrn_m": 0.0039071469, "CE2537_c": 0.092883318, "cyst_L_m": 0.1049058347, "3mob_c": 0.009156565600000001, "ru5p_D_c": 0.008577821800000001, "cys_L_m": 0.0825827126, "2mcacn_c": 0.0078488259, "pro_D_l": 4.4332940574, "pser_L_c": 0.0081346664, "pac_m": 0.4041615335, "inost_r": 0.2621962021, "ttdca_e": 0.0416838806, "orn_m": 0.3471980168, "acrn_x": 0.0122295053, "ttdcea_c": 0.012754806899999999, "fru_e": 0.8456678073, "ura_c": 0.0512890363, "lac_D_c": 39.2496108452, "glyc_c": 0.2009250772, "ocdcea_r": 0.0029122640000000003, "ttdcrn_c": 0.0134713086}