{"aact_m": 0.5271451935, "sphings_r": 0.022653407999999996, "val_L_e": 0.35673500810000003, "C10164_c": 0.073310305, "HC02024_r": 0.0728447519, "fum_m": 0.048888949699999996, "hdcea_e": 0.0691573907, "adrnl_e": 0.0088839357, "cit_c": 0.9130646563, "4hpro_LT_r": 0.1094580332, "chol_m": 0.0836362271, "4h2oglt_c": 0.0477773934, "C06199_l": 0.40963246340000004, "trp_L_c": 0.6434012451, "stcrn_m": 0.025920921, "pyr_m": 0.1253325343, "carn_c": 0.15569367580000001, "chsterol_n": 0.9040224862999999, "lys_L_m": 0.8640710406000001, "g6p_r": 0.0578380567, "arg_L_e": 0.03308984, "acgam_l": 0.0051931232, "c4crn_m": 0.0, "C01601_c": 0.015822013, "hom_L_e": 0.0066855139000000004, "hxan_e": 0.0060778520999999995, "lnlccrn_m": 0.0652032259, "im4ac_c": 0.009249445, "urate_e": 0.9610822045999999, "g3p_c": 0.035490489900000005, "hdd2crn_c": 0.0283184995, "glu_L_r": 0.6561125760000001, "nac_c": 0.5499340722, "asp_D_e": 0.1634900521, "thrnt_c": 0.0398666867, "C01507_c": 0.0549820984, "12ppd_R_c": 0.5732680461, "5oxpro_e": 2.7926187935000004, "fuc_L_e": 0.0085696775, "arab_L_c": 0.0138160502, "vacccrn_m": 0.1063445192, "CE6205_c": 0.042981703499999996, "pram_c": 0.6161694249, "ipdp_c": 0.0029074527000000003, "met_L_m": 0.1823105311, "ile_L_e": 0.0379570785, "hyptaur_c": 0.0003827061, "rbt_e": 0.053225971500000004, "ocdca_c": 0.6566696367, "Lpipecol_x": 0.0308083746, "c10crn_e": 0.5478192476, "dhdascb_c": 0.0137431028, "gal_c": 0.0218556489, "phe_L_l": 0.7338764573000001, "urea_m": 42.9660333187, "glx_m": 0.0279860581, "glc_D_c": 24.5580547527, "gln_L_e": 0.1626926713, "glcur_c": 0.022218348399999997, "crn_e": 0.0559034202, "c6crn_x": 0.047857188099999996, "gua_e": 0.0128887048, "dchac_r": 0.035214017599999994, "4mop_c": 0.049172139100000005, "sarcs_m": 0.0481680758, "anth_e": 0.0099738473, "andrstndn_c": 0.0290510104, "1p2cbxl_x": 0.3633372333, "2coum_c": 0.0184501395, "thr_L_e": 0.6857273091, "bilirub_r": 0.0245077215, "5hoxindoa_c": 0.0101556832, "ddeccrn_m": 0.12319826699999999, "3mop_m": 0.0679748156, "xylt_e": 0.009003143, "sphs1p_e": 0.012249415900000001, "gudac_c": 0.011548293400000001, "succ_r": 0.0661148405, "ala_D_c": 8.9798914651, "prgstrn_e": 0.050591502999999996, "3hmp_m": 2.4378929082, "dmnoncrn_x": 0.0152128015, "oaa_x": 0.1470197507, "rib_D_c": 0.060808466500000005, "gly_m": 2.5623018413, "citr_L_m": 0.6673200937, "glyclt_x": 0.0052829823, "acnam_l": 0.004153230999999999, "creat_m": 0.2628201384, "tyr_L_l": 0.1259223084, "oxa_c": 144.6631435198, "Lcystin_c": 0.0401452864, "ivcrn_c": 0.045142908600000003, "dhap_x": 0.023895045499999996, "bz_r": 0.0014632220000000001, "lneldc_e": 0.0172803709, "C02356_c": 0.4175548844, "pchol_hs_c": 0.1782343321, "asn_L_c": 0.03272699, "6pgc_c": 0.036647714, "ser_L_x": 0.9784438868, "leu_L_m": 2.3748020041999998, "25hvitd3_c": 0.019223208000000002, "gcald_c": 0.6651929236999999, "glyald_m": 0.0089935824, "thm_e": 0.0035597179, "c8crn_x": 0.24162041620000002, "pcollg5hlys_c": 0.0710664045, "srb_L_c": 0.0292519541, "5htrp_e": 0.0146487493, "pmtcrn_m": 0.0136123861, "CE2537_c": 0.1756943254, "cyst_L_m": 0.0191339581, "3mob_c": 0.0088738247, "ru5p_D_c": 0.0306632174, "cys_L_m": 0.0503846275, "2mcacn_c": 0.0072094577000000005, "pro_D_l": 5.6749484034, "pser_L_c": 0.0096653954, "pac_m": 0.42813074869999995, "inost_r": 0.44632502909999994, "ttdca_e": 0.1826638907, "orn_m": 0.37876689259999996, "acrn_x": 0.013771583, "ttdcea_c": 0.013094588899999999, "fru_e": 0.032071880899999995, "ura_c": 0.040555131099999996, "lac_D_c": 19.959106343, "glyc_c": 1.1494072718000001, "ocdcea_r": 0.0319431608, "ttdcrn_c": 0.024383513199999998}