{"aact_m": 0.3126019886, "sphings_r": 0.0185435, "val_L_e": 0.43178799590000005, "C10164_c": 0.1523653164, "HC02024_r": 0.06531469, "fum_m": 0.0631749694, "hdcea_e": 0.11591633529999999, "adrnl_e": 0.0124417008, "cit_c": 1.0408309334999999, "4hpro_LT_r": 0.1049206729, "chol_m": 0.062483708799999996, "4h2oglt_c": 0.029440627200000003, "C06199_l": 0.2879310651, "trp_L_c": 0.32684844539999997, "stcrn_m": 0.041826087799999995, "pyr_m": 1.1398072693, "carn_c": 0.1277869526, "chsterol_n": 1.2927612501, "lys_L_m": 0.7685875284999999, "g6p_r": 0.0273478484, "arg_L_e": 0.0517526092, "acgam_l": 0.0069459761, "c4crn_m": 0.0598051833, "C01601_c": 0.012892015500000001, "hom_L_e": 0.0109822058, "hxan_e": 0.0660121679, "lnlccrn_m": 0.1351960103, "im4ac_c": 0.007285258, "urate_e": 0.47483830920000003, "g3p_c": 0.0322113208, "hdd2crn_c": 0.057429181399999994, "glu_L_r": 0.138905683, "nac_c": 0.0770309736, "asp_D_e": 0.0457907906, "thrnt_c": 0.038197480299999996, "C01507_c": 0.007130781899999999, "12ppd_R_c": 0.5219336821, "5oxpro_e": 1.2578973238, "fuc_L_e": 0.008138565300000001, "arab_L_c": 0.0509144653, "vacccrn_m": 0.2198893374, "CE6205_c": 0.0081688275, "pram_c": 0.6029902135, "ipdp_c": 0.0035787251, "met_L_m": 0.1479042341, "ile_L_e": 0.030211867400000002, "hyptaur_c": 0.0079184758, "rbt_e": 0.037111140699999996, "ocdca_c": 0.4961989795, "Lpipecol_x": 0.0328748855, "c10crn_e": 0.17644743, "dhdascb_c": 0.018517076299999997, "gal_c": 0.025875024700000002, "phe_L_l": 0.529144811, "urea_m": 16.3126531651, "glx_m": 0.0443128132, "glc_D_c": 8.1472349345, "gln_L_e": 0.282919435, "glcur_c": 0.018413723899999998, "crn_e": 0.0568401012, "c6crn_x": 0.0275654445, "gua_e": 0.0118016726, "dchac_r": 0.0682049328, "4mop_c": 0.0348663133, "sarcs_m": 0.11808027310000001, "anth_e": 0.0095704633, "andrstndn_c": 0.016365288000000002, "1p2cbxl_x": 0.2288652555, "2coum_c": 0.0152893847, "thr_L_e": 0.6448964784000001, "bilirub_r": 0.1027923018, "5hoxindoa_c": 0.008597878, "ddeccrn_m": 0.0754742459, "3mop_m": 0.0749271514, "xylt_e": 0.0084373482, "sphs1p_e": 0.0543157217, "gudac_c": 0.0091296665, "succ_r": 0.07325810719999999, "ala_D_c": 5.874269194400001, "prgstrn_e": 0.025700707000000003, "3hmp_m": 10.5018531613, "dmnoncrn_x": 0.0091358952, "oaa_x": 0.09278989189999999, "rib_D_c": 0.0407100959, "gly_m": 0.8417990672, "citr_L_m": 0.6712474693000001, "glyclt_x": 0.006136773000000001, "acnam_l": 0.0197189517, "creat_m": 0.2674137031, "tyr_L_l": 0.1081678393, "oxa_c": 131.9226819949, "Lcystin_c": 0.040360305299999996, "ivcrn_c": 0.0088237408, "dhap_x": 0.0208850874, "bz_r": 0.0186013807, "lneldc_e": 0.0204456547, "C02356_c": 0.648876554, "pchol_hs_c": 0.0338179008, "asn_L_c": 0.0650331471, "6pgc_c": 0.0219452921, "ser_L_x": 1.3131030556, "leu_L_m": 2.2200387033, "25hvitd3_c": 0.0275248944, "gcald_c": 0.48784805740000003, "glyald_m": 0.0134639426, "thm_e": 0.005199316, "c8crn_x": 0.0518626263, "pcollg5hlys_c": 0.0587716409, "srb_L_c": 0.012784076799999999, "5htrp_e": 0.025179381, "pmtcrn_m": 0.0085707578, "CE2537_c": 0.1296077132, "cyst_L_m": 0.0363605157, "3mob_c": 0.008097001099999999, "ru5p_D_c": 0.0121042331, "cys_L_m": 0.1384818387, "2mcacn_c": 0.007734474399999999, "pro_D_l": 4.0618039462999995, "pser_L_c": 0.0089522112, "pac_m": 0.3685621799, "inost_r": 0.2761108982, "ttdca_e": 0.14524939720000002, "orn_m": 0.5525305718, "acrn_x": 0.0115526777, "ttdcea_c": 0.0062497778, "fru_e": 0.0533445171, "ura_c": 0.051029196900000004, "lac_D_c": 37.330046054099995, "glyc_c": 0.6366757672, "ocdcea_r": 0.0274850725, "ttdcrn_c": 0.0307143089}