{"aact_m": 0.3572484498, "sphings_r": 0.035287471699999996, "val_L_e": 0.5513040968999999, "C10164_c": 0.0524178249, "HC02024_r": 0.0539762876, "fum_m": 0.0357396072, "hdcea_e": 0.0693507992, "adrnl_e": 0.0042255595, "cit_c": 0.5504093456, "4hpro_LT_r": 0.1093811731, "chol_m": 0.0426400635, "4h2oglt_c": 0.039037340499999997, "C06199_l": 0.3358194476, "trp_L_c": 0.6913857202, "stcrn_m": 0.0852441192, "pyr_m": 0.9841543806, "carn_c": 0.1494804009, "chsterol_n": 2.3755279885, "lys_L_m": 0.9591386086, "g6p_r": 0.0542174266, "arg_L_e": 0.0677350005, "acgam_l": 0.0052225683, "c4crn_m": 0.026233204700000002, "C01601_c": 0.0189841635, "hom_L_e": 0.0024880017000000003, "hxan_e": 0.0178171274, "lnlccrn_m": 0.07942052570000001, "im4ac_c": 0.006376494399999999, "urate_e": 0.3241919212, "g3p_c": 0.060515190499999996, "hdd2crn_c": 0.030510767400000003, "glu_L_r": 0.4303869865, "nac_c": 0.4491072425, "asp_D_e": 0.0637023315, "thrnt_c": 0.054498440499999995, "C01507_c": 0.033750848199999996, "12ppd_R_c": 0.5070268544, "5oxpro_e": 1.4876053897, "fuc_L_e": 0.0090644019, "arab_L_c": 0.011121284399999999, "vacccrn_m": 0.1875287528, "CE6205_c": 0.011602454, "pram_c": 0.48636740729999994, "ipdp_c": 0.0040222021, "met_L_m": 0.1923805328, "ile_L_e": 0.0563332537, "hyptaur_c": 0.006337838199999999, "rbt_e": 0.0524163934, "ocdca_c": 0.7068520175, "Lpipecol_x": 0.031224757599999996, "c10crn_e": 0.2092274618, "dhdascb_c": 0.011470676499999999, "gal_c": 0.042008195, "phe_L_l": 0.6518383226, "urea_m": 16.2954044327, "glx_m": 0.037760027200000004, "glc_D_c": 15.573669346099999, "gln_L_e": 0.2792827997, "glcur_c": 0.0057436931999999994, "crn_e": 0.0978689808, "c6crn_x": 0.0200908459, "gua_e": 0.0130541824, "dchac_r": 0.10990557029999999, "4mop_c": 0.0646801744, "sarcs_m": 0.0858336439, "anth_e": 0.0126677224, "andrstndn_c": 0.015702408, "1p2cbxl_x": 0.21783582940000001, "2coum_c": 0.0223338825, "thr_L_e": 0.5298021189, "bilirub_r": 0.034309956600000004, "5hoxindoa_c": 0.009786076999999999, "ddeccrn_m": 0.0623493913, "3mop_m": 0.0775156467, "xylt_e": 0.008227550600000001, "sphs1p_e": 0.041365015, "gudac_c": 0.0098110591, "succ_r": 0.027087954900000003, "ala_D_c": 8.9504356076, "prgstrn_e": 0.0173504454, "3hmp_m": 1.2114711759999999, "dmnoncrn_x": 0.0066189528, "oaa_x": 0.1089607533, "rib_D_c": 0.0586884982, "gly_m": 1.4198875967, "citr_L_m": 0.6717940386, "glyclt_x": 0.0158801422, "acnam_l": 0.0090602497, "creat_m": 0.2858401898, "tyr_L_l": 0.16924679620000002, "oxa_c": 160.00786154600002, "Lcystin_c": 0.0884237851, "ivcrn_c": 0.020111738400000002, "dhap_x": 0.021728232200000003, "bz_r": 0.018586481999999998, "lneldc_e": 0.088808877, "C02356_c": 0.5182324237, "pchol_hs_c": 0.045516546799999995, "asn_L_c": 0.0600618297, "6pgc_c": 0.032177935899999996, "ser_L_x": 0.8329821340000001, "leu_L_m": 3.7008226913, "25hvitd3_c": 0.0315053058, "gcald_c": 0.45321984530000003, "glyald_m": 0.0089315057, "thm_e": 0.0036097427000000002, "c8crn_x": 0.0703474428, "pcollg5hlys_c": 0.0749899098, "srb_L_c": 0.013468269299999999, "5htrp_e": 0.008711394, "pmtcrn_m": 0.0079431583, "CE2537_c": 0.18376684219999997, "cyst_L_m": 0.0743626956, "3mob_c": 0.0108492432, "ru5p_D_c": 0.027475089900000003, "cys_L_m": 0.09964856679999999, "2mcacn_c": 0.008687152, "pro_D_l": 5.2954235751, "pser_L_c": 0.0087454937, "pac_m": 0.4051936262, "inost_r": 0.4639815963, "ttdca_e": 0.18489771940000002, "orn_m": 0.7531678748, "acrn_x": 0.012835358500000001, "ttdcea_c": 0.0143884712, "fru_e": 0.0611939906, "ura_c": 0.0285130353, "lac_D_c": 24.853822381399997, "glyc_c": 0.8894850616, "ocdcea_r": 0.0247436711, "ttdcrn_c": 0.024203570499999997}