{"aact_m": 0.9747798523000001, "sphings_r": 0.0188990998, "val_L_e": 0.8118581394, "C10164_c": 0.0459100284, "HC02024_r": 0.0747289304, "fum_m": 0.0257431681, "hdcea_e": 0.0093625754, "adrnl_e": 0.0005031829, "cit_c": 0.6740320022, "4hpro_LT_r": 0.1145786641, "chol_m": 0.0876924303, "4h2oglt_c": 0.0302299238, "C06199_l": 0.4535267343, "trp_L_c": 0.3575927197, "stcrn_m": 0.0962545992, "pyr_m": 0.7446558168999999, "carn_c": 0.1292995515, "chsterol_n": 1.4149591171, "lys_L_m": 0.5904407473, "g6p_r": 0.0370859266, "arg_L_e": 0.0502676304, "acgam_l": 0.006036366600000001, "c4crn_m": 0.0490003741, "C01601_c": 0.0186487709, "hom_L_e": 0.0063528499, "hxan_e": 0.0308644733, "lnlccrn_m": 0.20757563739999998, "im4ac_c": 0.0324058697, "urate_e": 0.8412715819, "g3p_c": 0.054712923, "hdd2crn_c": 0.0293080973, "glu_L_r": 0.229332087, "nac_c": 0.1586003671, "asp_D_e": 0.059475981100000005, "thrnt_c": 0.0942411996, "C01507_c": 0.0182292377, "12ppd_R_c": 0.5209043062, "5oxpro_e": 1.6730352787, "fuc_L_e": 0.0080876363, "arab_L_c": 0.0106526739, "vacccrn_m": 0.3723375118, "CE6205_c": 0.0608448946, "pram_c": 0.4194501269, "ipdp_c": 0.005421384499999999, "met_L_m": 0.1778037923, "ile_L_e": 0.0227438863, "hyptaur_c": 0.0051793887, "rbt_e": 0.0380893595, "ocdca_c": 0.3521726485, "Lpipecol_x": 0.04316383, "c10crn_e": 0.123552295, "dhdascb_c": 0.016550285300000002, "gal_c": 0.0262013883, "phe_L_l": 0.6574940163, "urea_m": 30.9942844365, "glx_m": 0.0728830575, "glc_D_c": 25.327757444499998, "gln_L_e": 0.2787712211, "glcur_c": 0.0064986246, "crn_e": 0.0312549222, "c6crn_x": 0.027137196699999998, "gua_e": 0.0193203089, "dchac_r": 0.09294642369999999, "4mop_c": 0.0380438344, "sarcs_m": 0.1438954523, "anth_e": 0.0096183603, "andrstndn_c": 0.0330817956, "1p2cbxl_x": 0.2493985332, "2coum_c": 0.0009642473, "thr_L_e": 0.9486876959, "bilirub_r": 0.0838602893, "5hoxindoa_c": 0.0113030833, "ddeccrn_m": 0.047724995199999995, "3mop_m": 0.023340652200000003, "xylt_e": 0.0051788901, "sphs1p_e": 0.0653743774, "gudac_c": 0.010454279, "succ_r": 0.0179801539, "ala_D_c": 7.9878091717999995, "prgstrn_e": 0.0051550488, "3hmp_m": 1.0580443248, "dmnoncrn_x": 0.012633878000000001, "oaa_x": 0.0798448676, "rib_D_c": 0.0475262394, "gly_m": 2.684617027, "citr_L_m": 0.7162245036, "glyclt_x": 0.0201081593, "acnam_l": 0.006442331999999999, "creat_m": 0.1235305174, "tyr_L_l": 0.0057483036, "oxa_c": 116.5836947594, "Lcystin_c": 0.0389698532, "ivcrn_c": 0.032543566, "dhap_x": 0.0246849095, "bz_r": 0.0271559909, "lneldc_e": 0.082664826, "C02356_c": 0.5043625543, "pchol_hs_c": 0.3262007148, "asn_L_c": 0.09024548869999999, "6pgc_c": 0.0246634055, "ser_L_x": 1.2991658978, "leu_L_m": 2.2561540554, "25hvitd3_c": 0.0506674217, "gcald_c": 0.8121544029000001, "glyald_m": 0.0161000127, "thm_e": 0.0277746896, "c8crn_x": 0.0473284297, "pcollg5hlys_c": 0.0838365148, "srb_L_c": 0.0262650215, "5htrp_e": 0.0073702517, "pmtcrn_m": 0.0154113346, "CE2537_c": 0.1307107842, "cyst_L_m": 0.4884970363, "3mob_c": 0.0067666895, "ru5p_D_c": 0.0127783529, "cys_L_m": 0.063988435, "2mcacn_c": 0.0085150793, "pro_D_l": 7.155061315499999, "pser_L_c": 0.0100611375, "pac_m": 0.4393031617, "inost_r": 0.2935157036, "ttdca_e": 0.0553826544, "orn_m": 0.6016428245000001, "acrn_x": 0.0085899627, "ttdcea_c": 0.0077987247, "fru_e": 0.17777780640000002, "ura_c": 0.0438569396, "lac_D_c": 36.789473791700004, "glyc_c": 0.24062847280000002, "ocdcea_r": 0.0056945421999999996, "ttdcrn_c": 0.0320676113}