{"aact_m": 0.20826186989999998, "sphings_r": 0.035646027999999996, "val_L_e": 0.44206293840000005, "C10164_c": 0.07099177, "HC02024_r": 0.0776463491, "fum_m": 0.040905029700000005, "hdcea_e": 0.36368263030000003, "adrnl_e": 0.0010325010000000001, "cit_c": 0.7641493054999999, "4hpro_LT_r": 0.1374789303, "chol_m": 0.1283547225, "4h2oglt_c": 0.0487137405, "C06199_l": 0.36411294899999996, "trp_L_c": 0.5403350427, "stcrn_m": 0.0549756421, "pyr_m": 0.2279659869, "carn_c": 0.1523707833, "chsterol_n": 1.9650729991, "lys_L_m": 0.6172407162, "g6p_r": 0.0566373746, "arg_L_e": 0.0586896258, "acgam_l": 0.0068540627, "c4crn_m": 0.0, "C01601_c": 0.0289758577, "hom_L_e": 0.0379731462, "hxan_e": 0.0202737236, "lnlccrn_m": 0.10035186130000001, "im4ac_c": 0.011101428899999998, "urate_e": 0.2566104065, "g3p_c": 0.0851950248, "hdd2crn_c": 0.0831687336, "glu_L_r": 2.4023378746, "nac_c": 0.37591639530000004, "asp_D_e": 0.1590793108, "thrnt_c": 0.0151690799, "C01507_c": 0.0196380608, "12ppd_R_c": 0.6154486042, "5oxpro_e": 4.6405204039, "fuc_L_e": 0.0083958135, "arab_L_c": 0.016688754899999998, "vacccrn_m": 0.2116539045, "CE6205_c": 0.0073068806, "pram_c": 7.834806720593091e-05, "ipdp_c": 0.004937909, "met_L_m": 0.1949289589, "ile_L_e": 0.0820859367, "hyptaur_c": 0.0001782171, "rbt_e": 0.0533135155, "ocdca_c": 0.4711211176, "Lpipecol_x": 0.0345979924, "c10crn_e": 0.0636673225, "dhdascb_c": 0.0147717593, "gal_c": 0.0363742833, "phe_L_l": 0.6417971213, "urea_m": 5.108076908, "glx_m": 0.030438817000000003, "glc_D_c": 26.350407464299998, "gln_L_e": 0.11264506619999999, "glcur_c": 0.015906177, "crn_e": 0.007648948199999999, "c6crn_x": 0.014500339499999999, "gua_e": 0.0173146689, "dchac_r": 0.0822993345, "4mop_c": 0.035673562799999996, "sarcs_m": 0.0355161561, "anth_e": 0.0098538364, "andrstndn_c": 0.0099783703, "1p2cbxl_x": 0.3134316267, "2coum_c": 0.0258567042, "thr_L_e": 0.6224324499, "bilirub_r": 0.0213034927, "5hoxindoa_c": 0.011564718100000001, "ddeccrn_m": 0.059200524000000004, "3mop_m": 0.0279990348, "xylt_e": 0.0087558525, "sphs1p_e": 0.0386569877, "gudac_c": 0.011003181499999999, "succ_r": 0.0574445399, "ala_D_c": 24.4684841004, "prgstrn_e": 0.0117351606, "3hmp_m": 0.7338593721, "dmnoncrn_x": 0.0086070824, "oaa_x": 0.130500951, "rib_D_c": 0.0478450887, "gly_m": 1.9246675900999999, "citr_L_m": 0.7070438104000001, "glyclt_x": 0.0019450257, "acnam_l": 0.0197984163, "creat_m": 0.0924158301, "tyr_L_l": 0.1949926105, "oxa_c": 121.57213008299999, "Lcystin_c": 0.0186231856, "ivcrn_c": 0.0090694965, "dhap_x": 0.0233788927, "bz_r": 0.0017361332, "lneldc_e": 0.17208205969999998, "C02356_c": 0.13155323900000002, "pchol_hs_c": 0.4099229949, "asn_L_c": 0.009189408, "6pgc_c": 0.032731753599999996, "ser_L_x": 0.9984976125, "leu_L_m": 1.8827429256000001, "25hvitd3_c": 0.0335833522, "gcald_c": 0.2974883246, "glyald_m": 0.010206550200000001, "thm_e": 0.0037438366999999998, "c8crn_x": 0.0299546006, "pcollg5hlys_c": 0.0852463394, "srb_L_c": 0.07519791740000001, "5htrp_e": 0.01625414, "pmtcrn_m": 0.0027929221000000002, "CE2537_c": 0.1273482235, "cyst_L_m": 0.09806037320000001, "3mob_c": 0.0058162902, "ru5p_D_c": 0.0513952799, "cys_L_m": 0.058461243899999994, "2mcacn_c": 0.0084453111, "pro_D_l": 12.3937265551, "pser_L_c": 0.0086871592, "pac_m": 0.4259166514, "inost_r": 0.3340009288, "ttdca_e": 0.272653082, "orn_m": 0.527089444, "acrn_x": 0.0053132571, "ttdcea_c": 0.009173133, "fru_e": 0.2456898361, "ura_c": 0.038871150099999995, "lac_D_c": 76.9218943284, "glyc_c": 1.7573978091, "ocdcea_r": 0.023618891, "ttdcrn_c": 0.033476938399999996}