{"aact_m": 0.39931820020000003, "sphings_r": 0.037550557799999995, "val_L_e": 0.7587515684, "C10164_c": 0.0817709552, "HC02024_r": 0.0638401877, "fum_m": 0.0411496319, "hdcea_e": 0.0101573415, "adrnl_e": 0.0008498665, "cit_c": 0.8405659243000001, "4hpro_LT_r": 0.118709417, "chol_m": 0.0904193288, "4h2oglt_c": 0.0457473667, "C06199_l": 0.3933877568, "trp_L_c": 0.7100818331000001, "stcrn_m": 0.0371533774, "pyr_m": 1.1987918381, "carn_c": 0.1290817655, "chsterol_n": 1.0555471168000001, "lys_L_m": 0.887806978, "g6p_r": 0.0691915793, "arg_L_e": 0.059112944, "acgam_l": 0.0059457111, "c4crn_m": 0.005441891700000001, "C01601_c": 0.0256069906, "hom_L_e": 0.0108750674, "hxan_e": 0.0159287254, "lnlccrn_m": 0.057088796799999994, "im4ac_c": 0.0166315303, "urate_e": 0.4253847692, "g3p_c": 0.08577041980000001, "hdd2crn_c": 0.0143987682, "glu_L_r": 0.059176, "nac_c": 0.1512368832, "asp_D_e": 0.034255436, "thrnt_c": 0.0279448279, "C01507_c": 0.0135250023, "12ppd_R_c": 0.5512661094, "5oxpro_e": 0.9958755806, "fuc_L_e": 0.0090125941, "arab_L_c": 0.0083457218, "vacccrn_m": 0.1105324981, "CE6205_c": 0.0172237435, "pram_c": 0.0, "ipdp_c": 0.0039697499, "met_L_m": 0.2619818417, "ile_L_e": 0.0338710269, "hyptaur_c": 0.0134590399, "rbt_e": 0.0340728672, "ocdca_c": 0.23352089489999997, "Lpipecol_x": 0.0252250806, "c10crn_e": 0.0520537076, "dhdascb_c": 0.0175032229, "gal_c": 0.0318403705, "phe_L_l": 0.7140196346, "urea_m": 11.3689900849, "glx_m": 0.040054897400000004, "glc_D_c": 15.7490745222, "gln_L_e": 0.3370845897, "glcur_c": 0.0028804629999999998, "crn_e": 0.0941476616, "c6crn_x": 0.0092569158, "gua_e": 0.0209599035, "dchac_r": 0.0892568404, "4mop_c": 0.0710246435, "sarcs_m": 0.0962086364, "anth_e": 0.0129977395, "andrstndn_c": 0.0118164195, "1p2cbxl_x": 0.23627271219999998, "2coum_c": 0.0219604797, "thr_L_e": 0.858987307, "bilirub_r": 0.0321060632, "5hoxindoa_c": 0.01178382, "ddeccrn_m": 0.0252248927, "3mop_m": 0.08026809139999999, "xylt_e": 0.004755987299999999, "sphs1p_e": 0.0443684675, "gudac_c": 0.011001649799999999, "succ_r": 0.028801551, "ala_D_c": 12.6091397609, "prgstrn_e": 0.0102616667, "3hmp_m": 0.6667590703, "dmnoncrn_x": 0.0032219175, "oaa_x": 0.1083629112, "rib_D_c": 0.0356916063, "gly_m": 1.0516122564000001, "citr_L_m": 0.6416753687, "glyclt_x": 0.016863501, "acnam_l": 0.014586409299999999, "creat_m": 0.2837883619, "tyr_L_l": 0.17569089300000001, "oxa_c": 164.52145849110002, "Lcystin_c": 0.0324596178, "ivcrn_c": 0.0217515394, "dhap_x": 0.022542541099999997, "bz_r": 0.022714384599999998, "lneldc_e": 0.0559864521, "C02356_c": 0.5537772119, "pchol_hs_c": 0.0651537469, "asn_L_c": 0.1059670267, "6pgc_c": 0.0393044253, "ser_L_x": 1.6758085104, "leu_L_m": 2.9490246864999996, "25hvitd3_c": 0.0219628617, "gcald_c": 0.42246991920000004, "glyald_m": 0.0116923162, "thm_e": 0.0047284612, "c8crn_x": 0.0215038569, "pcollg5hlys_c": 0.0516740154, "srb_L_c": 0.0108949062, "5htrp_e": 0.015515664699999999, "pmtcrn_m": 0.0041364963000000005, "CE2537_c": 0.11445045050000001, "cyst_L_m": 0.018816280300000002, "3mob_c": 0.0084202832, "ru5p_D_c": 0.007314206899999999, "cys_L_m": 0.0923032666, "2mcacn_c": 0.0083442426, "pro_D_l": 6.2063268939, "pser_L_c": 0.009435379499999999, "pac_m": 0.47321997920000003, "inost_r": 0.243700773, "ttdca_e": 0.0374817092, "orn_m": 0.5682386573, "acrn_x": 0.0117160273, "ttdcea_c": 0.0131501302, "fru_e": 0.105537565, "ura_c": 0.048379288099999994, "lac_D_c": 42.2917677526, "glyc_c": 0.24595386449999998, "ocdcea_r": 0.0020288553, "ttdcrn_c": 0.012145681}