{"aact_m": 1.1170342161, "sphings_r": 0.0286688492, "val_L_e": 0.5882441501, "C10164_c": 0.0307703948, "HC02024_r": 0.1305484623, "fum_m": 0.0189318278, "hdcea_e": 0.0593105992, "adrnl_e": 0.0044959069, "cit_c": 0.5898441104, "4hpro_LT_r": 0.1345059427, "chol_m": 0.2068999059, "4h2oglt_c": 0.0428091358, "C06199_l": 0.23992926690000002, "trp_L_c": 0.4468996365, "stcrn_m": 0.0236492121, "pyr_m": 0.0208387945, "carn_c": 0.1560517307, "chsterol_n": 0.6931078670999999, "lys_L_m": 0.5044126894, "g6p_r": 0.0916273168, "arg_L_e": 0.0356300164, "acgam_l": 0.0046920916, "c4crn_m": 0.0114088097, "C01601_c": 0.048322652800000004, "hom_L_e": 0.0085448399, "hxan_e": 0.0094841589, "lnlccrn_m": 0.0728488954, "im4ac_c": 0.030984168700000002, "urate_e": 0.3789378572, "g3p_c": 0.10467335009999999, "hdd2crn_c": 0.0268701563, "glu_L_r": 1.0816208156, "nac_c": 0.3721213171, "asp_D_e": 0.18251905350000003, "thrnt_c": 0.0145913294, "C01507_c": 0.0048202464, "12ppd_R_c": 0.5755069564, "5oxpro_e": 2.6744347797, "fuc_L_e": 0.0101028261, "arab_L_c": 0.0078411247, "vacccrn_m": 0.15254385199999998, "CE6205_c": 0.0255756319, "pram_c": 0.6084040353, "ipdp_c": 0.005719358199999999, "met_L_m": 0.1058842243, "ile_L_e": 0.0371039658, "hyptaur_c": 0.0001344595, "rbt_e": 0.026610154700000003, "ocdca_c": 0.48319759520000005, "Lpipecol_x": 0.0396315916, "c10crn_e": 0.0654984653, "dhdascb_c": 0.0134396803, "gal_c": 0.032948359100000005, "phe_L_l": 0.5022474753, "urea_m": 13.1973638587, "glx_m": 0.0215744821, "glc_D_c": 9.8029251191, "gln_L_e": 0.08962905189999999, "glcur_c": 0.0065008328, "crn_e": 0.0918771657, "c6crn_x": 0.0118872948, "gua_e": 0.008591196899999999, "dchac_r": 0.09983261759999999, "4mop_c": 0.023951552, "sarcs_m": 0.024450173, "anth_e": 0.0112188571, "andrstndn_c": 0.0219266164, "1p2cbxl_x": 0.1841909863, "2coum_c": 0.0130027648, "thr_L_e": 0.6629605809, "bilirub_r": 0.0523183068, "5hoxindoa_c": 0.0138406426, "ddeccrn_m": 0.029278517200000003, "3mop_m": 0.1040470792, "xylt_e": 0.0060171860999999995, "sphs1p_e": 0.0216495487, "gudac_c": 0.0114533481, "succ_r": 0.0303476137, "ala_D_c": 7.5951087697, "prgstrn_e": 0.0127006123, "3hmp_m": 1.2711101236, "dmnoncrn_x": 0.0072900685, "oaa_x": 0.10704386449999999, "rib_D_c": 0.0423152695, "gly_m": 1.0096730071, "citr_L_m": 0.65628356, "glyclt_x": 0.0057260916, "acnam_l": 0.0022312142, "creat_m": 0.1373408732, "tyr_L_l": 0.09836385060000001, "oxa_c": 126.64743574719999, "Lcystin_c": 0.013547864, "ivcrn_c": 0.062465910199999995, "dhap_x": 0.025487890299999996, "bz_r": 0.0019403382, "lneldc_e": 0.45406002869999995, "C02356_c": 0.4386438914, "pchol_hs_c": 0.1421721649, "asn_L_c": 0.0072160522, "6pgc_c": 0.0350542287, "ser_L_x": 0.7621652604000001, "leu_L_m": 1.6399327096, "25hvitd3_c": 0.0268976979, "gcald_c": 0.4604721574, "glyald_m": 0.013327216999999999, "thm_e": 0.0057848648, "c8crn_x": 0.0292799123, "pcollg5hlys_c": 0.0739840671, "srb_L_c": 0.015068189199999998, "5htrp_e": 0.0036396026000000002, "pmtcrn_m": 0.007889817, "CE2537_c": 0.1328251609, "cyst_L_m": 0.0256950661, "3mob_c": 0.0030466206, "ru5p_D_c": 0.0166117294, "cys_L_m": 0.0535392561, "2mcacn_c": 0.0116100834, "pro_D_l": 4.7618441450999995, "pser_L_c": 0.0100375295, "pac_m": 0.4830810506, "inost_r": 0.3500490667, "ttdca_e": 0.1126869226, "orn_m": 0.2596101689, "acrn_x": 0.0167161497, "ttdcea_c": 0.0084953313, "fru_e": 0.0408453212, "ura_c": 0.0362803148, "lac_D_c": 25.5241517517, "glyc_c": 0.4496061775, "ocdcea_r": 0.014325342900000001, "ttdcrn_c": 0.0150894883}