{"aact_m": 1.3306680173999998, "sphings_r": 0.033393443599999996, "val_L_e": 0.6117680687, "C10164_c": 0.0265706419, "HC02024_r": 0.0499570096, "fum_m": 0.011022654599999999, "hdcea_e": 0.012474221, "adrnl_e": 0.0007218881, "cit_c": 0.4752700785, "4hpro_LT_r": 0.1410669987, "chol_m": 0.0679140006, "4h2oglt_c": 0.054971825599999996, "C06199_l": 0.35849121939999995, "trp_L_c": 0.28071267710000003, "stcrn_m": 0.057253537400000006, "pyr_m": 0.2879404782, "carn_c": 0.19240402010000002, "chsterol_n": 0.8216160743, "lys_L_m": 0.4748107427, "g6p_r": 0.0571729726, "arg_L_e": 0.0665942424, "acgam_l": 0.0032667728999999997, "c4crn_m": 0.0098299992, "C01601_c": 0.0108393828, "hom_L_e": 0.0020448604, "hxan_e": 0.0117896708, "lnlccrn_m": 0.1244476329, "im4ac_c": 0.005383837099999999, "urate_e": 0.11109580460000001, "g3p_c": 0.11017286400000001, "hdd2crn_c": 0.025394491600000003, "glu_L_r": 0.0397283098, "nac_c": 0.34676303090000005, "asp_D_e": 0.015079908500000001, "thrnt_c": 0.0126749072, "C01507_c": 0.0111343244, "12ppd_R_c": 0.2972120737, "5oxpro_e": 0.5716054982, "fuc_L_e": 0.0039507416, "arab_L_c": 0.0047267114, "vacccrn_m": 0.1650169673, "CE6205_c": 0.09502059539999999, "pram_c": 0.7667033509000001, "ipdp_c": 0.005420874599999999, "met_L_m": 0.0779641295, "ile_L_e": 0.0133741491, "hyptaur_c": 0.0039396861, "rbt_e": 0.015606200700000001, "ocdca_c": 0.2514306544, "Lpipecol_x": 0.027261974799999998, "c10crn_e": 0.0980796751, "dhdascb_c": 0.0180581528, "gal_c": 0.0114909778, "phe_L_l": 0.2624719289, "urea_m": 7.7242550101, "glx_m": 0.0209953366, "glc_D_c": 20.0570081971, "gln_L_e": 0.4625235767, "glcur_c": 0.0017651725, "crn_e": 0.03162392, "c6crn_x": 0.0099784012, "gua_e": 0.0128233283, "dchac_r": 0.1038359153, "4mop_c": 0.0271043644, "sarcs_m": 0.054098248, "anth_e": 0.0069920731, "andrstndn_c": 0.0170106883, "1p2cbxl_x": 0.23093097350000003, "2coum_c": 0.0161044383, "thr_L_e": 0.2406117954, "bilirub_r": 0.1512288874, "5hoxindoa_c": 0.015071058100000001, "ddeccrn_m": 0.0404208492, "3mop_m": 0.0405547286, "xylt_e": 0.0033727241999999998, "sphs1p_e": 0.0520579849, "gudac_c": 0.0134050958, "succ_r": 0.0134511049, "ala_D_c": 4.474645214200001, "prgstrn_e": 0.0143563728, "3hmp_m": 0.8053996228, "dmnoncrn_x": 0.011778731, "oaa_x": 0.1257353051, "rib_D_c": 0.0185012635, "gly_m": 0.757070063, "citr_L_m": 0.6729330388, "glyclt_x": 0.0160164569, "acnam_l": 0.0056325984, "creat_m": 0.1291809466, "tyr_L_l": 0.13256246929999999, "oxa_c": 76.6404005805, "Lcystin_c": 0.0296113165, "ivcrn_c": 0.1338404252, "dhap_x": 0.025069137400000004, "bz_r": 0.0183621381, "lneldc_e": 0.0971293925, "C02356_c": 0.2680547155, "pchol_hs_c": 0.30863090670000004, "asn_L_c": 0.048373788099999995, "6pgc_c": 0.0486696346, "ser_L_x": 0.5852653567, "leu_L_m": 1.1773889654, "25hvitd3_c": 0.0263998523, "gcald_c": 0.4510587791, "glyald_m": 0.0081176251, "thm_e": 0.006318264499999999, "c8crn_x": 0.0315820202, "pcollg5hlys_c": 0.0689905027, "srb_L_c": 0.0054294383, "5htrp_e": 0.0046287457, "pmtcrn_m": 0.0029205935999999997, "CE2537_c": 0.0500794834, "cyst_L_m": 0.0559222334, "3mob_c": 0.0053767867, "ru5p_D_c": 0.0061271253, "cys_L_m": 0.054858010199999994, "2mcacn_c": 0.0107822572, "pro_D_l": 1.5448389613, "pser_L_c": 0.01063955, "pac_m": 0.5708814422, "inost_r": 0.1299596435, "ttdca_e": 0.0542926168, "orn_m": 0.32443768629999997, "acrn_x": 0.0090240497, "ttdcea_c": 0.005926311700000001, "fru_e": 0.0250731979, "ura_c": 0.048244942699999994, "lac_D_c": 15.502161528699999, "glyc_c": 0.2082151859, "ocdcea_r": 0.0045030328, "ttdcrn_c": 0.018980373000000002}