{"aact_m": 1.0115331534999998, "sphings_r": 0.020681888500000002, "val_L_e": 0.7952006653, "C10164_c": 0.0793356655, "HC02024_r": 0.0740960328, "fum_m": 0.0472508288, "hdcea_e": 0.0330914964, "adrnl_e": 0.0022744089, "cit_c": 1.5353158848, "4hpro_LT_r": 0.10486793130000001, "chol_m": 0.0690903006, "4h2oglt_c": 0.056517813099999994, "C06199_l": 0.6638974722, "trp_L_c": 0.8118560053, "stcrn_m": 0.0537312279, "pyr_m": 0.2526980318, "carn_c": 0.2125684329, "chsterol_n": 1.1208477292, "lys_L_m": 0.49498568880000005, "g6p_r": 0.0542089513, "arg_L_e": 0.0515893712, "acgam_l": 0.0064039991, "c4crn_m": 0.0181913254, "C01601_c": 0.0388809675, "hom_L_e": 0.0095827254, "hxan_e": 0.0044998375, "lnlccrn_m": 0.05566447769999999, "im4ac_c": 0.023998707999999997, "urate_e": 0.5543263391, "g3p_c": 0.039799004, "hdd2crn_c": 0.021809911499999998, "glu_L_r": 0.6090356573, "nac_c": 0.6397569068, "asp_D_e": 0.1433418902, "thrnt_c": 0.0127912702, "C01507_c": 0.009827833900000001, "12ppd_R_c": 0.9504632434, "5oxpro_e": 4.0514733785, "fuc_L_e": 0.0118406857, "arab_L_c": 0.0139529822, "vacccrn_m": 0.1238153177, "CE6205_c": 0.0463678513, "pram_c": 0.0, "ipdp_c": 0.0042657346, "met_L_m": 0.2246151466, "ile_L_e": 0.041533623900000004, "hyptaur_c": 0.0004105542, "rbt_e": 0.042651412699999995, "ocdca_c": 0.8925900206, "Lpipecol_x": 1.0826067320000001, "c10crn_e": 0.0564918529, "dhdascb_c": 0.0246558084, "gal_c": 0.0269800858, "phe_L_l": 0.9228124009, "urea_m": 17.873430775899998, "glx_m": 0.023057171, "glc_D_c": 54.3992043947, "gln_L_e": 0.19302101359999999, "glcur_c": 0.0077992823999999995, "crn_e": 0.23452142010000002, "c6crn_x": 0.0074273472, "gua_e": 0.0158821957, "dchac_r": 0.0801738739, "4mop_c": 0.0946792889, "sarcs_m": 0.0185772175, "anth_e": 0.0101449408, "andrstndn_c": 0.0176323603, "1p2cbxl_x": 0.2480683672, "2coum_c": 0.0213585849, "thr_L_e": 0.5102578853999999, "bilirub_r": 0.1120388861, "5hoxindoa_c": 0.0130343619, "ddeccrn_m": 0.0455060613, "3mop_m": 0.09574452619999999, "xylt_e": 0.0056994738, "sphs1p_e": 0.020467171699999998, "gudac_c": 0.012349306899999999, "succ_r": 0.055571322, "ala_D_c": 9.085206424299999, "prgstrn_e": 0.011452775600000001, "3hmp_m": 1.9979236677, "dmnoncrn_x": 0.0085790303, "oaa_x": 0.1357683597, "rib_D_c": 0.0657418736, "gly_m": 2.97645189, "citr_L_m": 0.6628350697, "glyclt_x": 0.0047442649, "acnam_l": 0.0028472036999999998, "creat_m": 0.2717238784, "tyr_L_l": 0.1598943005, "oxa_c": 128.0978074514, "Lcystin_c": 0.0246560221, "ivcrn_c": 0.0526193855, "dhap_x": 0.022408773700000002, "bz_r": 0.026871393799999997, "lneldc_e": 0.2027271104, "C02356_c": 0.5013566343, "pchol_hs_c": 0.5269392575, "asn_L_c": 0.0141072723, "6pgc_c": 0.050410835099999995, "ser_L_x": 1.7141800988999998, "leu_L_m": 2.8905906418000002, "25hvitd3_c": 0.016088391599999998, "gcald_c": 0.3764627807, "glyald_m": 0.008668420100000001, "thm_e": 0.0091137176, "c8crn_x": 0.022015221800000002, "pcollg5hlys_c": 0.0643355957, "srb_L_c": 0.022559165699999998, "5htrp_e": 0.0076257399, "pmtcrn_m": 0.0036495033000000002, "CE2537_c": 0.2051394916, "cyst_L_m": 0.0388622809, "3mob_c": 0.0141797742, "ru5p_D_c": 0.0708625224, "cys_L_m": 0.0357487045, "2mcacn_c": 0.0087785334, "pro_D_l": 4.823818209, "pser_L_c": 0.0091630395, "pac_m": 0.4916528727, "inost_r": 0.4124866435, "ttdca_e": 0.0748209404, "orn_m": 0.42826887490000004, "acrn_x": 0.012676573899999998, "ttdcea_c": 0.0145604774, "fru_e": 0.06643094620000001, "ura_c": 0.0691374299, "lac_D_c": 45.481095573299996, "glyc_c": 0.8691203934999999, "ocdcea_r": 0.0112238275, "ttdcrn_c": 0.0167545819}