{"aact_m": 0.3450960288, "sphings_r": 0.0212439652, "val_L_e": 0.38104722700000004, "C10164_c": 0.45423479640000003, "HC02024_r": 0.05829577440000001, "fum_m": 0.0748501016, "hdcea_e": 0.023973350499999997, "adrnl_e": 0.014534893500000002, "cit_c": 0.7048526583, "4hpro_LT_r": 0.10921178150000001, "chol_m": 0.09682138369999999, "4h2oglt_c": 0.1497007785, "C06199_l": 2.1158129442, "trp_L_c": 0.7787755976, "stcrn_m": 0.036140893, "pyr_m": 0.8864696925, "carn_c": 0.7523979203, "chsterol_n": 1.8148129093, "lys_L_m": 0.5905860954, "g6p_r": 0.223476092, "arg_L_e": 0.0481828896, "acgam_l": 0.0080935404, "c4crn_m": 0.0241178469, "C01601_c": 0.017441796399999997, "hom_L_e": 0.0069296672, "hxan_e": 0.0152140659, "lnlccrn_m": 0.043966361100000004, "im4ac_c": 0.0208481329, "urate_e": 0.5995865122999999, "g3p_c": 0.036216101, "hdd2crn_c": 0.018372766000000002, "glu_L_r": 0.1989307658, "nac_c": 0.0932549223, "asp_D_e": 0.0497309689, "thrnt_c": 0.052068526500000004, "C01507_c": 0.011959361699999999, "12ppd_R_c": 0.6320274143, "5oxpro_e": 1.2986553411, "fuc_L_e": 0.0079621973, "arab_L_c": 0.12062258880000001, "vacccrn_m": 0.1010063951, "CE6205_c": 0.0045120224, "pram_c": 2.5242715023, "ipdp_c": 0.0040903583, "met_L_m": 0.2481466994, "ile_L_e": 0.0399231208, "hyptaur_c": 0.0063447562, "rbt_e": 0.0475699297, "ocdca_c": 0.7215440665, "Lpipecol_x": 0.0743005208, "c10crn_e": 0.0497920464, "dhdascb_c": 0.0158552759, "gal_c": 0.073845567, "phe_L_l": 0.9350598131, "urea_m": 42.547340853099996, "glx_m": 0.0416920001, "glc_D_c": 8.4499222691, "gln_L_e": 1.3595113387, "glcur_c": 0.0082939924, "crn_e": 0.0462122344, "c6crn_x": 0.012307278500000001, "gua_e": 0.018471108400000002, "dchac_r": 0.0694798351, "4mop_c": 0.061412796, "sarcs_m": 0.19903419960000002, "anth_e": 0.0136799597, "andrstndn_c": 0.020161528300000002, "1p2cbxl_x": 0.2662672658, "2coum_c": 0.036095776600000004, "thr_L_e": 0.7953383877, "bilirub_r": 0.0478763829, "5hoxindoa_c": 0.0102349317, "ddeccrn_m": 0.0314602207, "3mop_m": 0.0855913592, "xylt_e": 0.0073480091, "sphs1p_e": 0.0253870614, "gudac_c": 0.011358154399999999, "succ_r": 0.12652641550000002, "ala_D_c": 11.500889846300002, "prgstrn_e": 0.0105618902, "3hmp_m": 1.2470684259, "dmnoncrn_x": 0.0045042979, "oaa_x": 0.3893456941, "rib_D_c": 0.06710652269999999, "gly_m": 0.39688417119999997, "citr_L_m": 0.6356107816, "glyclt_x": 0.036095042599999995, "acnam_l": 0.0091967647, "creat_m": 0.2479141633, "tyr_L_l": 0.2543971063, "oxa_c": 179.6726513678, "Lcystin_c": 0.040218803, "ivcrn_c": 0.0040172465, "dhap_x": 0.0222273, "bz_r": 0.0283040443, "lneldc_e": 0.0324632641, "C02356_c": 0.4867210165, "pchol_hs_c": 0.0645768227, "asn_L_c": 0.0732623327, "6pgc_c": 0.1241012991, "ser_L_x": 0.8925032622, "leu_L_m": 4.5991460571, "25hvitd3_c": 0.0187736148, "gcald_c": 0.8680374515000001, "glyald_m": 0.0103922273, "thm_e": 0.0064657393, "c8crn_x": 0.0142614556, "pcollg5hlys_c": 0.08788141199999999, "srb_L_c": 0.037855675400000004, "5htrp_e": 0.0343586768, "pmtcrn_m": 0.0027329502, "CE2537_c": 0.1973726009, "cyst_L_m": 0.0020358807999999997, "3mob_c": 0.0090620503, "ru5p_D_c": 0.012947594199999999, "cys_L_m": 0.1249000189, "2mcacn_c": 0.0086484622, "pro_D_l": 9.6436668562, "pser_L_c": 0.0087168175, "pac_m": 0.4486650525, "inost_r": 0.5496897306, "ttdca_e": 0.0965024731, "orn_m": 0.4423326931, "acrn_x": 0.0133997489, "ttdcea_c": 0.0128239324, "fru_e": 0.13347850519999999, "ura_c": 0.044665435499999996, "lac_D_c": 25.5045813163, "glyc_c": 0.36133796009999997, "ocdcea_r": 0.0149902403, "ttdcrn_c": 0.0190433016}