{"aact_m": 0.2293620149, "sphings_r": 0.0335202161, "val_L_e": 0.4532104128, "C10164_c": 0.0783939854, "HC02024_r": 0.0718634762, "fum_m": 0.046570314, "hdcea_e": 0.0775752535, "adrnl_e": 0.0003003187, "cit_c": 0.8304213047, "4hpro_LT_r": 0.10917604410000001, "chol_m": 0.0434132942, "4h2oglt_c": 0.0319879353, "C06199_l": 0.3022768595, "trp_L_c": 0.6473092342, "stcrn_m": 0.044520452599999996, "pyr_m": 1.5795514743, "carn_c": 0.30105778850000003, "chsterol_n": 1.8550525568, "lys_L_m": 1.4186293055, "g6p_r": 0.0645732637, "arg_L_e": 0.0773126487, "acgam_l": 0.0063840066000000004, "c4crn_m": 0.0, "C01601_c": 0.0123039771, "hom_L_e": 0.0066817251, "hxan_e": 0.0445769149, "lnlccrn_m": 0.0701382606, "im4ac_c": 0.0202409413, "urate_e": 0.5817316979, "g3p_c": 0.05613052809999999, "hdd2crn_c": 0.0272560693, "glu_L_r": 0.1607506249, "nac_c": 0.0792393812, "asp_D_e": 0.044765380199999996, "thrnt_c": 0.020286772800000002, "C01507_c": 0.021901845, "12ppd_R_c": 0.5186457191, "5oxpro_e": 1.1421921889, "fuc_L_e": 0.0117831368, "arab_L_c": 0.0090805053, "vacccrn_m": 0.12921038640000002, "CE6205_c": 0.005689456, "pram_c": 0.5313746949, "ipdp_c": 0.0039828824, "met_L_m": 0.11958532470000001, "ile_L_e": 0.0670252412, "hyptaur_c": 0.0051639859, "rbt_e": 0.0488460561, "ocdca_c": 0.74495713, "Lpipecol_x": 0.0578256969, "c10crn_e": 0.0661192145, "dhdascb_c": 0.0168551245, "gal_c": 0.044511906799999994, "phe_L_l": 0.593479909, "urea_m": 27.5403374167, "glx_m": 0.0666144768, "glc_D_c": 3.3950596122000003, "gln_L_e": 0.236684342, "glcur_c": 0.0081758527, "crn_e": 0.009391203, "c6crn_x": 0.0142805413, "gua_e": 0.008614625899999999, "dchac_r": 0.0835411816, "4mop_c": 0.077353486, "sarcs_m": 0.2090486957, "anth_e": 0.0053442792000000005, "andrstndn_c": 0.0158189129, "1p2cbxl_x": 0.2153155772, "2coum_c": 0.0154272795, "thr_L_e": 0.43294875549999995, "bilirub_r": 0.0182770589, "5hoxindoa_c": 0.0081639995, "ddeccrn_m": 0.0362017134, "3mop_m": 0.033184676499999996, "xylt_e": 0.009187735899999999, "sphs1p_e": 0.0480756154, "gudac_c": 0.0082212352, "succ_r": 0.0318131339, "ala_D_c": 8.877688272, "prgstrn_e": 0.0134624989, "3hmp_m": 1.234385324, "dmnoncrn_x": 0.0049192803, "oaa_x": 0.08943436630000001, "rib_D_c": 0.11799211789999998, "gly_m": 1.1080505411, "citr_L_m": 0.6249431559, "glyclt_x": 0.0033087216, "acnam_l": 0.0189593975, "creat_m": 0.2916163785, "tyr_L_l": 0.1112799321, "oxa_c": 85.0489795818, "Lcystin_c": 0.0772496597, "ivcrn_c": 0.0082630423, "dhap_x": 0.0227990804, "bz_r": 0.0017615285999999998, "lneldc_e": 0.0307697104, "C02356_c": 0.36445394979999995, "pchol_hs_c": 0.0591111673, "asn_L_c": 0.0512852302, "6pgc_c": 0.023780628999999998, "ser_L_x": 0.6271141809, "leu_L_m": 4.1297474307, "25hvitd3_c": 0.020004252, "gcald_c": 0.5668806369, "glyald_m": 0.0208099978, "thm_e": 0.0046794512, "c8crn_x": 0.0234410628, "pcollg5hlys_c": 0.0854612711, "srb_L_c": 0.032322191800000004, "5htrp_e": 0.0177925288, "pmtcrn_m": 0.0037563896999999995, "CE2537_c": 0.3678443079, "cyst_L_m": 0.0943135794, "3mob_c": 0.014632665500000001, "ru5p_D_c": 0.0171233841, "cys_L_m": 0.12627879449999999, "2mcacn_c": 0.0085381041, "pro_D_l": 5.5039734585, "pser_L_c": 0.0106174672, "pac_m": 0.4189531257, "inost_r": 0.4319788408, "ttdca_e": 0.1263580318, "orn_m": 0.9346340247, "acrn_x": 0.0088352083, "ttdcea_c": 0.0097047882, "fru_e": 0.0598709801, "ura_c": 0.0465470666, "lac_D_c": 81.32208322560001, "glyc_c": 0.443205475, "ocdcea_r": 0.0147249287, "ttdcrn_c": 0.0209817156}