{"aact_m": 0.9390222253, "sphings_r": 0.0207195893, "val_L_e": 0.3425697609, "C10164_c": 0.0658073532, "HC02024_r": 0.0727767468, "fum_m": 0.0444860614, "hdcea_e": 0.030772415, "adrnl_e": 0.0044202227, "cit_c": 0.6173648349, "4hpro_LT_r": 0.1043800974, "chol_m": 0.0717955718, "4h2oglt_c": 0.041879467000000004, "C06199_l": 0.2739244628, "trp_L_c": 0.2769288567, "stcrn_m": 0.013399848600000002, "pyr_m": 0.2357071034, "carn_c": 0.1697051991, "chsterol_n": 1.3396128303000001, "lys_L_m": 0.35405625869999996, "g6p_r": 0.0422977048, "arg_L_e": 0.042129859000000006, "acgam_l": 0.0034887587, "c4crn_m": 0.011301945800000001, "C01601_c": 0.0102631835, "hom_L_e": 0.0189167968, "hxan_e": 0.0218816897, "lnlccrn_m": 0.0271857763, "im4ac_c": 0.013884201, "urate_e": 0.1881722255, "g3p_c": 0.0499741516, "hdd2crn_c": 0.0062793313, "glu_L_r": 0.45252949229999995, "nac_c": 0.2188320571, "asp_D_e": 0.1027555818, "thrnt_c": 0.0122618347, "C01507_c": 0.0083038039, "12ppd_R_c": 0.6978792767, "5oxpro_e": 1.8200179971000001, "fuc_L_e": 0.017017176499999998, "arab_L_c": 0.0101518187, "vacccrn_m": 0.0338450964, "CE6205_c": 0.047497673399999996, "pram_c": 0.635452882, "ipdp_c": 0.0036125652000000004, "met_L_m": 0.18540252370000002, "ile_L_e": 0.034420963900000004, "hyptaur_c": 0.0019115829, "rbt_e": 0.0405150657, "ocdca_c": 0.6702329579, "Lpipecol_x": 0.053444101699999996, "c10crn_e": 0.0155007948, "dhdascb_c": 0.0110984077, "gal_c": 0.0358320394, "phe_L_l": 0.4902562553, "urea_m": 12.5194177807, "glx_m": 0.020749460900000002, "glc_D_c": 28.0306760579, "gln_L_e": 0.1418638806, "glcur_c": 0.0497537845, "crn_e": 0.0517652275, "c6crn_x": 0.005618208100000001, "gua_e": 0.0134592531, "dchac_r": 0.0494635851, "4mop_c": 0.0422515674, "sarcs_m": 0.043207319699999996, "anth_e": 0.007486056600000001, "andrstndn_c": 0.010798786000000001, "1p2cbxl_x": 0.1865006485, "2coum_c": 0.014032373400000001, "thr_L_e": 0.6554931037, "bilirub_r": 0.0097637008, "5hoxindoa_c": 0.0092884743, "ddeccrn_m": 0.011766548600000001, "3mop_m": 0.04105195, "xylt_e": 0.0075457827, "sphs1p_e": 0.010924355, "gudac_c": 0.0095674914, "succ_r": 0.0416750096, "ala_D_c": 10.3563564516, "prgstrn_e": 0.0037808734000000003, "3hmp_m": 0.6313204787, "dmnoncrn_x": 0.0019583189, "oaa_x": 0.1235542484, "rib_D_c": 0.0574871317, "gly_m": 0.311533945, "citr_L_m": 0.6513526597, "glyclt_x": 0.0034237571000000004, "acnam_l": 0.0118446959, "creat_m": 0.20679942989999997, "tyr_L_l": 0.1019523358, "oxa_c": 146.726249404, "Lcystin_c": 0.0223407435, "ivcrn_c": 0.0387693136, "dhap_x": 0.0221230047, "bz_r": 0.0150641911, "lneldc_e": 0.0113388517, "C02356_c": 0.23614789390000002, "pchol_hs_c": 0.2985367082, "asn_L_c": 0.0200496401, "6pgc_c": 0.0328983073, "ser_L_x": 0.7827673394, "leu_L_m": 2.2668101462, "25hvitd3_c": 0.0082967947, "gcald_c": 0.35787700229999997, "glyald_m": 0.0180253097, "thm_e": 0.0115441847, "c8crn_x": 0.0077288789000000005, "pcollg5hlys_c": 0.048248964500000005, "srb_L_c": 0.012995215800000001, "5htrp_e": 0.0077164741000000005, "pmtcrn_m": 0.0052306869, "CE2537_c": 0.1855059785, "cyst_L_m": 0.0201455054, "3mob_c": 0.0096796737, "ru5p_D_c": 0.0277583666, "cys_L_m": 0.0310465769, "2mcacn_c": 0.007313091999999999, "pro_D_l": 3.3699865341, "pser_L_c": 0.0086473514, "pac_m": 0.3970365899, "inost_r": 0.20476869399999997, "ttdca_e": 0.079002296, "orn_m": 0.2703217123, "acrn_x": 0.0177378959, "ttdcea_c": 0.013187013000000001, "fru_e": 0.0133208179, "ura_c": 0.029178481099999997, "lac_D_c": 77.3933055706, "glyc_c": 0.5462954779, "ocdcea_r": 0.0091537147, "ttdcrn_c": 0.005984268399999999}