{"aact_m": 0.8008101059999999, "sphings_r": 0.0337273372, "val_L_e": 0.41378334340000006, "C10164_c": 0.0276456519, "HC02024_r": 0.200505949, "fum_m": 0.0166795112, "hdcea_e": 0.016815693200000002, "adrnl_e": 0.0013480921, "cit_c": 1.6644576296, "4hpro_LT_r": 0.1328462726, "chol_m": 0.0703215682, "4h2oglt_c": 0.058075830099999996, "C06199_l": 0.3707867955, "trp_L_c": 0.7211575795, "stcrn_m": 0.023997519100000003, "pyr_m": 0.0461455385, "carn_c": 0.1916441703, "chsterol_n": 1.4673199305000002, "lys_L_m": 1.1957751449, "g6p_r": 0.08622851699999999, "arg_L_e": 0.0430750131, "acgam_l": 0.0062594499, "c4crn_m": 0.0203547867, "C01601_c": 0.0984391984, "hom_L_e": 0.0253308741, "hxan_e": 0.0359672634, "lnlccrn_m": 0.0351332383, "im4ac_c": 0.0230236182, "urate_e": 0.4812927931, "g3p_c": 0.1276199649, "hdd2crn_c": 0.0104337193, "glu_L_r": 1.9670823708, "nac_c": 0.11595979740000001, "asp_D_e": 0.42606127590000004, "thrnt_c": 0.014913852, "C01507_c": 0.0078756101, "12ppd_R_c": 0.6890052172, "5oxpro_e": 5.1301001168, "fuc_L_e": 0.0162899528, "arab_L_c": 0.011973863999999999, "vacccrn_m": 0.07566900730000001, "CE6205_c": 0.0243277365, "pram_c": 0.7793738537, "ipdp_c": 0.0053491027, "met_L_m": 0.2973488202, "ile_L_e": 0.0534222193, "hyptaur_c": 0.0026480455, "rbt_e": 0.0335006916, "ocdca_c": 0.6031340938, "Lpipecol_x": 0.0620775183, "c10crn_e": 0.0169820846, "dhdascb_c": 0.022367792200000004, "gal_c": 0.05210809860000001, "phe_L_l": 0.9029169387999999, "urea_m": 16.1312164944, "glx_m": 0.0299854391, "glc_D_c": 14.869218316800001, "gln_L_e": 0.2762027222, "glcur_c": 0.0086107232, "crn_e": 0.0430322634, "c6crn_x": 0.0052567979, "gua_e": 0.018236681, "dchac_r": 0.11748791, "4mop_c": 0.0308676159, "sarcs_m": 0.036004896200000004, "anth_e": 0.00043788169999999996, "andrstndn_c": 0.014812784099999999, "1p2cbxl_x": 0.18262596760000002, "2coum_c": 0.0197044229, "thr_L_e": 2.2412138287, "bilirub_r": 0.0444103475, "5hoxindoa_c": 0.0127898975, "ddeccrn_m": 0.013090018, "3mop_m": 0.050081758600000005, "xylt_e": 0.0068924188, "sphs1p_e": 0.0443402955, "gudac_c": 0.0100948014, "succ_r": 0.0397878853, "ala_D_c": 22.547349103800002, "prgstrn_e": 0.0054678634, "3hmp_m": 0.788925364, "dmnoncrn_x": 0.0025243433999999998, "oaa_x": 0.1491758215, "rib_D_c": 0.0729911569, "gly_m": 1.3253186059, "citr_L_m": 0.6923739661, "glyclt_x": 0.0092581791, "acnam_l": 0.0043669445, "creat_m": 0.3458769459, "tyr_L_l": 0.1479292184, "oxa_c": 15.6083436919, "Lcystin_c": 0.0261561357, "ivcrn_c": 0.0338079731, "dhap_x": 0.024289899, "bz_r": 0.0182634566, "lneldc_e": 0.3573054389, "C02356_c": 0.5199449326, "pchol_hs_c": 0.1446922289, "asn_L_c": 0.0336256797, "6pgc_c": 0.0469288945, "ser_L_x": 2.1150718353999998, "leu_L_m": 3.3214708102999997, "25hvitd3_c": 0.0168823889, "gcald_c": 0.46851254840000006, "glyald_m": 0.0181317578, "thm_e": 0.007718509, "c8crn_x": 0.0087819202, "pcollg5hlys_c": 0.0737592846, "srb_L_c": 0.0939173059, "5htrp_e": 0.0047624457, "pmtcrn_m": 0.0047906828, "CE2537_c": 0.19346290870000002, "cyst_L_m": 0.0148002339, "3mob_c": 0.0035463023, "ru5p_D_c": 0.0267130289, "cys_L_m": 0.054785163399999996, "2mcacn_c": 0.011119315900000001, "pro_D_l": 8.3620303335, "pser_L_c": 0.0099952961, "pac_m": 0.47105771609999997, "inost_r": 0.3315436326, "ttdca_e": 0.11459586599999999, "orn_m": 0.5062769276, "acrn_x": 0.014782066000000002, "ttdcea_c": 0.0347346334, "fru_e": 1.2912656751, "ura_c": 0.0603961496, "lac_D_c": 108.5065698767, "glyc_c": 0.2931126548, "ocdcea_r": 0.0060079605, "ttdcrn_c": 0.0099697515}