{"aact_m": 1.0661950912, "sphings_r": 0.0212512038, "val_L_e": 0.2831502857, "C10164_c": 0.0541675389, "HC02024_r": 0.09653078640000001, "fum_m": 0.0294209948, "hdcea_e": 0.0188946918, "adrnl_e": 0.0046228501, "cit_c": 0.7140413114, "4hpro_LT_r": 0.120926609, "chol_m": 0.08645792710000001, "4h2oglt_c": 0.0421870158, "C06199_l": 0.36485624549999995, "trp_L_c": 0.7290175070999999, "stcrn_m": 0.0520888875, "pyr_m": 0.9753397859999999, "carn_c": 0.12081558710000001, "chsterol_n": 1.325076421, "lys_L_m": 0.6160741372999999, "g6p_r": 0.0682682071, "arg_L_e": 0.061459287, "acgam_l": 0.006220519599999999, "c4crn_m": 0.012330500800000001, "C01601_c": 0.0223125063, "hom_L_e": 0.0036252584000000003, "hxan_e": 0.0396502511, "lnlccrn_m": 0.0725930249, "im4ac_c": 0.013638693899999998, "urate_e": 0.3239413644, "g3p_c": 0.0533731474, "hdd2crn_c": 0.0137830115, "glu_L_r": 0.19129362989999998, "nac_c": 0.25943502809999996, "asp_D_e": 0.10673621890000001, "thrnt_c": 0.1418610746, "C01507_c": 0.011247064, "12ppd_R_c": 0.5949628579, "5oxpro_e": 1.5319227931000001, "fuc_L_e": 0.0074142986, "arab_L_c": 0.0153987698, "vacccrn_m": 0.123392993, "CE6205_c": 0.0344043148, "pram_c": 0.7416405974, "ipdp_c": 0.0054614687, "met_L_m": 0.1703617623, "ile_L_e": 0.0340593476, "hyptaur_c": 0.0032145369, "rbt_e": 0.0418345181, "ocdca_c": 0.4668452336, "Lpipecol_x": 0.1148104249, "c10crn_e": 0.041354039100000003, "dhdascb_c": 0.0143619995, "gal_c": 0.038285624500000004, "phe_L_l": 0.6092091228000001, "urea_m": 19.2116095708, "glx_m": 0.041923252700000004, "glc_D_c": 15.5116194081, "gln_L_e": 0.2293387237, "glcur_c": 0.008544945, "crn_e": 0.0308918062, "c6crn_x": 0.0052094163, "gua_e": 0.014365823799999998, "dchac_r": 0.0991537215, "4mop_c": 0.0390914283, "sarcs_m": 0.0582612452, "anth_e": 0.0141271877, "andrstndn_c": 0.008398383399999999, "1p2cbxl_x": 0.274723597, "2coum_c": 0.011792318100000001, "thr_L_e": 0.7143991327, "bilirub_r": 0.0879102549, "5hoxindoa_c": 0.0113445612, "ddeccrn_m": 0.023174486, "3mop_m": 0.0273315242, "xylt_e": 0.008822936, "sphs1p_e": 0.0760282545, "gudac_c": 0.010901036000000001, "succ_r": 0.0273303506, "ala_D_c": 10.4103834038, "prgstrn_e": 0.0063157549, "3hmp_m": 0.3517743526, "dmnoncrn_x": 0.0056481334, "oaa_x": 0.1089783296, "rib_D_c": 0.042635481100000004, "gly_m": 1.6471513583000001, "citr_L_m": 0.6659595412, "glyclt_x": 0.0195948923, "acnam_l": 0.005257710400000001, "creat_m": 0.1260020558, "tyr_L_l": 0.08909121369999999, "oxa_c": 158.24010695319998, "Lcystin_c": 0.026595790499999997, "ivcrn_c": 0.09352375289999999, "dhap_x": 0.024814859300000002, "bz_r": 0.0205192929, "lneldc_e": 0.11707842539999999, "C02356_c": 0.31807820059999997, "pchol_hs_c": 0.472087194, "asn_L_c": 0.0523856884, "6pgc_c": 0.031572821, "ser_L_x": 0.8609738033, "leu_L_m": 1.8708918192, "25hvitd3_c": 0.0229437646, "gcald_c": 0.4885346012, "glyald_m": 0.0123828458, "thm_e": 0.0040442868, "c8crn_x": 0.0138601647, "pcollg5hlys_c": 0.0612153154, "srb_L_c": 0.0159318992, "5htrp_e": 0.0073945638, "pmtcrn_m": 0.0144769852, "CE2537_c": 0.1126858183, "cyst_L_m": 0.056044309800000004, "3mob_c": 0.0062303884, "ru5p_D_c": 0.028095121, "cys_L_m": 0.042883812599999994, "2mcacn_c": 0.0097314791, "pro_D_l": 3.6847377926, "pser_L_c": 0.0100479697, "pac_m": 0.4605693312, "inost_r": 0.2969648066, "ttdca_e": 0.0881754782, "orn_m": 0.4708688344, "acrn_x": 0.011624631699999999, "ttdcea_c": 0.0081180821, "fru_e": 0.2691764946, "ura_c": 0.0377004176, "lac_D_c": 86.3414455447, "glyc_c": 0.3219335486, "ocdcea_r": 0.0043339119, "ttdcrn_c": 0.013447858200000001}