{"aact_m": 0.431574775, "sphings_r": 0.037294693, "val_L_e": 0.3221697723, "C10164_c": 0.0756497251, "HC02024_r": 0.058262781500000006, "fum_m": 0.0418834837, "hdcea_e": 0.0224715939, "adrnl_e": 0.0016522470000000001, "cit_c": 0.7352358498999999, "4hpro_LT_r": 0.108308048, "chol_m": 0.07531884309999999, "4h2oglt_c": 0.0451247617, "C06199_l": 0.3998030573, "trp_L_c": 0.6852330889, "stcrn_m": 0.060990028200000004, "pyr_m": 0.9898860068, "carn_c": 0.1830820234, "chsterol_n": 1.2947275751, "lys_L_m": 0.8678236033, "g6p_r": 0.0607741211, "arg_L_e": 0.0736640861, "acgam_l": 0.0058378501, "c4crn_m": 0.0727470087, "C01601_c": 0.0172978011, "hom_L_e": 0.0027757471000000003, "hxan_e": 0.020354290900000002, "lnlccrn_m": 0.0890614708, "im4ac_c": 0.00919981, "urate_e": 0.39710560409999995, "g3p_c": 0.0506824078, "hdd2crn_c": 0.021286889700000002, "glu_L_r": 0.1430921594, "nac_c": 0.2863829165, "asp_D_e": 0.044650542300000005, "thrnt_c": 0.0419123113, "C01507_c": 0.0065941387, "12ppd_R_c": 0.5135954302, "5oxpro_e": 1.3191804457, "fuc_L_e": 0.0088903561, "arab_L_c": 0.0074850512, "vacccrn_m": 0.13567200470000002, "CE6205_c": 0.0375447026, "pram_c": 0.0, "ipdp_c": 0.0041730355, "met_L_m": 0.1908933696, "ile_L_e": 0.0366563348, "hyptaur_c": 0.0071939195, "rbt_e": 0.11351054390000001, "ocdca_c": 0.4399207493, "Lpipecol_x": 0.0348181066, "c10crn_e": 0.093126675, "dhdascb_c": 0.012561872, "gal_c": 0.045981184800000005, "phe_L_l": 0.6766979914, "urea_m": 14.293567478800002, "glx_m": 0.0407991386, "glc_D_c": 16.0371568309, "gln_L_e": 0.3579545133, "glcur_c": 0.0050811475, "crn_e": 0.0241120833, "c6crn_x": 0.017513308000000002, "gua_e": 0.0132032549, "dchac_r": 0.1131830335, "4mop_c": 0.053452535999999995, "sarcs_m": 0.0731313129, "anth_e": 0.0145852694, "andrstndn_c": 0.0090458763, "1p2cbxl_x": 0.27018519609999997, "2coum_c": 0.0218466364, "thr_L_e": 0.6011869041, "bilirub_r": 0.042513451699999996, "5hoxindoa_c": 0.0112100359, "ddeccrn_m": 0.046488703, "3mop_m": 0.0620530485, "xylt_e": 0.0131802047, "sphs1p_e": 0.0498852959, "gudac_c": 0.0100056, "succ_r": 0.026484814, "ala_D_c": 11.320289430199999, "prgstrn_e": 0.013901823700000001, "3hmp_m": 0.8275656019, "dmnoncrn_x": 0.006315910500000001, "oaa_x": 0.116561235, "rib_D_c": 0.052242005700000003, "gly_m": 2.2613795988, "citr_L_m": 0.6631233629, "glyclt_x": 0.0146314649, "acnam_l": 0.008818427, "creat_m": 0.2840485909, "tyr_L_l": 0.1597336674, "oxa_c": 188.5193474488, "Lcystin_c": 0.0658129577, "ivcrn_c": 0.0388207188, "dhap_x": 0.0204853862, "bz_r": 0.020842479299999998, "lneldc_e": 0.0649682738, "C02356_c": 0.22819420070000002, "pchol_hs_c": 0.0705399155, "asn_L_c": 0.08720989400000001, "6pgc_c": 0.0369792633, "ser_L_x": 0.9389918615, "leu_L_m": 2.3839802169, "25hvitd3_c": 0.0198310049, "gcald_c": 0.4149222679, "glyald_m": 0.0110854976, "thm_e": 0.0024283546, "c8crn_x": 0.0335856986, "pcollg5hlys_c": 0.0901469303, "srb_L_c": 0.0143959368, "5htrp_e": 0.0072037570999999995, "pmtcrn_m": 0.0059252876, "CE2537_c": 0.1424057826, "cyst_L_m": 0.271898415, "3mob_c": 0.0107039444, "ru5p_D_c": 0.0103628521, "cys_L_m": 0.1521447901, "2mcacn_c": 0.0085111978, "pro_D_l": 5.7162969429, "pser_L_c": 0.0086852362, "pac_m": 0.4300123731, "inost_r": 0.286239445, "ttdca_e": 0.10071698039999999, "orn_m": 0.8046674659, "acrn_x": 0.0294316529, "ttdcea_c": 0.0128095421, "fru_e": 0.0352048233, "ura_c": 0.035160656299999996, "lac_D_c": 39.2525714536, "glyc_c": 0.5315071014, "ocdcea_r": 0.010737179099999999, "ttdcrn_c": 0.0187419986}