{"aact_m": 0.3356235728, "sphings_r": 0.0296520017, "val_L_e": 0.36045349909999996, "C10164_c": 0.060519499299999995, "HC02024_r": 0.0680958431, "fum_m": 0.035468168599999995, "hdcea_e": 0.1065860395, "adrnl_e": 0.0012157089, "cit_c": 0.6153674999000001, "4hpro_LT_r": 0.1214167479, "chol_m": 0.054186634299999994, "4h2oglt_c": 0.07059495959999999, "C06199_l": 0.8408649303, "trp_L_c": 0.6145634485, "stcrn_m": 0.043046678899999996, "pyr_m": 0.012260386100000001, "carn_c": 0.27215249739999997, "chsterol_n": 0.9015631753, "lys_L_m": 1.3207651518999999, "g6p_r": 0.1526013236, "arg_L_e": 0.046422135499999996, "acgam_l": 0.0040152841, "c4crn_m": 0.025659601299999998, "C01601_c": 0.0873623366, "hom_L_e": 0.0097081563, "hxan_e": 0.028826918700000002, "lnlccrn_m": 0.0463701189, "im4ac_c": 0.0160202169, "urate_e": 0.5134077439, "g3p_c": 0.0568810938, "hdd2crn_c": 0.0247492781, "glu_L_r": 2.2467262922, "nac_c": 0.3425887715, "asp_D_e": 0.4911078239, "thrnt_c": 0.0568595749, "C01507_c": 0.008117379000000001, "12ppd_R_c": 0.45940777039999997, "5oxpro_e": 5.1302768235, "fuc_L_e": 0.0072487095, "arab_L_c": 0.2244580273, "vacccrn_m": 0.114096868, "CE6205_c": 0.010942873999999998, "pram_c": 0.0, "ipdp_c": 0.0045473131, "met_L_m": 0.2641490079, "ile_L_e": 0.044052311600000005, "hyptaur_c": 0.0001452462, "rbt_e": 0.044053547, "ocdca_c": 0.7643398436, "Lpipecol_x": 0.039815559900000005, "c10crn_e": 0.0326523197, "dhdascb_c": 0.0133923096, "gal_c": 0.0329719742, "phe_L_l": 0.8974717766, "urea_m": 16.3892773239, "glx_m": 0.0174429949, "glc_D_c": 1.2036796307, "gln_L_e": 0.18855990079999999, "glcur_c": 0.0098559613, "crn_e": 0.04275861809999999, "c6crn_x": 0.0105540883, "gua_e": 0.0210949186, "dchac_r": 0.0947688677, "4mop_c": 0.005312816999999999, "sarcs_m": 0.2882240715, "anth_e": 0.0087366949, "andrstndn_c": 0.0147813145, "1p2cbxl_x": 0.26690189329999997, "2coum_c": 0.0326907014, "thr_L_e": 0.9921021032999999, "bilirub_r": 0.0038975248999999997, "5hoxindoa_c": 0.0126586912, "ddeccrn_m": 0.0377118615, "3mop_m": 0.0641002917, "xylt_e": 0.0055660504000000005, "sphs1p_e": 0.04758895269999999, "gudac_c": 0.0116189306, "succ_r": 0.0753922624, "ala_D_c": 13.7857571748, "prgstrn_e": 0.0098824869, "3hmp_m": 1.3101398326, "dmnoncrn_x": 0.0077613065000000005, "oaa_x": 0.1902106743, "rib_D_c": 0.0483509161, "gly_m": 4.2098965187, "citr_L_m": 0.6683897006, "glyclt_x": 0.0141900899, "acnam_l": 0.0043874302, "creat_m": 0.5511159841, "tyr_L_l": 0.24192304969999998, "oxa_c": 119.2265182879, "Lcystin_c": 0.021686214, "ivcrn_c": 0.015021181000000002, "dhap_x": 0.0233308338, "bz_r": 0.0266210493, "lneldc_e": 0.7496529575, "C02356_c": 0.3817128885, "pchol_hs_c": 0.32700152920000003, "asn_L_c": 0.005087777, "6pgc_c": 0.0567678655, "ser_L_x": 2.0249079755, "leu_L_m": 3.7735460354000003, "25hvitd3_c": 0.015079145700000001, "gcald_c": 0.5367806001, "glyald_m": 0.013430447199999999, "thm_e": 0.0169981674, "c8crn_x": 0.018387457700000002, "pcollg5hlys_c": 0.10185131859999999, "srb_L_c": 0.0147487682, "5htrp_e": 0.005427586999999999, "pmtcrn_m": 0.0030904337, "CE2537_c": 0.14408254880000002, "cyst_L_m": 0.0333641535, "3mob_c": 0.0005116474, "ru5p_D_c": 0.0190819738, "cys_L_m": 0.038615749399999996, "2mcacn_c": 0.009172104399999999, "pro_D_l": 7.4076457673, "pser_L_c": 0.0097954896, "pac_m": 0.4609764753, "inost_r": 0.9267233264, "ttdca_e": 0.3213223784, "orn_m": 0.6698923431, "acrn_x": 0.0148103134, "ttdcea_c": 0.030215964300000002, "fru_e": 0.11027248220000001, "ura_c": 0.0342800031, "lac_D_c": 92.06057012790001, "glyc_c": 0.5771882948, "ocdcea_r": 0.028758875299999997, "ttdcrn_c": 0.0158616371}