{"aact_m": 0.6098587729, "sphings_r": 0.0313788835, "val_L_e": 0.4464081495, "C10164_c": 0.11404572800000001, "HC02024_r": 0.0346124776, "fum_m": 0.043288256799999994, "hdcea_e": 0.0091004034, "adrnl_e": 0.0157903864, "cit_c": 0.8825295412999999, "4hpro_LT_r": 0.1179644691, "chol_m": 0.0624138517, "4h2oglt_c": 0.0341127638, "C06199_l": 0.4076146468, "trp_L_c": 0.6109717517000001, "stcrn_m": 0.054595798, "pyr_m": 1.3542083342, "carn_c": 0.21747858579999998, "chsterol_n": 1.5503666887, "lys_L_m": 0.7097967144, "g6p_r": 0.08263461700000001, "arg_L_e": 0.0803365525, "acgam_l": 0.005726584399999999, "c4crn_m": 0.0, "C01601_c": 0.018497748300000002, "hom_L_e": 0.0090159741, "hxan_e": 0.0194833201, "lnlccrn_m": 0.11717578990000001, "im4ac_c": 0.0190924347, "urate_e": 0.3160780861, "g3p_c": 0.050275312999999995, "hdd2crn_c": 0.0225421825, "glu_L_r": 0.18281896620000002, "nac_c": 0.06808284070000001, "asp_D_e": 0.0603060736, "thrnt_c": 0.0771663921, "C01507_c": 0.0369968186, "12ppd_R_c": 0.5415069985000001, "5oxpro_e": 1.7272881433, "fuc_L_e": 0.0091873742, "arab_L_c": 0.0165695018, "vacccrn_m": 0.13457375359999998, "CE6205_c": 0.014042430500000001, "pram_c": 0.5555137107, "ipdp_c": 0.0046217954, "met_L_m": 0.2096551779, "ile_L_e": 0.0285566832, "hyptaur_c": 0.0050715403999999995, "rbt_e": 0.044520110599999996, "ocdca_c": 0.2627504812, "Lpipecol_x": 0.0399096818, "c10crn_e": 0.0438754987, "dhdascb_c": 0.0166693496, "gal_c": 0.0153390611, "phe_L_l": 0.7089002831, "urea_m": 27.398786629499998, "glx_m": 0.08982844460000002, "glc_D_c": 2.080308722, "gln_L_e": 0.338616782, "glcur_c": 0.0067762155, "crn_e": 0.0317976363, "c6crn_x": 0.012364205900000001, "gua_e": 0.0178843527, "dchac_r": 0.08533834400000001, "4mop_c": 0.0544144432, "sarcs_m": 0.2832174902, "anth_e": 0.0081797491, "andrstndn_c": 0.0293754385, "1p2cbxl_x": 0.2224950066, "2coum_c": 0.028123524, "thr_L_e": 0.7041790501, "bilirub_r": 0.0772805933, "5hoxindoa_c": 0.0083561165, "ddeccrn_m": 0.0361386614, "3mop_m": 0.0364004267, "xylt_e": 0.0052821102000000005, "sphs1p_e": 0.048411416299999996, "gudac_c": 0.008751024, "succ_r": 0.0386903344, "ala_D_c": 10.1429892661, "prgstrn_e": 0.010566941000000002, "3hmp_m": 0.7570125706999999, "dmnoncrn_x": 0.0048576512, "oaa_x": 0.1019863974, "rib_D_c": 0.0697998828, "gly_m": 1.8689510644, "citr_L_m": 0.6633405284, "glyclt_x": 0.0115541967, "acnam_l": 0.005590119100000001, "creat_m": 0.21655535, "tyr_L_l": 0.1952978006, "oxa_c": 130.2219334173, "Lcystin_c": 0.0614509653, "ivcrn_c": 0.022895239700000004, "dhap_x": 0.0241332904, "bz_r": 0.0016151213, "lneldc_e": 0.0349294575, "C02356_c": 0.3739566046, "pchol_hs_c": 0.0704199642, "asn_L_c": 0.10391799539999999, "6pgc_c": 0.024757949799999998, "ser_L_x": 1.1778121869, "leu_L_m": 3.3175934937, "25hvitd3_c": 0.0173146762, "gcald_c": 0.5340842232999999, "glyald_m": 0.0164306763, "thm_e": 0.0085303408, "c8crn_x": 0.015502367, "pcollg5hlys_c": 0.08557206710000001, "srb_L_c": 0.0261036246, "5htrp_e": 0.012495085, "pmtcrn_m": 0.0033749408, "CE2537_c": 0.2103292287, "cyst_L_m": 0.0433283316, "3mob_c": 0.008444936600000001, "ru5p_D_c": 0.0045915587, "cys_L_m": 0.0762711707, "2mcacn_c": 0.0082782155, "pro_D_l": 6.8844286855, "pser_L_c": 0.0114006481, "pac_m": 0.43496311579999997, "inost_r": 0.5014421613000001, "ttdca_e": 0.045771890499999995, "orn_m": 0.9287804186, "acrn_x": 0.010624985200000001, "ttdcea_c": 0.0095378538, "fru_e": 0.2319320556, "ura_c": 0.046615901200000004, "lac_D_c": 51.8285738016, "glyc_c": 0.2861237952, "ocdcea_r": 0.0020272755, "ttdcrn_c": 0.0208109053}