{"aact_m": 0.6155541746000001, "sphings_r": 0.0414303219, "val_L_e": 0.3517389899, "C10164_c": 0.062603934, "HC02024_r": 0.055807696, "fum_m": 0.0397877467, "hdcea_e": 0.0082543654, "adrnl_e": 0.0006334908000000001, "cit_c": 0.8808954153, "4hpro_LT_r": 0.1170109959, "chol_m": 0.08373740889999999, "4h2oglt_c": 0.0372821013, "C06199_l": 0.332811089, "trp_L_c": 0.5936304179999999, "stcrn_m": 0.0769961625, "pyr_m": 0.745842357, "carn_c": 0.2180152973, "chsterol_n": 1.4607162625, "lys_L_m": 0.9579378433, "g6p_r": 0.044737710800000004, "arg_L_e": 0.0518994963, "acgam_l": 0.0054777579000000005, "c4crn_m": 0.044468795400000004, "C01601_c": 0.027567727599999998, "hom_L_e": 0.0015893454000000002, "hxan_e": 0.008946749, "lnlccrn_m": 0.0439455593, "im4ac_c": 0.0198707898, "urate_e": 0.24043249579999998, "g3p_c": 0.060640753, "hdd2crn_c": 0.0418886369, "glu_L_r": 0.118658493, "nac_c": 0.5028266472, "asp_D_e": 0.030454921, "thrnt_c": 0.0690496256, "C01507_c": 0.1387509676, "12ppd_R_c": 0.5141835304, "5oxpro_e": 0.9563635290000001, "fuc_L_e": 0.0109760166, "arab_L_c": 0.011733813700000002, "vacccrn_m": 0.1374243947, "CE6205_c": 0.01340967, "pram_c": 0.5848513502, "ipdp_c": 0.004567047, "met_L_m": 0.1301888206, "ile_L_e": 0.0281455738, "hyptaur_c": 0.0030479483, "rbt_e": 0.1180220631, "ocdca_c": 0.2675875653, "Lpipecol_x": 0.0259818222, "c10crn_e": 0.5130293879, "dhdascb_c": 0.016181667099999998, "gal_c": 0.054444867599999995, "phe_L_l": 0.5503011227, "urea_m": 22.8971982781, "glx_m": 0.039026873399999995, "glc_D_c": 2.5881028038, "gln_L_e": 0.2824911198, "glcur_c": 0.0111596323, "crn_e": 0.0540844016, "c6crn_x": 0.0603010713, "gua_e": 0.0087541272, "dchac_r": 0.12106290019999999, "4mop_c": 0.0318595926, "sarcs_m": 0.0541365025, "anth_e": 0.0183099125, "andrstndn_c": 0.0084854192, "1p2cbxl_x": 0.2574129968, "2coum_c": 0.0207221409, "thr_L_e": 0.4299114914, "bilirub_r": 0.0470754644, "5hoxindoa_c": 0.010822798500000001, "ddeccrn_m": 0.1263717432, "3mop_m": 0.0915875247, "xylt_e": 0.023973109, "sphs1p_e": 0.0236601777, "gudac_c": 0.010824916100000002, "succ_r": 0.033358882, "ala_D_c": 8.7427435218, "prgstrn_e": 0.0245411266, "3hmp_m": 0.459049446, "dmnoncrn_x": 0.0147655764, "oaa_x": 0.1063399074, "rib_D_c": 0.0803937998, "gly_m": 1.7646525259999999, "citr_L_m": 0.6875929525, "glyclt_x": 0.0163095575, "acnam_l": 0.0092540589, "creat_m": 0.3477885142, "tyr_L_l": 0.15231233019999998, "oxa_c": 210.8157674729, "Lcystin_c": 0.0855252993, "ivcrn_c": 0.030629331099999997, "dhap_x": 0.0225808754, "bz_r": 0.0190742253, "lneldc_e": 0.0655079805, "C02356_c": 0.43914204729999995, "pchol_hs_c": 0.0750290845, "asn_L_c": 0.0589374582, "6pgc_c": 0.027128288900000002, "ser_L_x": 0.7243290031999999, "leu_L_m": 1.7416709590000001, "25hvitd3_c": 0.025769946499999998, "gcald_c": 0.5807643993, "glyald_m": 0.0079516576, "thm_e": 0.0047981012, "c8crn_x": 0.22308621, "pcollg5hlys_c": 0.091131194, "srb_L_c": 0.021441927799999996, "5htrp_e": 0.008128870500000001, "pmtcrn_m": 0.0031205304, "CE2537_c": 0.2155776941, "cyst_L_m": 0.0286569695, "3mob_c": 0.0071826112, "ru5p_D_c": 0.0099459258, "cys_L_m": 0.10074041689999999, "2mcacn_c": 0.0086621065, "pro_D_l": 4.4299485994, "pser_L_c": 0.009044795500000001, "pac_m": 0.4173231187, "inost_r": 0.3333032937, "ttdca_e": 0.0658406398, "orn_m": 0.4923025564, "acrn_x": 0.021205398599999998, "ttdcea_c": 0.011119443400000002, "fru_e": 0.1710010257, "ura_c": 0.0456891907, "lac_D_c": 17.4017473245, "glyc_c": 0.34177647710000003, "ocdcea_r": 0.0046696926, "ttdcrn_c": 0.046466452699999994}