{"aact_m": 0.44695942829999996, "sphings_r": 0.0211443572, "val_L_e": 0.37442010369999995, "C10164_c": 0.1009593772, "HC02024_r": 0.0418879154, "fum_m": 0.04547895019999999, "hdcea_e": 0.04259435650000001, "adrnl_e": 0.0009874758, "cit_c": 0.8590648836, "4hpro_LT_r": 0.1066726399, "chol_m": 0.0673194838, "4h2oglt_c": 0.04675852900000001, "C06199_l": 0.2875103534, "trp_L_c": 0.6123525477, "stcrn_m": 0.0701428642, "pyr_m": 1.1184794462, "carn_c": 0.14373211630000002, "chsterol_n": 1.6448569516, "lys_L_m": 0.5422199061, "g6p_r": 0.0546055267, "arg_L_e": 0.0679590527, "acgam_l": 0.0053540085, "c4crn_m": 0.052690153200000006, "C01601_c": 0.0181430076, "hom_L_e": 0.0065009385, "hxan_e": 0.0182416123, "lnlccrn_m": 0.09062541240000001, "im4ac_c": 0.011673238899999999, "urate_e": 0.2042817966, "g3p_c": 0.0340650695, "hdd2crn_c": 0.0233744487, "glu_L_r": 0.1389113739, "nac_c": 0.568417373, "asp_D_e": 0.041059556000000004, "thrnt_c": 0.0771557794, "C01507_c": 0.0175528631, "12ppd_R_c": 0.5319752208, "5oxpro_e": 1.2404654831, "fuc_L_e": 0.007529903399999999, "arab_L_c": 0.0341529036, "vacccrn_m": 0.1354013891, "CE6205_c": 0.024598811499999998, "pram_c": 0.4853987937, "ipdp_c": 0.004219893, "met_L_m": 0.1422131701, "ile_L_e": 0.0289576567, "hyptaur_c": 0.0075937367, "rbt_e": 0.0482980975, "ocdca_c": 0.4758070033, "Lpipecol_x": 0.0260542156, "c10crn_e": 0.0493491868, "dhdascb_c": 0.0164305691, "gal_c": 0.0220857019, "phe_L_l": 0.4626562212, "urea_m": 12.3525450548, "glx_m": 0.046351258, "glc_D_c": 21.931400876599998, "gln_L_e": 0.32614389039999997, "glcur_c": 0.0063355908, "crn_e": 0.0499047397, "c6crn_x": 0.0105177539, "gua_e": 0.0127560729, "dchac_r": 0.1015782808, "4mop_c": 0.054108267800000005, "sarcs_m": 0.1817640008, "anth_e": 0.0090108234, "andrstndn_c": 0.0113787774, "1p2cbxl_x": 0.2286445938, "2coum_c": 0.0171687378, "thr_L_e": 0.3548097844, "bilirub_r": 0.0797659015, "5hoxindoa_c": 0.0103991929, "ddeccrn_m": 0.0317124193, "3mop_m": 0.0402838664, "xylt_e": 0.009191717299999999, "sphs1p_e": 0.035582433999999996, "gudac_c": 0.0101210093, "succ_r": 0.045644122999999995, "ala_D_c": 7.9583354724, "prgstrn_e": 0.0106197184, "3hmp_m": 0.7319706398, "dmnoncrn_x": 0.003216403, "oaa_x": 0.118010028, "rib_D_c": 0.057919165300000006, "gly_m": 2.6477758399, "citr_L_m": 0.6417300381000001, "glyclt_x": 0.0108200627, "acnam_l": 0.0092263196, "creat_m": 0.1336162282, "tyr_L_l": 0.128344298, "oxa_c": 131.3343923966, "Lcystin_c": 0.044190966500000005, "ivcrn_c": 0.0419535824, "dhap_x": 0.0227266509, "bz_r": 0.0174295532, "lneldc_e": 0.0526787509, "C02356_c": 0.2027934574, "pchol_hs_c": 0.11664406470000001, "asn_L_c": 0.050527282699999995, "6pgc_c": 0.0369716035, "ser_L_x": 0.7529968035, "leu_L_m": 1.9019843253, "25hvitd3_c": 0.0264433371, "gcald_c": 0.38949251079999997, "glyald_m": 0.011167204699999999, "thm_e": 0.0027260390000000004, "c8crn_x": 0.0187472819, "pcollg5hlys_c": 0.0668173814, "srb_L_c": 0.10915951869999999, "5htrp_e": 0.0113456564, "pmtcrn_m": 0.0163395205, "CE2537_c": 0.1260954137, "cyst_L_m": 0.1251882875, "3mob_c": 0.0104442673, "ru5p_D_c": 0.0140805934, "cys_L_m": 0.0643983637, "2mcacn_c": 0.007902995500000001, "pro_D_l": 4.1745833447, "pser_L_c": 0.0089680125, "pac_m": 0.43310643090000006, "inost_r": 0.2475528025, "ttdca_e": 0.13899785580000001, "orn_m": 0.7538608897, "acrn_x": 0.011006268500000001, "ttdcea_c": 0.0062743639000000006, "fru_e": 0.0408553084, "ura_c": 0.0437872853, "lac_D_c": 48.266223401000005, "glyc_c": 0.5974961936, "ocdcea_r": 0.0066172726, "ttdcrn_c": 0.0181002095}