{"aact_m": 0.4827553361, "sphings_r": 0.0372548325, "val_L_e": 0.7507755339, "C10164_c": 0.0338665308, "HC02024_r": 0.1427680184, "fum_m": 0.0160564622, "hdcea_e": 0.1624389407, "adrnl_e": 0.006107281, "cit_c": 0.860587077, "4hpro_LT_r": 0.1361728494, "chol_m": 0.13709791699999999, "4h2oglt_c": 0.040747526, "C06199_l": 0.3678369785, "trp_L_c": 0.6191274297, "stcrn_m": 0.0787481635, "pyr_m": 1.0487959625, "carn_c": 0.1850620234, "chsterol_n": 1.9609532725, "lys_L_m": 0.7625997207999999, "g6p_r": 0.0780054239, "arg_L_e": 0.054367060300000006, "acgam_l": 0.0066029272, "c4crn_m": 0.043207668399999996, "C01601_c": 0.0281174483, "hom_L_e": 0.0081271565, "hxan_e": 0.0419592749, "lnlccrn_m": 0.19954554149999998, "im4ac_c": 0.0203821925, "urate_e": 0.5029733645000001, "g3p_c": 0.12032206460000001, "hdd2crn_c": 0.0632606465, "glu_L_r": 0.25282288059999997, "nac_c": 0.1382454388, "asp_D_e": 0.0469002498, "thrnt_c": 0.0678612481, "C01507_c": 0.1677457996, "12ppd_R_c": 0.6476579204999999, "5oxpro_e": 1.9068748952, "fuc_L_e": 0.0099019128, "arab_L_c": 0.0114178718, "vacccrn_m": 0.4042090296, "CE6205_c": 0.0160041048, "pram_c": 0.5820295136, "ipdp_c": 0.0058217331, "met_L_m": 0.1905409898, "ile_L_e": 0.0334254553, "hyptaur_c": 0.0050012215999999995, "rbt_e": 0.0555372626, "ocdca_c": 0.6899107115, "Lpipecol_x": 0.025935642400000004, "c10crn_e": 0.2008710042, "dhdascb_c": 0.0169476252, "gal_c": 0.0316044252, "phe_L_l": 0.6782872224, "urea_m": 23.615652503299998, "glx_m": 0.0555283941, "glc_D_c": 24.546619172, "gln_L_e": 0.4602295568, "glcur_c": 0.016000725, "crn_e": 0.0743156041, "c6crn_x": 0.0364955454, "gua_e": 0.0167660372, "dchac_r": 0.1275384769, "4mop_c": 0.0393679087, "sarcs_m": 0.1393757276, "anth_e": 0.0116646258, "andrstndn_c": 0.0679101812, "1p2cbxl_x": 0.29126449, "2coum_c": 0.0245889729, "thr_L_e": 0.583537383, "bilirub_r": 0.1373648599, "5hoxindoa_c": 0.012690608700000001, "ddeccrn_m": 0.0751250165, "3mop_m": 0.05334472, "xylt_e": 0.0098284697, "sphs1p_e": 0.1247057174, "gudac_c": 0.0109391619, "succ_r": 0.0180843217, "ala_D_c": 10.4564759449, "prgstrn_e": 0.026985784900000004, "3hmp_m": 1.8573636278, "dmnoncrn_x": 0.0102435685, "oaa_x": 0.1067953277, "rib_D_c": 0.0530508744, "gly_m": 0.8925143129, "citr_L_m": 0.6784508442, "glyclt_x": 0.0171851715, "acnam_l": 0.012181923600000002, "creat_m": 0.2290180379, "tyr_L_l": 0.1832291046, "oxa_c": 124.4811012746, "Lcystin_c": 0.0737257702, "ivcrn_c": 0.0283506608, "dhap_x": 0.027098682000000002, "bz_r": 0.0224485052, "lneldc_e": 0.13685497, "C02356_c": 0.3644674355, "pchol_hs_c": 0.0517382397, "asn_L_c": 0.0784633013, "6pgc_c": 0.028367169100000002, "ser_L_x": 0.8142586262, "leu_L_m": 2.5777967999999998, "25hvitd3_c": 0.045917727699999994, "gcald_c": 0.751930267, "glyald_m": 0.0166626863, "thm_e": 0.0104834879, "c8crn_x": 0.0755738425, "pcollg5hlys_c": 0.0958875986, "srb_L_c": 0.0147737741, "5htrp_e": 0.0049839315, "pmtcrn_m": 0.0070435146, "CE2537_c": 0.1523584891, "cyst_L_m": 0.15152823070000002, "3mob_c": 0.0102224162, "ru5p_D_c": 0.0183875371, "cys_L_m": 0.1367626591, "2mcacn_c": 0.010876448300000001, "pro_D_l": 5.0332714175, "pser_L_c": 0.0104792202, "pac_m": 0.4690001031, "inost_r": 0.36091212840000003, "ttdca_e": 0.214380417, "orn_m": 0.9125878314, "acrn_x": 0.0138058401, "ttdcea_c": 0.0086693146, "fru_e": 0.0365171875, "ura_c": 0.04625036230000001, "lac_D_c": 50.956355863599995, "glyc_c": 0.8401704701999999, "ocdcea_r": 0.0323020327, "ttdcrn_c": 0.0370621103}