{"aact_m": 0.37620090619999996, "sphings_r": 0.0265033121, "val_L_e": 0.3438884884, "C10164_c": 0.0718247972, "HC02024_r": 0.0526061242, "fum_m": 0.037095504, "hdcea_e": 0.0594409959, "adrnl_e": 0.0022216143, "cit_c": 0.9235372598999999, "4hpro_LT_r": 0.10029769849999999, "chol_m": 0.05720192650000001, "4h2oglt_c": 0.034396267200000004, "C06199_l": 0.2531570943, "trp_L_c": 0.29845835800000003, "stcrn_m": 0.031028648199999998, "pyr_m": 0.2747889897, "carn_c": 0.1487811805, "chsterol_n": 0.6417722403, "lys_L_m": 0.5000789878, "g6p_r": 0.0420921981, "arg_L_e": 0.0445163072, "acgam_l": 0.0046990422, "c4crn_m": 0.014838202, "C01601_c": 0.0150062999, "hom_L_e": 0.0021372809, "hxan_e": 0.0062007660999999995, "lnlccrn_m": 0.0375040813, "im4ac_c": 0.0089573491, "urate_e": 0.0811546762, "g3p_c": 0.042079474400000004, "hdd2crn_c": 0.0214367724, "glu_L_r": 0.35745843229999996, "nac_c": 0.27866959350000003, "asp_D_e": 0.1029716667, "thrnt_c": 0.0749845566, "C01507_c": 0.0046327325, "12ppd_R_c": 0.4519843086, "5oxpro_e": 2.1721982012, "fuc_L_e": 0.006796586800000001, "arab_L_c": 0.0035452389000000003, "vacccrn_m": 0.0995111766, "CE6205_c": 0.0103863264, "pram_c": 0.5291603003, "ipdp_c": 0.0037088284999999997, "met_L_m": 0.1272265553, "ile_L_e": 0.033540908700000004, "hyptaur_c": 0.0003347278, "rbt_e": 0.0234977258, "ocdca_c": 0.8593819593, "Lpipecol_x": 0.021596837200000003, "c10crn_e": 0.1000577705, "dhdascb_c": 0.0191997639, "gal_c": 0.0136220567, "phe_L_l": 0.3415820026, "urea_m": 15.1929072376, "glx_m": 0.029087747, "glc_D_c": 17.7437107415, "gln_L_e": 0.1639669677, "glcur_c": 0.0751038347, "crn_e": 0.0832438615, "c6crn_x": 0.0116759423, "gua_e": 0.0117602486, "dchac_r": 0.0668550373, "4mop_c": 0.0381730627, "sarcs_m": 0.015668998700000002, "anth_e": 0.0096067945, "andrstndn_c": 0.0080352754, "1p2cbxl_x": 0.2628957067, "2coum_c": 0.0191577719, "thr_L_e": 0.4144236429, "bilirub_r": 0.0339247126, "5hoxindoa_c": 0.0089569225, "ddeccrn_m": 0.0518708549, "3mop_m": 0.036068283799999996, "xylt_e": 0.0054094443999999995, "sphs1p_e": 0.0282628595, "gudac_c": 0.008711075300000001, "succ_r": 0.0361044998, "ala_D_c": 4.7799620161, "prgstrn_e": 0.011752714499999999, "3hmp_m": 4.6824589183, "dmnoncrn_x": 0.0081767457, "oaa_x": 0.0922198641, "rib_D_c": 0.038375237799999996, "gly_m": 2.0727384849, "citr_L_m": 0.6487905253, "glyclt_x": 0.0052221475, "acnam_l": 0.0070957263, "creat_m": 0.1203771299, "tyr_L_l": 0.1366042156, "oxa_c": 127.8008197994, "Lcystin_c": 0.0177509079, "ivcrn_c": 0.012756186200000002, "dhap_x": 0.019573731, "bz_r": 0.014787628200000002, "lneldc_e": 0.06476918940000001, "C02356_c": 0.5162515317, "pchol_hs_c": 0.1534001893, "asn_L_c": 0.016798474299999998, "6pgc_c": 0.02522282, "ser_L_x": 0.9157990059000001, "leu_L_m": 1.5133418433, "25hvitd3_c": 0.0156107917, "gcald_c": 0.523640374, "glyald_m": 0.0131703826, "thm_e": 0.0047921577, "c8crn_x": 0.0349046441, "pcollg5hlys_c": 0.0643121601, "srb_L_c": 0.008834744, "5htrp_e": 0.0113231771, "pmtcrn_m": 0.0047482685, "CE2537_c": 0.1125992183, "cyst_L_m": 0.1352596917, "3mob_c": 0.0062902514, "ru5p_D_c": 0.0264352958, "cys_L_m": 0.018634930900000003, "2mcacn_c": 0.0082135458, "pro_D_l": 3.5070812082, "pser_L_c": 0.0082946346, "pac_m": 0.3684789778, "inost_r": 0.18002520800000002, "ttdca_e": 0.1138337814, "orn_m": 0.408615245, "acrn_x": 0.0150121449, "ttdcea_c": 0.0079047028, "fru_e": 0.0379780613, "ura_c": 0.051422187800000005, "lac_D_c": 29.115839511100003, "glyc_c": 0.48228680090000003, "ocdcea_r": 0.0131280873, "ttdcrn_c": 0.0166335599}