{"aact_m": 0.263285135, "sphings_r": 0.035654978, "val_L_e": 0.418106201, "C10164_c": 0.0554206872, "HC02024_r": 0.0569225264, "fum_m": 0.031076292999999998, "hdcea_e": 0.0181008322, "adrnl_e": 0.0071401812, "cit_c": 0.7964028531, "4hpro_LT_r": 0.1105586561, "chol_m": 0.0725351243, "4h2oglt_c": 0.0428518859, "C06199_l": 0.40045178929999997, "trp_L_c": 0.7591987320999999, "stcrn_m": 0.0557001609, "pyr_m": 2.0869448216, "carn_c": 0.07000997169999999, "chsterol_n": 0.9247919018999999, "lys_L_m": 0.8919603856, "g6p_r": 0.0442509348, "arg_L_e": 0.0837450351, "acgam_l": 0.0058308627, "c4crn_m": 0.020481947, "C01601_c": 0.0180214287, "hom_L_e": 0.012475001299999998, "hxan_e": 0.3066610255, "lnlccrn_m": 0.15520445800000002, "im4ac_c": 0.024980650099999998, "urate_e": 0.2570137807, "g3p_c": 0.0540939287, "hdd2crn_c": 0.0205514718, "glu_L_r": 0.4232193573, "nac_c": 0.047004198399999995, "asp_D_e": 0.1856449241, "thrnt_c": 0.049319023600000005, "C01507_c": 0.0100279666, "12ppd_R_c": 0.7488610853000001, "5oxpro_e": 2.8218207056, "fuc_L_e": 0.0065079756, "arab_L_c": 0.0162367557, "vacccrn_m": 0.1462327051, "CE6205_c": 0.0122427753, "pram_c": 0.5810839584, "ipdp_c": 0.0044690180999999995, "met_L_m": 0.22482288879999998, "ile_L_e": 0.0383154061, "hyptaur_c": 0.0056940579000000005, "rbt_e": 0.0434713977, "ocdca_c": 0.5762749535, "Lpipecol_x": 0.09428966130000001, "c10crn_e": 0.0306723501, "dhdascb_c": 0.0161996245, "gal_c": 0.0203611571, "phe_L_l": 0.8275570825, "urea_m": 21.2983333583, "glx_m": 0.08494558869999999, "glc_D_c": 1.0008879044, "gln_L_e": 0.24508128769999998, "glcur_c": 0.0078710267, "crn_e": 0.0117774479, "c6crn_x": 0.0050934846999999995, "gua_e": 0.0210853178, "dchac_r": 0.0774552602, "4mop_c": 0.0418527675, "sarcs_m": 0.2901934747, "anth_e": 0.0087480115, "andrstndn_c": 0.0258460342, "1p2cbxl_x": 0.2965279991, "2coum_c": 0.0240116454, "thr_L_e": 1.1380628752, "bilirub_r": 0.032868054, "5hoxindoa_c": 0.009490644, "ddeccrn_m": 0.0300811813, "3mop_m": 0.0549031676, "xylt_e": 0.0101541517, "sphs1p_e": 0.0692072606, "gudac_c": 0.0094126767, "succ_r": 0.1206053852, "ala_D_c": 15.9715082394, "prgstrn_e": 0.0058072223, "3hmp_m": 0.8284446069, "dmnoncrn_x": 0.0046217196, "oaa_x": 0.0961426939, "rib_D_c": 0.0398776789, "gly_m": 1.9405447062, "citr_L_m": 0.6385679282, "glyclt_x": 0.0078341788, "acnam_l": 0.015353988300000001, "creat_m": 0.4030987483, "tyr_L_l": 0.175898214, "oxa_c": 130.163108322, "Lcystin_c": 0.041223416, "ivcrn_c": 0.0177216505, "dhap_x": 0.0226855056, "bz_r": 0.0015775435999999998, "lneldc_e": 0.0370465675, "C02356_c": 0.41470639020000005, "pchol_hs_c": 0.1334234682, "asn_L_c": 0.0807958473, "6pgc_c": 0.0361520454, "ser_L_x": 1.0938040281, "leu_L_m": 3.1468996074, "25hvitd3_c": 0.0226838056, "gcald_c": 0.4402216338, "glyald_m": 0.030717104300000003, "thm_e": 0.0134200732, "c8crn_x": 0.0103952024, "pcollg5hlys_c": 0.0446768088, "srb_L_c": 0.0511772694, "5htrp_e": 0.0101842341, "pmtcrn_m": 0.0027694852, "CE2537_c": 0.083945304, "cyst_L_m": 0.0479777831, "3mob_c": 0.0092538953, "ru5p_D_c": 0.025773072299999998, "cys_L_m": 0.0695404714, "2mcacn_c": 0.0092196429, "pro_D_l": 6.1686888187, "pser_L_c": 0.012358391100000001, "pac_m": 0.5114882518, "inost_r": 0.2868392551, "ttdca_e": 0.11188546320000001, "orn_m": 1.3126326507, "acrn_x": 0.005537793199999999, "ttdcea_c": 0.0136537075, "fru_e": 0.4800349836, "ura_c": 0.040160648199999996, "lac_D_c": 226.3913555627, "glyc_c": 0.7950022186, "ocdcea_r": 0.00606104, "ttdcrn_c": 0.021368192799999998}