{"ile_L_c": 3207.1381, "fum_c": 495.3302, "val_L_c": 7216.8112, "retinal_cis_9_c": 4491.9947, "met_L_c": 683.4556, "ocdca_c": 165157.1047, "cys_L_c": 125.0834, "leu_L_c": 5441.6278, "hdcea_c": 688.459, "4mop_c": 836.5577, "gly_c": 5179.4529999999995, "dca_c": 180.1201, "uri_c": 646.431, "CE2510_c": 99.066, "rib_D_c": 71.0474, "hdca_c": 28463.976000000002, "arachd_c": 536.3576, "asp_L_c": 2343.5624, "spmd_c": 161.1074, "glyclt_c": 202.1348, "lys_L_c": 4850.2335, "glu_L_c": 4307.8719, "etha_c": 4310.8739, "crtn_c": 2796.8646, "ptdca_c": 2529.6865, "arach_c": 1336.8913, "man_c": 1199.7999, "taur_c": 3318.2121, "cit_c": 2777.8519, "CE5126_c": 763.5089999999999, "succ_c": 433.2889, "ocdcea_c": 3254.1694, "ala_B_c": 263.1755, "xylt_c": 176.1174, "citr_L_c": 254.1694, "urea_c": 27042.028, "hpdca_c": 2015.3436, "akg_c": 191.1274, "tyr_L_c": 4759.1728, "gln_L_c": 4268.8459, "bz_c": 2580.7205, "ethamp_c": 101.0674, "abt_c": 181.1207, "oxa_c": 137.0914, "urate_c": 1464.9767, "his_L_c": 814.543, "C08261_c": 122.0814, "octa_c": 983.6558, "glyc_R_c": 260.1734, "trp_L_c": 1818.2121, "gua_c": 158.1054, "amp_c": 340.2268, "ins_c": 1887.2582, "gsn_c": 152.1014, "C01601_c": 3681.4543, "5oxpro_c": 37810.2068, "ala_L_c": 19807.2048, "ttdca_c": 8372.5817, "hxan_c": 2185.4570000000003, "glyc_c": 18292.1948, "uacgam_c": 45.03, "ura_c": 234.1561, "C01507_c": 3446.2975, "2hb_c": 784.523, "asn_L_c": 321.2141, "fru_c": 201.1341, "xan_c": 104.0694, "adpac_c": 511.3409, "cmp_c": 576.3843, "adn_c": 199.1328, "sbt_D_c": 6870.5804, "udpglcur_c": 293.1955, "phe_L_c": 2639.7598, "ddca_c": 2069.3796, "yvite_c": 1593.0620000000001, "thr_L_c": 2485.6571, "docosac_c": 386.2575, "pro_L_c": 7064.7098, "ncam_c": 420.2802, "pyr_c": 658.439, "ser_L_c": 5990.994000000001}