{"ile_L_c": 1851.4883, "fum_c": 164.3445, "val_L_c": 4989.2337, "retinal_cis_9_c": 2233.3756, "met_L_c": 229.8923, "ocdca_c": 160781.1906, "cys_L_c": 123.4959, "leu_L_c": 3059.848, "hdcea_c": 2809.0564, "4mop_c": 710.5763, "gly_c": 3112.0963, "dca_c": 230.8423, "uri_c": 518.6827, "CE2510_c": 120.646, "rib_D_c": 107.3464, "hdca_c": 29167.8277, "arachd_c": 341.9886, "asp_L_c": 871.1210000000001, "spmd_c": 94.9968, "glyclt_c": 346.7384, "lys_L_c": 754.2749, "glu_L_c": 3044.6485, "etha_c": 991.7669, "crtn_c": 4064.9145, "ptdca_c": 1102.9132, "arach_c": 1326.1558, "man_c": 232.7422, "taur_c": 1560.7979999999998, "cit_c": 399.9367, "CE5126_c": 1644.3952, "succ_c": 357.1881, "ocdcea_c": 3861.6213, "ala_B_c": 248.8917, "xylt_c": 178.59400000000002, "citr_L_c": 132.9956, "urea_c": 34768.841, "hpdca_c": 1819.1894, "akg_c": 84.5472, "tyr_L_c": 1103.8632, "gln_L_c": 4113.3629, "bz_c": 2339.772, "ethamp_c": 55.0982, "abt_c": 171.9443, "oxa_c": 61.7479, "urate_c": 873.0209, "his_L_c": 102.5966, "C08261_c": 81.6973, "octa_c": 824.5725, "glyc_R_c": 224.1925, "trp_L_c": 336.2888, "gua_c": 105.4465, "amp_c": 142.4953, "ins_c": 814.1229, "gsn_c": 108.2964, "C01601_c": 4342.3053, "5oxpro_c": 13540.8486, "ala_L_c": 14467.0678, "ttdca_c": 6420.835999999999, "hxan_c": 981.3173, "glyc_c": 8539.2654, "uacgam_c": 146.2951, "ura_c": 308.7397, "C01507_c": 1821.0893, "2hb_c": 1223.5592, "asn_L_c": 216.5928, "fru_c": 151.045, "xan_c": 102.5966, "adpac_c": 664.9778, "cmp_c": 114.9462, "adn_c": 122.5459, "sbt_D_c": 184.2939, "udpglcur_c": 94.0469, "phe_L_c": 751.425, "ddca_c": 1853.3882, "yvite_c": 417.0361, "thr_L_c": 728.6257, "docosac_c": 372.3876, "pro_L_c": 2400.57, "ncam_c": 284.9905, "pyr_c": 147.2451, "ser_L_c": 2593.4136}