{"ile_L_c": 9037.2306, "fum_c": 644.6767, "val_L_c": 19433.3769, "retinal_cis_9_c": 32640.4311, "met_L_c": 845.5258, "ocdca_c": 157381.45, "cys_L_c": 451.6656, "leu_L_c": 15913.1287, "hdcea_c": 764.2064, "4mop_c": 2421.9464, "gly_c": 5016.3292, "dca_c": 145.983, "uri_c": 378.1842, "CE2510_c": 108.7524, "rib_D_c": 371.3259, "hdca_c": 28957.5441, "arachd_c": 387.00199999999995, "asp_L_c": 2708.034, "spmd_c": 171.4566, "glyclt_c": 272.371, "lys_L_c": 8075.1143, "glu_L_c": 5656.1071, "etha_c": 4169.8236, "crtn_c": 1573.4814, "ptdca_c": 2836.3814, "arach_c": 1319.7257, "man_c": 2341.6068, "taur_c": 11526.7799, "cit_c": 4223.71, "CE5126_c": 19455.9112, "succ_c": 484.9771, "ocdcea_c": 1755.7152, "ala_B_c": 204.7681, "xylt_c": 243.9582, "citr_L_c": 297.8445, "urea_c": 27681.9073, "hpdca_c": 1896.7995, "akg_c": 235.1404, "tyr_L_c": 7022.8609, "gln_L_c": 5653.1679, "bz_c": 2169.1705, "ethamp_c": 126.38799999999999, "abt_c": 271.3912, "oxa_c": 212.6061, "urate_c": 1739.0594, "his_L_c": 1122.7956, "C08261_c": 95.0359, "octa_c": 674.0692, "glyc_R_c": 216.5251, "trp_L_c": 2693.3377, "gua_c": 174.3958, "amp_c": 161.659, "ins_c": 1048.3344, "gsn_c": 48.9876, "C01601_c": 916.0679, "5oxpro_c": 50434.6832, "ala_L_c": 37543.1091, "ttdca_c": 7088.5042, "hxan_c": 1196.2769, "glyc_c": 13695.9504, "uacgam_c": 52.9066, "ura_c": 269.4317, "C01507_c": 2089.8106, "2hb_c": 4993.7949, "asn_L_c": 373.2854, "fru_c": 216.5251, "xan_c": 112.6715, "adpac_c": 728.9353, "cmp_c": 179.2946, "adn_c": 745.5911, "sbt_D_c": 525.1469999999999, "udpglcur_c": 565.3168, "phe_L_c": 3638.7982, "ddca_c": 1510.7773, "yvite_c": 3242.9784, "thr_L_c": 3070.5421, "docosac_c": 412.4755, "pro_L_c": 8168.1907, "ncam_c": 664.2717, "pyr_c": 430.111, "ser_L_c": 6988.5696}