{"ile_L_c": 16893.0333, "fum_c": 883.1689, "val_L_c": 34044.0814, "retinal_cis_9_c": 7815.3514, "met_L_c": 3895.1911, "ocdca_c": 252565.0432, "cys_L_c": 429.0999, "leu_L_c": 38739.2109, "hdcea_c": 2822.4414, "4mop_c": 1010.7891, "gly_c": 13977.1887, "dca_c": 171.0851, "uri_c": 1131.0111, "CE2510_c": 196.979, "rib_D_c": 673.2429, "hdca_c": 43910.6042, "arachd_c": 2002.1578, "asp_L_c": 16908.7546, "spmd_c": 348.6436, "glyclt_c": 185.8816, "lys_L_c": 22795.0062, "glu_L_c": 15879.4698, "etha_c": 8816.8927, "crtn_c": 8318.434000000001, "ptdca_c": 2326.7571, "arach_c": 2154.7472, "man_c": 1292.8483, "taur_c": 5349.8767, "cit_c": 3252.4661, "CE5126_c": 6918.3107, "succ_c": 448.5203, "ocdcea_c": 7562.8853, "ala_B_c": 265.4131, "xylt_c": 139.6424, "citr_L_c": 466.0912, "urea_c": 48266.3379, "hpdca_c": 2548.7053, "akg_c": 137.7928, "tyr_L_c": 13714.5499, "gln_L_c": 4628.545, "bz_c": 2395.1911, "ethamp_c": 1616.5228, "abt_c": 305.1788, "oxa_c": 224.7226, "urate_c": 2898.2737, "his_L_c": 3626.0789, "C08261_c": 84.1554, "octa_c": 1113.4402, "glyc_R_c": 1063.5019, "trp_L_c": 5552.4044, "gua_c": 222.873, "amp_c": 813.8101, "ins_c": 5421.0851, "gsn_c": 425.4007, "C01601_c": 4321.5166, "5oxpro_c": 73705.3021, "ala_L_c": 56766.9544, "ttdca_c": 10958.693000000001, "hxan_c": 11336.0049, "glyc_c": 26439.5808, "uacgam_c": 112.8237, "ura_c": 805.4871, "C01507_c": 2694.8212, "2hb_c": 3083.2306, "asn_L_c": 927.5586, "fru_c": 402.2811, "xan_c": 435.5734, "adpac_c": 568.7423, "cmp_c": 209.0012, "adn_c": 136.8681, "sbt_D_c": 430.9494, "udpglcur_c": 137.7928, "phe_L_c": 11387.7928, "ddca_c": 2824.2909999999997, "yvite_c": 1190.1973, "thr_L_c": 8322.1332, "docosac_c": 818.434, "pro_L_c": 15707.4599, "ncam_c": 1450.9864, "pyr_c": 1123.6128, "ser_L_c": 21117.4476}