{"ile_L_c": 7993.4980000000005, "fum_c": 596.8791, "val_L_c": 20317.2952, "retinal_cis_9_c": 10528.2835, "met_L_c": 980.1691, "ocdca_c": 225080.9493, "cys_L_c": 618.3355, "leu_L_c": 17366.0598, "hdcea_c": 4334.2003, "4mop_c": 807.5423, "gly_c": 9749.0247, "dca_c": 261.3784, "uri_c": 975.2926, "CE2510_c": 241.8726, "rib_D_c": 314.0442, "hdca_c": 47566.9701, "arachd_c": 772.4317, "asp_L_c": 5413.8492, "spmd_c": 222.3667, "glyclt_c": 371.5865, "lys_L_c": 7228.8687, "glu_L_c": 11349.4798, "etha_c": 4527.3082, "crtn_c": 3725.6177, "ptdca_c": 3468.1404, "arach_c": 1677.5033, "man_c": 1832.5748, "taur_c": 3535.4356, "cit_c": 2377.7633, "CE5126_c": 5653.7711, "succ_c": 377.4382, "ocdcea_c": 14852.7308, "ala_B_c": 171.6515, "xylt_c": 215.5397, "citr_L_c": 349.1547, "urea_c": 35275.3576, "hpdca_c": 2811.7685, "akg_c": 225.2926, "tyr_L_c": 6631.9896, "gln_L_c": 5913.1990000000005, "bz_c": 2705.4616, "ethamp_c": 839.7269, "abt_c": 538.3615, "oxa_c": 336.4759, "urate_c": 2826.3979, "his_L_c": 1280.5592, "C08261_c": 261.3784, "octa_c": 1398.5696, "glyc_R_c": 763.6541, "trp_L_c": 2985.3706, "gua_c": 245.7737, "amp_c": 1099.1547, "ins_c": 2980.4941, "gsn_c": 252.6008, "C01601_c": 5533.8101, "5oxpro_c": 73026.0078, "ala_L_c": 38483.0949, "ttdca_c": 11006.1768, "hxan_c": 2623.5371, "glyc_c": 22815.0195, "uacgam_c": 224.3173, "ura_c": 627.1131, "C01507_c": 4056.2419, "2hb_c": 1892.0676, "asn_L_c": 419.3758, "fru_c": 417.4252, "xan_c": 143.368, "adpac_c": 672.9519, "cmp_c": 182.3797, "adn_c": 243.8231, "sbt_D_c": 259.4278, "udpglcur_c": 452.5358, "phe_L_c": 4202.5358, "ddca_c": 2503.5761, "yvite_c": 1288.3615, "thr_L_c": 4429.7789, "docosac_c": 433.0299, "pro_L_c": 12037.0611, "ncam_c": 745.1235, "pyr_c": 394.9935, "ser_L_c": 8901.4954}