{"ile_L_c": 1919.3206, "fum_c": 284.5011, "val_L_c": 3952.2293, "retinal_cis_9_c": 10780.2548, "met_L_c": 184.7134, "ocdca_c": 163221.8684, "cys_L_c": 305.7325, "leu_L_c": 2754.7771, "hdcea_c": 565.8174, "4mop_c": 867.3036, "gly_c": 3037.155, "dca_c": 378.9809, "uri_c": 393.8429, "CE2510_c": 94.4798, "rib_D_c": 128.4501, "hdca_c": 24639.0658, "arachd_c": 348.1953, "asp_L_c": 1338.6412, "spmd_c": 78.5563, "glyclt_c": 485.13800000000003, "lys_L_c": 1108.2803, "glu_L_c": 1316.3482, "etha_c": 1332.2718, "crtn_c": 1721.8684, "ptdca_c": 985.138, "arach_c": 1478.7686, "man_c": 208.0679, "taur_c": 1491.5074, "cit_c": 483.0149, "CE5126_c": 305.7325, "succ_c": 268.5775, "ocdcea_c": 970.2760000000001, "ala_B_c": 199.5754, "xylt_c": 130.5732, "citr_L_c": 193.2059, "urea_c": 29516.9851, "hpdca_c": 1719.7452, "akg_c": 101.9108, "tyr_L_c": 1226.1146, "gln_L_c": 2816.3482, "bz_c": 3446.9214, "ethamp_c": 101.9108, "abt_c": 237.7919, "oxa_c": 127.3885, "urate_c": 331.2102, "his_L_c": 195.3291, "C08261_c": 94.4798, "octa_c": 1213.3758, "glyc_R_c": 338.6412, "trp_L_c": 638.0042, "gua_c": 88.1104, "amp_c": 111.465, "ins_c": 335.4565, "gsn_c": 100.8493, "C01601_c": 7641.189, "5oxpro_c": 8105.0955, "ala_L_c": 12657.1125, "ttdca_c": 6507.431, "hxan_c": 962.845, "glyc_c": 9369.4268, "uacgam_c": 95.5414, "ura_c": 147.5584, "C01507_c": 765.3928, "2hb_c": 785.5626, "asn_L_c": 272.8238, "fru_c": 167.7282, "xan_c": 150.7431, "adpac_c": 483.0149, "cmp_c": 218.6837, "adn_c": 114.6497, "sbt_D_c": 228.2378, "udpglcur_c": 94.4798, "phe_L_c": 1039.2781, "ddca_c": 3757.9618, "yvite_c": 449.0446, "thr_L_c": 1152.8662, "docosac_c": 453.2909, "pro_L_c": 2915.0743, "ncam_c": 153.9278, "pyr_c": 268.5775, "ser_L_c": 3269.6391}