{"ile_L_c": 3269.434, "fum_c": 331.6981, "val_L_c": 8233.5849, "retinal_cis_9_c": 5136.2264, "met_L_c": 550.1887, "ocdca_c": 234918.1132, "cys_L_c": 544.5283, "leu_L_c": 5723.7736, "hdcea_c": 1103.7736, "4mop_c": 782.2642, "gly_c": 4117.3585, "dca_c": 74.717, "uri_c": 430.1887, "CE2510_c": 73.5849, "rib_D_c": 254.717, "hdca_c": 39579.6226, "arachd_c": 679.2453, "asp_L_c": 1995.8491, "spmd_c": 209.43400000000003, "glyclt_c": 367.9245, "lys_L_c": 4861.1321, "glu_L_c": 2771.3208, "etha_c": 2609.4339999999997, "crtn_c": 2791.6981, "ptdca_c": 2652.4528, "arach_c": 2158.8679, "man_c": 1261.1321, "taur_c": 3504.9057, "cit_c": 1003.0189, "CE5126_c": 7935.8491, "succ_c": 369.0566, "ocdcea_c": 3075.8491, "ala_B_c": 187.9245, "xylt_c": 272.8302, "citr_L_c": 227.5472, "urea_c": 16445.6604, "hpdca_c": 2966.0377, "akg_c": 105.28299999999999, "tyr_L_c": 2796.2264, "gln_L_c": 3512.8302, "bz_c": 1906.4151, "ethamp_c": 93.9623, "abt_c": 307.9245, "oxa_c": 220.7547, "urate_c": 606.7925, "his_L_c": 720.0, "C08261_c": 101.8868, "octa_c": 695.0943, "glyc_R_c": 517.3585, "trp_L_c": 1063.0189, "gua_c": 160.7547, "amp_c": 254.717, "ins_c": 1330.1887, "gsn_c": 152.8302, "C01601_c": 1096.9811, "5oxpro_c": 19691.3207, "ala_L_c": 10678.8679, "ttdca_c": 8438.4906, "hxan_c": 1144.5283, "glyc_c": 5416.9811, "uacgam_c": 106.4151, "ura_c": 267.1698, "C01507_c": 3216.2264, "2hb_c": 1744.5283, "asn_L_c": 407.5472, "fru_c": 242.2642, "xan_c": 136.9811, "adpac_c": 798.1132, "cmp_c": 270.566, "adn_c": 175.4717, "sbt_D_c": 190.1887, "udpglcur_c": 204.9057, "phe_L_c": 1646.0377, "ddca_c": 1856.6038, "yvite_c": 946.4151, "thr_L_c": 1858.8679, "docosac_c": 589.8113, "pro_L_c": 2744.1509, "ncam_c": 277.3585, "pyr_c": 371.3208, "ser_L_c": 5135.0943}