{"ile_L_c": 12778.671999999999, "fum_c": 525.1509, "val_L_c": 32220.3219, "retinal_cis_9_c": 21518.1086, "met_L_c": 745.4728, "ocdca_c": 238786.7203, "cys_L_c": 66.3984, "leu_L_c": 25560.3622, "hdcea_c": 4120.7243, "4mop_c": 5396.3783, "gly_c": 12636.8209, "dca_c": 156.9416, "uri_c": 510.0604, "CE2510_c": 151.9115, "rib_D_c": 198.1891, "hdca_c": 50317.9074, "arachd_c": 1132.7968, "asp_L_c": 2792.7565, "spmd_c": 129.7787, "glyclt_c": 587.5252, "lys_L_c": 6526.1569, "glu_L_c": 1036.2173, "etha_c": 2254.5272, "crtn_c": 767.6056, "ptdca_c": 1468.8129, "arach_c": 1986.9215, "man_c": 1636.8209, "taur_c": 1287.7264, "cit_c": 1086.5191, "CE5126_c": 18280.6841, "succ_c": 347.0825, "ocdcea_c": 12361.167, "ala_B_c": 161.9718, "xylt_c": 226.3581, "citr_L_c": 329.9799, "urea_c": 59580.4829, "hpdca_c": 3174.0443, "akg_c": 176.0563, "tyr_L_c": 5448.6922, "gln_L_c": 11235.4125, "bz_c": 2388.33, "ethamp_c": 282.6962, "abt_c": 309.8592, "oxa_c": 240.4427, "urate_c": 1305.835, "his_L_c": 1564.3863, "C08261_c": 191.1469, "octa_c": 943.6619999999999, "glyc_R_c": 521.1268, "trp_L_c": 2318.9135, "gua_c": 146.8813, "amp_c": 1053.3199, "ins_c": 1480.8853, "gsn_c": 174.0443, "C01601_c": 1797.7867, "5oxpro_c": 33678.0684, "ala_L_c": 32836.0161, "ttdca_c": 11252.5151, "hxan_c": 3611.67, "glyc_c": 15563.3803, "uacgam_c": 100.6036, "ura_c": 297.7867, "C01507_c": 1438.6318, "2hb_c": 7754.5272, "asn_L_c": 768.6117, "fru_c": 175.0503, "xan_c": 163.9839, "adpac_c": 830.9859, "cmp_c": 229.3763, "adn_c": 633.8028, "sbt_D_c": 223.34, "udpglcur_c": 362.173, "phe_L_c": 4602.6157, "ddca_c": 2029.1751, "yvite_c": 3546.2777, "thr_L_c": 4608.6519, "docosac_c": 535.2113, "pro_L_c": 8234.4064, "ncam_c": 779.6781, "pyr_c": 1056.338, "ser_L_c": 10624.7485}