{"ile_L_c": 8198.3278, "fum_c": 882.9431, "val_L_c": 17095.9866, "retinal_cis_9_c": 28243.1438, "met_L_c": 2056.8562, "ocdca_c": 174370.2341, "cys_L_c": 707.3579, "leu_L_c": 16707.6923, "hdcea_c": 3878.9298, "4mop_c": 861.8729, "gly_c": 13179.9331, "dca_c": 320.0669, "uri_c": 1683.612, "CE2510_c": 112.3746, "rib_D_c": 394.3144, "hdca_c": 32673.912999999997, "arachd_c": 945.1505, "asp_L_c": 4347.4916, "spmd_c": 145.4849, "glyclt_c": 405.3512, "lys_L_c": 8624.7492, "glu_L_c": 7045.485, "etha_c": 11323.7458, "crtn_c": 9596.99, "ptdca_c": 1682.6087, "arach_c": 1923.4114, "man_c": 1250.1672, "taur_c": 4819.0635, "cit_c": 3839.7993, "CE5126_c": 6928.0936, "succ_c": 888.9632, "ocdcea_c": 5761.204000000001, "ala_B_c": 539.7993, "xylt_c": 154.5151, "citr_L_c": 531.7726, "urea_c": 33493.6455, "hpdca_c": 1932.4415, "akg_c": 115.3846, "tyr_L_c": 10189.9666, "gln_L_c": 7396.6555, "bz_c": 3120.4013, "ethamp_c": 601.0033, "abt_c": 364.214, "oxa_c": 335.1171, "urate_c": 1624.4147, "his_L_c": 1239.1304, "C08261_c": 135.4515, "octa_c": 1557.1906, "glyc_R_c": 531.7726, "trp_L_c": 3622.0736, "gua_c": 469.5652, "amp_c": 446.4883, "ins_c": 6326.0869999999995, "gsn_c": 632.107, "C01601_c": 7924.4147, "5oxpro_c": 77679.9331, "ala_L_c": 49542.1405, "ttdca_c": 11734.1137, "hxan_c": 7725.7525, "glyc_c": 49311.3712, "uacgam_c": 132.4415, "ura_c": 674.2475, "C01507_c": 14236.4549, "2hb_c": 3891.9732, "asn_L_c": 537.7926, "fru_c": 160.5351, "xan_c": 275.9197, "adpac_c": 711.3712, "cmp_c": 500.6689, "adn_c": 319.0635, "sbt_D_c": 366.2207, "udpglcur_c": 220.7358, "phe_L_c": 7307.3579, "ddca_c": 4421.7391, "yvite_c": 4441.806, "thr_L_c": 5766.2207, "docosac_c": 921.0702, "pro_L_c": 9660.2007, "ncam_c": 2129.097, "pyr_c": 472.5753, "ser_L_c": 14172.2408}