{"ile_L_c": 4050.7566, "fum_c": 540.9836, "val_L_c": 10325.0315, "retinal_cis_9_c": 12520.1765, "met_L_c": 967.5284, "ocdca_c": 138018.9155, "cys_L_c": 343.3165, "leu_L_c": 8300.1261, "hdcea_c": 775.5359, "4mop_c": 938.2093, "gly_c": 6866.3304, "dca_c": 266.7087, "uri_c": 438.8398, "CE2510_c": 138.0832, "rib_D_c": 313.9975, "hdca_c": 28256.9357, "arachd_c": 5321.8789, "asp_L_c": 2618.8525, "spmd_c": 152.2699, "glyclt_c": 124.8424, "lys_L_c": 4867.9067, "glu_L_c": 4717.5284, "etha_c": 6682.8499, "crtn_c": 4131.1475, "ptdca_c": 1730.7692, "arach_c": 1109.3947, "man_c": 209.0164, "taur_c": 2655.7377, "cit_c": 2992.4338, "CE5126_c": 293.1904, "succ_c": 438.8398, "ocdcea_c": 3539.0921, "ala_B_c": 211.8537, "xylt_c": 205.2333, "citr_L_c": 209.9622, "urea_c": 12516.3934, "hpdca_c": 1647.5410000000002, "akg_c": 98.3607, "tyr_L_c": 3390.6053, "gln_L_c": 6389.6595, "bz_c": 2436.3178, "ethamp_c": 72.8247, "abt_c": 183.4805, "oxa_c": 122.005, "urate_c": 1661.7276, "his_L_c": 986.4439, "C08261_c": 139.029, "octa_c": 921.1854, "glyc_R_c": 750.9458, "trp_L_c": 2322.8247, "gua_c": 174.9685, "amp_c": 671.5006, "ins_c": 1591.7402, "gsn_c": 201.4502, "C01601_c": 5009.773, "5oxpro_c": 58793.1904, "ala_L_c": 31204.917999999998, "ttdca_c": 7287.2005, "hxan_c": 1948.2976, "glyc_c": 21746.2169, "uacgam_c": 40.6683, "ura_c": 467.2131, "C01507_c": 6073.7705, "2hb_c": 1168.0328, "asn_L_c": 488.966, "fru_c": 195.7755, "xan_c": 263.8714, "adpac_c": 438.8398, "cmp_c": 736.7591, "adn_c": 267.6545, "sbt_D_c": 268.6003, "udpglcur_c": 191.0467, "phe_L_c": 3181.5889, "ddca_c": 2850.5675, "yvite_c": 2100.5675, "thr_L_c": 3812.4212, "docosac_c": 765.1324, "pro_L_c": 5287.831, "ncam_c": 299.8108, "pyr_c": 579.7604, "ser_L_c": 7602.1438}