{"ile_L_c": 1833.3333, "fum_c": 211.6564, "val_L_c": 4027.6074, "retinal_cis_9_c": 5943.7628, "met_L_c": 274.0286, "ocdca_c": 179629.8569, "cys_L_c": 74.6421, "leu_L_c": 3066.4622, "hdcea_c": 2489.7751, "4mop_c": 886.5031, "gly_c": 2699.3865, "dca_c": 179.9591, "uri_c": 529.6524, "CE2510_c": 44.9898, "rib_D_c": 75.6646, "hdca_c": 32806.7485, "arachd_c": 566.4622, "asp_L_c": 1250.5112, "spmd_c": 52.1472, "glyclt_c": 205.5215, "lys_L_c": 860.9407, "glu_L_c": 1159.5092, "etha_c": 1178.9366, "crtn_c": 1750.5112, "ptdca_c": 1341.5133, "arach_c": 1567.4847, "man_c": 241.3088, "taur_c": 1102.2495, "cit_c": 393.6605, "CE5126_c": 1525.5624, "succ_c": 440.6953, "ocdcea_c": 3949.8978, "ala_B_c": 75.6646, "xylt_c": 141.1043, "citr_L_c": 151.3292, "urea_c": 11208.589, "hpdca_c": 2127.8119, "akg_c": 95.09200000000001, "tyr_L_c": 932.5153, "gln_L_c": 2837.4233, "bz_c": 2126.7894, "ethamp_c": 143.1493, "abt_c": 106.3395, "oxa_c": 109.40700000000001, "urate_c": 164.6217, "his_L_c": 170.7566, "C08261_c": 114.5194, "octa_c": 856.8507, "glyc_R_c": 126.7894, "trp_L_c": 528.6299, "gua_c": 100.2045, "amp_c": 185.0716, "ins_c": 529.6524, "gsn_c": 106.3395, "C01601_c": 2033.7423, "5oxpro_c": 5930.4703, "ala_L_c": 9526.5849, "ttdca_c": 8206.544, "hxan_c": 571.5746, "glyc_c": 6202.454000000001, "uacgam_c": 140.0818, "ura_c": 70.5521, "C01507_c": 1052.1472, "2hb_c": 467.2802, "asn_L_c": 263.8037, "fru_c": 216.7689, "xan_c": 84.8671, "adpac_c": 352.7607, "cmp_c": 157.4642, "adn_c": 147.2393, "sbt_D_c": 417.1779, "udpglcur_c": 156.4417, "phe_L_c": 581.7996, "ddca_c": 1763.8037, "yvite_c": 717.7914, "thr_L_c": 655.4192, "docosac_c": 445.8078, "pro_L_c": 1531.6973, "ncam_c": 154.3967, "pyr_c": 317.9959, "ser_L_c": 2546.0123}