{"ile_L_c": 7768.2927, "fum_c": 480.6911, "val_L_c": 16589.4309, "retinal_cis_9_c": 17222.561, "met_L_c": 1696.1382, "ocdca_c": 127099.5935, "cys_L_c": 183.9431, "leu_L_c": 17392.2764, "hdcea_c": 2455.2846, "4mop_c": 762.1951, "gly_c": 8654.4715, "dca_c": 666.6667, "uri_c": 516.2602, "CE2510_c": 69.1057, "rib_D_c": 383.1301, "hdca_c": 25402.439, "arachd_c": 16067.0732, "asp_L_c": 8583.3333, "spmd_c": 152.439, "glyclt_c": 114.8374, "lys_L_c": 6804.878000000001, "glu_L_c": 14278.4553, "etha_c": 1459.3496, "crtn_c": 4603.6585, "ptdca_c": 1345.5285, "arach_c": 1323.1707, "man_c": 597.561, "taur_c": 6086.3821, "cit_c": 789.6341, "CE5126_c": 3200.2033, "succ_c": 798.7805, "ocdcea_c": 4346.5447, "ala_B_c": 299.7967, "xylt_c": 185.9756, "citr_L_c": 332.3171, "urea_c": 29515.2439, "hpdca_c": 1567.0732, "akg_c": 105.6911, "tyr_L_c": 5162.6016, "gln_L_c": 8364.8374, "bz_c": 6454.2683, "ethamp_c": 253.0488, "abt_c": 241.8699, "oxa_c": 231.7073, "urate_c": 1685.9756, "his_L_c": 613.8211, "C08261_c": 128.0488, "octa_c": 1454.2683, "glyc_R_c": 1234.7561, "trp_L_c": 1961.3821, "gua_c": 134.1463, "amp_c": 321.1382, "ins_c": 2700.2033, "gsn_c": 272.3577, "C01601_c": 12770.3252, "5oxpro_c": 26668.6992, "ala_L_c": 47986.7886, "ttdca_c": 7326.2195, "hxan_c": 3143.2927, "glyc_c": 24200.2032, "uacgam_c": 24.3902, "ura_c": 741.8699, "C01507_c": 2455.2846, "2hb_c": 1554.878, "asn_L_c": 546.748, "fru_c": 277.439, "xan_c": 286.5854, "adpac_c": 1090.4472, "cmp_c": 423.7805, "adn_c": 889.2276, "sbt_D_c": 272.3577, "udpglcur_c": 165.6504, "phe_L_c": 3972.5609999999997, "ddca_c": 5246.9512, "yvite_c": 3203.252, "thr_L_c": 4429.878, "docosac_c": 818.0894, "pro_L_c": 11070.122, "ncam_c": 726.6260000000001, "pyr_c": 328.25199999999995, "ser_L_c": 9718.4959}