{"ile_L_c": 2826.7663, "fum_c": 288.3832, "val_L_c": 4650.8152, "retinal_cis_9_c": 35593.4103, "met_L_c": 275.1359, "ocdca_c": 191800.2717, "cys_L_c": 279.212, "leu_L_c": 3644.0217, "hdcea_c": 1658.9674, "4mop_c": 826.4266, "gly_c": 4238.1114, "dca_c": 151.8342, "uri_c": 381.1141, "CE2510_c": 106.9973, "rib_D_c": 108.0163, "hdca_c": 37515.2853, "arachd_c": 514.606, "asp_L_c": 2404.8913, "spmd_c": 110.0543, "glyclt_c": 338.3152, "lys_L_c": 1958.5598, "glu_L_c": 2063.519, "etha_c": 3515.625, "crtn_c": 4406.25, "ptdca_c": 1516.3043, "arach_c": 1618.2065, "man_c": 284.3071, "taur_c": 1415.4212, "cit_c": 841.712, "CE5126_c": 539.0625, "succ_c": 152.8533, "ocdcea_c": 9883.4918, "ala_B_c": 337.2962, "xylt_c": 156.9293, "citr_L_c": 200.7473, "urea_c": 30333.2201, "hpdca_c": 2536.3451, "akg_c": 116.1685, "tyr_L_c": 1892.3234, "gln_L_c": 9128.3967, "bz_c": 1676.2908, "ethamp_c": 315.8967, "abt_c": 220.1087, "oxa_c": 112.0924, "urate_c": 1220.788, "his_L_c": 263.9266, "C08261_c": 117.1875, "octa_c": 570.6522, "glyc_R_c": 237.4321, "trp_L_c": 1268.6821, "gua_c": 201.7663, "amp_c": 226.2228, "ins_c": 896.7391, "gsn_c": 122.2826, "C01601_c": 1589.6739, "5oxpro_c": 11171.5353, "ala_L_c": 21840.6929, "ttdca_c": 5805.3668, "hxan_c": 625.6793, "glyc_c": 8982.6766, "uacgam_c": 39.7418, "ura_c": 142.66299999999998, "C01507_c": 2619.9049, "2hb_c": 815.2174, "asn_L_c": 286.3451, "fru_c": 209.9185, "xan_c": 79.4837, "adpac_c": 767.3234, "cmp_c": 388.2473, "adn_c": 193.6141, "sbt_D_c": 149.7962, "udpglcur_c": 203.8043, "phe_L_c": 789.7418, "ddca_c": 938.5189999999999, "yvite_c": 2654.5516, "thr_L_c": 1654.8913, "docosac_c": 646.0598, "pro_L_c": 5556.7255, "ncam_c": 219.0897, "pyr_c": 271.0598, "ser_L_c": 3933.4239}