{"ile_L_c": 10176.3699, "fum_c": 695.5479, "val_L_c": 27247.6027, "retinal_cis_9_c": 26524.3151, "met_L_c": 1089.0411, "ocdca_c": 312318.4932, "cys_L_c": 1393.1507, "leu_L_c": 18922.6027, "hdcea_c": 8132.8767, "4mop_c": 1308.9041, "gly_c": 14842.8082, "dca_c": 165.41099999999997, "uri_c": 944.1781, "CE2510_c": 296.9178, "rib_D_c": 336.9863, "hdca_c": 69442.8082, "arachd_c": 999.6575, "asp_L_c": 5712.3288, "spmd_c": 141.7808, "glyclt_c": 407.8767, "lys_L_c": 8635.274, "glu_L_c": 9689.3836, "etha_c": 6452.0548, "crtn_c": 14208.9041, "ptdca_c": 6061.6438, "arach_c": 2763.6986, "man_c": 2703.0822, "taur_c": 10324.3151, "cit_c": 2874.6575, "CE5126_c": 8129.7945, "succ_c": 991.4384, "ocdcea_c": 27215.7534, "ala_B_c": 407.8767, "xylt_c": 287.6712, "citr_L_c": 353.4247, "urea_c": 142497.9452, "hpdca_c": 4904.7945, "akg_c": 203.4247, "tyr_L_c": 8185.274, "gln_L_c": 25801.0274, "bz_c": 2611.6438, "ethamp_c": 302.0548, "abt_c": 351.3699, "oxa_c": 685.2739999999999, "urate_c": 6825.0, "his_L_c": 1648.9726, "C08261_c": 275.3425, "octa_c": 1003.7671, "glyc_R_c": 525.0, "trp_L_c": 5562.3288, "gua_c": 303.0822, "amp_c": 1243.1507, "ins_c": 4400.3425, "gsn_c": 538.3562, "C01601_c": 2059.9315, "5oxpro_c": 46197.9452, "ala_L_c": 48697.6027, "ttdca_c": 20750.3425, "hxan_c": 3755.137, "glyc_c": 41335.274, "uacgam_c": 105.8219, "ura_c": 425.3425, "C01507_c": 10902.7397, "2hb_c": 5936.3014, "asn_L_c": 518.8356, "fru_c": 283.5616, "xan_c": 133.5616, "adpac_c": 710.9589, "cmp_c": 1167.1233, "adn_c": 484.9315, "sbt_D_c": 561.9863, "udpglcur_c": 324.6575, "phe_L_c": 4180.4795, "ddca_c": 2425.6849, "yvite_c": 3314.3836, "thr_L_c": 6493.1507, "docosac_c": 691.4384, "pro_L_c": 17134.9315, "ncam_c": 645.2055, "pyr_c": 861.9863, "ser_L_c": 10398.2877}