{"ile_L_c": 8545.7474, "fum_c": 716.1727, "val_L_c": 15669.7809, "retinal_cis_9_c": 7719.3943, "met_L_c": 1045.7474, "ocdca_c": 191234.5361, "cys_L_c": 158.5052, "leu_L_c": 12921.0696, "hdcea_c": 2528.3505, "4mop_c": 581.8299, "gly_c": 7285.4381, "dca_c": 189.433, "uri_c": 880.4768, "CE2510_c": 86.01799999999999, "rib_D_c": 607.9253, "hdca_c": 32812.5, "arachd_c": 8016.1082, "asp_L_c": 5581.5077, "spmd_c": 136.2758, "glyclt_c": 296.7139, "lys_L_c": 5192.9768, "glu_L_c": 10167.5258, "etha_c": 1929.1237, "crtn_c": 4488.4021, "ptdca_c": 1195.5541, "arach_c": 1707.7964, "man_c": 347.9381, "taur_c": 1919.4588, "cit_c": 914.3041, "CE5126_c": 619.5232, "succ_c": 1323.1314, "ocdcea_c": 3796.3918, "ala_B_c": 146.9072, "xylt_c": 119.8454, "citr_L_c": 286.0825, "urea_c": 28155.9278, "hpdca_c": 1959.0851, "akg_c": 108.2474, "tyr_L_c": 5268.3634, "gln_L_c": 6637.8866, "bz_c": 2414.3041, "ethamp_c": 122.7448, "abt_c": 313.1443, "oxa_c": 178.8015, "urate_c": 1166.5593, "his_L_c": 714.2397, "C08261_c": 138.2088, "octa_c": 729.7036, "glyc_R_c": 620.4897, "trp_L_c": 1794.7809, "gua_c": 95.68299999999999, "amp_c": 375.9665, "ins_c": 2144.6521, "gsn_c": 150.7732, "C01601_c": 3506.4433, "5oxpro_c": 31641.1083, "ala_L_c": 48346.9716, "ttdca_c": 7035.116, "hxan_c": 2229.7036, "glyc_c": 31956.1856, "uacgam_c": 72.4871, "ura_c": 1398.5179999999998, "C01507_c": 2425.9021, "2hb_c": 1403.3505, "asn_L_c": 395.2964, "fru_c": 147.8737, "xan_c": 278.3505, "adpac_c": 473.5825, "cmp_c": 419.4588, "adn_c": 130.4768, "sbt_D_c": 302.5129, "udpglcur_c": 208.7629, "phe_L_c": 4162.6933, "ddca_c": 1934.9227, "yvite_c": 1511.5979, "thr_L_c": 4816.0438, "docosac_c": 758.6985, "pro_L_c": 6936.5335, "ncam_c": 699.7423, "pyr_c": 270.6186, "ser_L_c": 11971.9716}