{"ile_L_c": 7342.8225, "fum_c": 447.0018, "val_L_c": 13825.2574, "retinal_cis_9_c": 151077.5288, "met_L_c": 517.868, "ocdca_c": 206804.6638, "cys_L_c": 351.6051, "leu_L_c": 11068.7462, "hdcea_c": 7735.3119, "4mop_c": 4528.1647, "gly_c": 5564.8092, "dca_c": 242.5803, "uri_c": 251.6657, "CE2510_c": 235.3119, "rib_D_c": 295.2756, "hdca_c": 43239.2489, "arachd_c": 687.765, "asp_L_c": 2721.0781, "spmd_c": 127.1956, "glyclt_c": 423.3798, "lys_L_c": 5365.8389, "glu_L_c": 10281.9503, "etha_c": 2968.2011, "crtn_c": 9854.9364, "ptdca_c": 3654.1490000000003, "arach_c": 2016.9594, "man_c": 2345.851, "taur_c": 6642.338000000001, "cit_c": 1386.4325, "CE5126_c": 5090.5512, "succ_c": 410.6602, "ocdcea_c": 13175.6511, "ala_B_c": 348.8795, "xylt_c": 213.507, "citr_L_c": 380.6784, "urea_c": 76615.3846, "hpdca_c": 2519.3822, "akg_c": 200.7874, "tyr_L_c": 4070.2604, "gln_L_c": 7016.6566, "bz_c": 2134.1611, "ethamp_c": 160.8116, "abt_c": 486.9776, "oxa_c": 222.5924, "urate_c": 2469.4125, "his_L_c": 1427.3168, "C08261_c": 29.0733, "octa_c": 759.5397, "glyc_R_c": 344.3368, "trp_L_c": 2064.2035, "gua_c": 163.5373, "amp_c": 648.6978, "ins_c": 1905.2089999999998, "gsn_c": 178.9824, "C01601_c": 2808.298, "5oxpro_c": 53412.1744, "ala_L_c": 29509.3882, "ttdca_c": 14684.7365, "hxan_c": 2185.0394, "glyc_c": 16192.0048, "uacgam_c": 101.7565, "ura_c": 386.1296, "C01507_c": 5754.6941, "2hb_c": 2020.5936, "asn_L_c": 357.9649, "fru_c": 409.7517, "xan_c": 130.8298, "adpac_c": 652.3319, "cmp_c": 264.3852, "adn_c": 325.2574, "sbt_D_c": 380.6784, "udpglcur_c": 590.5512, "phe_L_c": 2374.0157, "ddca_c": 3374.3186, "yvite_c": 3806.7838, "thr_L_c": 2667.4743, "docosac_c": 401.5748, "pro_L_c": 7790.7329, "ncam_c": 748.6372, "pyr_c": 292.55, "ser_L_c": 5486.6747}