{"ile_L_c": 1842.155, "fum_c": 478.2609, "val_L_c": 3421.5501, "retinal_cis_9_c": 13206.9943, "met_L_c": 194.707, "ocdca_c": 126663.5161, "cys_L_c": 130.4348, "leu_L_c": 1976.3705, "hdcea_c": 473.535, "4mop_c": 932.8922, "gly_c": 3632.3251, "dca_c": 135.1607, "uri_c": 347.8261, "CE2510_c": 34.0265, "rib_D_c": 97.3535, "hdca_c": 21355.3875, "arachd_c": 528.3554, "asp_L_c": 756.1437, "spmd_c": 113.4216, "glyclt_c": 207.9395, "lys_L_c": 930.0567, "glu_L_c": 1468.8091, "etha_c": 2754.2533, "crtn_c": 2396.0302, "ptdca_c": 1015.1229, "arach_c": 1295.8412, "man_c": 289.225, "taur_c": 1402.6465, "cit_c": 539.6975, "CE5126_c": 465.9735, "succ_c": 341.2098, "ocdcea_c": 1350.6616, "ala_B_c": 129.4896, "xylt_c": 157.845, "citr_L_c": 120.98299999999999, "urea_c": 17647.448, "hpdca_c": 1561.4367, "akg_c": 92.6276, "tyr_L_c": 1293.0057, "gln_L_c": 4031.1909, "bz_c": 1487.7127, "ethamp_c": 100.189, "abt_c": 143.6673, "oxa_c": 115.3119, "urate_c": 533.0813, "his_L_c": 201.3233, "C08261_c": 66.1626, "octa_c": 766.5406, "glyc_R_c": 233.4594, "trp_L_c": 660.6805, "gua_c": 123.8185, "amp_c": 168.24200000000002, "ins_c": 739.1304, "gsn_c": 164.4612, "C01601_c": 1415.879, "5oxpro_c": 6819.4707, "ala_L_c": 11209.8299, "ttdca_c": 3942.344, "hxan_c": 759.9244, "glyc_c": 7058.6011, "uacgam_c": 90.7372, "ura_c": 42.5331, "C01507_c": 609.6408, "2hb_c": 362.949, "asn_L_c": 245.7467, "fru_c": 217.3913, "xan_c": 74.6692, "adpac_c": 487.7127, "cmp_c": 195.6522, "adn_c": 208.8847, "sbt_D_c": 196.5974, "udpglcur_c": 123.8185, "phe_L_c": 967.8639, "ddca_c": 1103.0246, "yvite_c": 666.3516, "thr_L_c": 1417.7694, "docosac_c": 562.3819, "pro_L_c": 1449.9055, "ncam_c": 347.8261, "pyr_c": 244.8015, "ser_L_c": 3477.3157}