{"ile_L_c": 4118.2016, "fum_c": 485.1342, "val_L_c": 11607.3242, "retinal_cis_9_c": 8672.5888, "met_L_c": 575.4169999999999, "ocdca_c": 208712.1102, "cys_L_c": 196.8818, "leu_L_c": 8294.0537, "hdcea_c": 1421.6824, "4mop_c": 810.3698, "gly_c": 5819.4344, "dca_c": 288.2524, "uri_c": 1087.7447, "CE2510_c": 85.9318, "rib_D_c": 160.9862, "hdca_c": 34628.3539, "arachd_c": 667.8753, "asp_L_c": 1441.2618, "spmd_c": 106.59899999999999, "glyclt_c": 606.9616, "lys_L_c": 2685.6418, "glu_L_c": 4526.1059, "etha_c": 7267.2226, "crtn_c": 6791.8782, "ptdca_c": 1795.8666, "arach_c": 1964.467, "man_c": 127.2661, "taur_c": 3496.0116, "cit_c": 1003.9884, "CE5126_c": 589.5577, "succ_c": 476.4322, "ocdcea_c": 5993.4735, "ala_B_c": 156.6352, "xylt_c": 177.3024, "citr_L_c": 158.8107, "urea_c": 44458.3031, "hpdca_c": 2571.4286, "akg_c": 167.5127, "tyr_L_c": 3332.8499, "gln_L_c": 8046.0479, "bz_c": 1774.1117, "ethamp_c": 69.6157, "abt_c": 211.0225, "oxa_c": 69.6157, "urate_c": 1738.2161, "his_L_c": 633.0674, "C08261_c": 152.2843, "octa_c": 1121.4648, "glyc_R_c": 311.095, "trp_L_c": 1609.8622, "gua_c": 120.7397, "amp_c": 143.5823, "ins_c": 2170.0508, "gsn_c": 232.7774, "C01601_c": 4440.174, "5oxpro_c": 19157.3604, "ala_L_c": 33782.0885, "ttdca_c": 8368.0203, "hxan_c": 3532.9949, "glyc_c": 19754.5323, "uacgam_c": 132.7049, "ura_c": 251.269, "C01507_c": 4789.3401, "2hb_c": 1275.9246, "asn_L_c": 363.3067, "fru_c": 374.1842, "xan_c": 131.6171, "adpac_c": 757.0703, "cmp_c": 214.2857, "adn_c": 140.3191, "sbt_D_c": 3221.8999, "udpglcur_c": 317.6215, "phe_L_c": 2564.9021, "ddca_c": 2335.388, "yvite_c": 1111.6751, "thr_L_c": 2300.5801, "docosac_c": 479.6954, "pro_L_c": 8820.5221, "ncam_c": 674.4017, "pyr_c": 271.9362, "ser_L_c": 6187.0921}