{"ile_L_c": 10915.6863, "fum_c": 1163.7255, "val_L_c": 24926.4706, "retinal_cis_9_c": 15631.3726, "met_L_c": 2349.0196, "ocdca_c": 187444.1176, "cys_L_c": 803.9216, "leu_L_c": 30235.2941, "hdcea_c": 1833.3333, "4mop_c": 1132.3529, "gly_c": 7894.1176, "dca_c": 119.6078, "uri_c": 872.549, "CE2510_c": 70.5882, "rib_D_c": 576.4706, "hdca_c": 29443.1372, "arachd_c": 2126.4706, "asp_L_c": 4168.6275, "spmd_c": 204.90200000000002, "glyclt_c": 394.1176, "lys_L_c": 12207.8431, "glu_L_c": 5918.6275, "etha_c": 5881.3725, "crtn_c": 4855.8824, "ptdca_c": 1729.4118, "arach_c": 1488.2353, "man_c": 750.0, "taur_c": 4041.1765, "cit_c": 1192.1569, "CE5126_c": 5254.901999999999, "succ_c": 379.4118, "ocdcea_c": 4095.098, "ala_B_c": 252.9412, "xylt_c": 144.1176, "citr_L_c": 283.3333, "urea_c": 37052.9412, "hpdca_c": 1872.549, "akg_c": 158.8235, "tyr_L_c": 10180.3922, "gln_L_c": 9499.0196, "bz_c": 1767.6471, "ethamp_c": 150.0, "abt_c": 664.7059, "oxa_c": 161.7647, "urate_c": 3161.7647, "his_L_c": 2389.2157, "C08261_c": 340.1961, "octa_c": 758.8235, "glyc_R_c": 880.3922, "trp_L_c": 3483.3333, "gua_c": 177.451, "amp_c": 135.2941, "ins_c": 2499.0196, "gsn_c": 427.45099999999996, "C01601_c": 1456.8627, "5oxpro_c": 75681.3726, "ala_L_c": 35015.6863, "ttdca_c": 6663.7255, "hxan_c": 5517.6471, "glyc_c": 32935.2941, "uacgam_c": 78.4314, "ura_c": 683.3333, "C01507_c": 4572.549, "2hb_c": 3453.9216, "asn_L_c": 600.9804, "fru_c": 292.1569, "xan_c": 212.7451, "adpac_c": 519.6078, "cmp_c": 927.451, "adn_c": 280.3922, "sbt_D_c": 27188.2353, "udpglcur_c": 130.3922, "phe_L_c": 6740.1961, "ddca_c": 1270.5882, "yvite_c": 1952.9412, "thr_L_c": 5309.8039, "docosac_c": 717.6471, "pro_L_c": 11132.3529, "ncam_c": 433.3333, "pyr_c": 404.902, "ser_L_c": 12021.5686}