{"ile_L_c": 15906.9059, "fum_c": 1133.3785, "val_L_c": 23442.4509, "retinal_cis_9_c": 18048.7475, "met_L_c": 2490.1828, "ocdca_c": 203434.3263, "cys_L_c": 449.8984, "leu_L_c": 28994.5836, "hdcea_c": 3594.1097, "4mop_c": 1014.5565, "gly_c": 12030.4672, "dca_c": 288.4225, "uri_c": 1411.6452, "CE2510_c": 108.6662, "rib_D_c": 829.7224, "hdca_c": 35226.1341, "arachd_c": 7050.1016, "asp_L_c": 9294.5159, "spmd_c": 117.8064, "glyclt_c": 313.8118, "lys_L_c": 12830.738000000001, "glu_L_c": 9029.4516, "etha_c": 14427.2173, "crtn_c": 4037.9147, "ptdca_c": 1529.4516, "arach_c": 1697.021, "man_c": 222.4103, "taur_c": 2518.6188, "cit_c": 495.5992, "CE5126_c": 665.1997, "succ_c": 797.2241, "ocdcea_c": 5798.9167, "ala_B_c": 174.6784, "xylt_c": 241.7062, "citr_L_c": 356.4658, "urea_c": 9069.0589, "hpdca_c": 2145.9039, "akg_c": 108.6662, "tyr_L_c": 11295.193000000001, "gln_L_c": 4107.9892, "bz_c": 2730.8734, "ethamp_c": 143.1957, "abt_c": 255.9242, "oxa_c": 136.0867, "urate_c": 544.3466, "his_L_c": 2319.5667, "C08261_c": 110.6974, "octa_c": 1423.8321, "glyc_R_c": 1459.3771, "trp_L_c": 3387.9485, "gua_c": 192.9587, "amp_c": 199.0521, "ins_c": 4901.151, "gsn_c": 477.3189, "C01601_c": 5923.8321, "5oxpro_c": 76916.3846, "ala_L_c": 67129.3162, "ttdca_c": 10277.5897, "hxan_c": 6156.3981, "glyc_c": 29451.5911, "uacgam_c": 83.2769, "ura_c": 1314.1503, "C01507_c": 22795.5315, "2hb_c": 865.2674, "asn_L_c": 573.7982, "fru_c": 366.6215, "xan_c": 687.5423, "adpac_c": 851.0494, "cmp_c": 469.1943, "adn_c": 451.9296, "sbt_D_c": 299.5938, "udpglcur_c": 211.239, "phe_L_c": 9416.3846, "ddca_c": 2714.6242, "yvite_c": 2793.8389, "thr_L_c": 9519.9729, "docosac_c": 534.1909, "pro_L_c": 15282.3291, "ncam_c": 872.3764, "pyr_c": 356.4658, "ser_L_c": 23817.197}