{"ile_L_c": 5404.7912, "fum_c": 477.2727, "val_L_c": 9609.9509, "retinal_cis_9_c": 7882.371, "met_L_c": 614.5577, "ocdca_c": 227296.9902, "cys_L_c": 492.0147, "leu_L_c": 8750.3071, "hdcea_c": 3122.5429999999997, "4mop_c": 1192.2604, "gly_c": 5429.6683, "dca_c": 186.1179, "uri_c": 416.4619, "CE2510_c": 93.9803, "rib_D_c": 128.9926, "hdca_c": 44419.5332, "arachd_c": 1078.9312, "asp_L_c": 2512.5921, "spmd_c": 108.7224, "glyclt_c": 238.6364, "lys_L_c": 2639.742, "glu_L_c": 3076.4742, "etha_c": 3864.2506, "crtn_c": 2138.5135, "ptdca_c": 1843.6732, "arach_c": 1618.8575, "man_c": 417.3833, "taur_c": 4483.4152, "cit_c": 1543.3047, "CE5126_c": 3878.9926, "succ_c": 516.8919, "ocdcea_c": 13620.7002, "ala_B_c": 108.7224, "xylt_c": 206.3882, "citr_L_c": 240.4791, "urea_c": 23406.6339, "hpdca_c": 2835.9951, "akg_c": 54.3612, "tyr_L_c": 2486.7936, "gln_L_c": 5215.9091, "bz_c": 1825.2457, "ethamp_c": 130.8354, "abt_c": 215.602, "oxa_c": 125.3071, "urate_c": 1249.3857, "his_L_c": 544.5332, "C08261_c": 111.4865, "octa_c": 591.5233, "glyc_R_c": 360.25800000000004, "trp_L_c": 989.5577, "gua_c": 123.4644, "amp_c": 199.0172, "ins_c": 1195.0246, "gsn_c": 168.6118, "C01601_c": 1398.6486, "5oxpro_c": 13674.14, "ala_L_c": 22194.1032, "ttdca_c": 9706.6953, "hxan_c": 1500.0, "glyc_c": 10690.7248, "uacgam_c": 81.0811, "ura_c": 281.941, "C01507_c": 2199.3243, "2hb_c": 2110.8722, "asn_L_c": 184.2752, "fru_c": 279.1769, "xan_c": 180.5897, "adpac_c": 502.1499, "cmp_c": 219.2875, "adn_c": 150.1843, "sbt_D_c": 4260.4423, "udpglcur_c": 200.86, "phe_L_c": 2163.3907, "ddca_c": 1629.914, "yvite_c": 956.3882, "thr_L_c": 2353.1941, "docosac_c": 761.0565, "pro_L_c": 4705.4668, "ncam_c": 227.5799, "pyr_c": 329.8526, "ser_L_c": 4408.7838}