{"ile_L_c": 2517.2414, "fum_c": 222.2222, "val_L_c": 6598.659000000001, "retinal_cis_9_c": 4895.5939, "met_L_c": 361.1111, "ocdca_c": 78828.5441, "cys_L_c": 117.8161, "leu_L_c": 5130.2682, "hdcea_c": 919.5402, "4mop_c": 636.0153, "gly_c": 4070.8812, "dca_c": 120.6897, "uri_c": 646.5517, "CE2510_c": 150.3831, "rib_D_c": 187.7395, "hdca_c": 13451.1494, "arachd_c": 506.705, "asp_L_c": 2534.4828, "spmd_c": 113.9847, "glyclt_c": 271.0728, "lys_L_c": 2553.6398, "glu_L_c": 1780.6513, "etha_c": 897.5096, "crtn_c": 5492.3372, "ptdca_c": 849.6169, "arach_c": 812.2605, "man_c": 340.9962, "taur_c": 1005.7471, "cit_c": 714.5594, "CE5126_c": 1042.1456, "succ_c": 144.636, "ocdcea_c": 1098.6589999999999, "ala_B_c": 219.3487, "xylt_c": 137.931, "citr_L_c": 347.7011, "urea_c": 21702.1073, "hpdca_c": 1064.1762, "akg_c": 90.0383, "tyr_L_c": 2119.7318, "gln_L_c": 4731.8008, "bz_c": 2470.3065, "ethamp_c": 145.5939, "abt_c": 274.9042, "oxa_c": 117.8161, "urate_c": 1070.8812, "his_L_c": 351.5326, "C08261_c": 108.2375, "octa_c": 449.2337, "glyc_R_c": 255.7471, "trp_L_c": 656.1303, "gua_c": 105.36399999999999, "amp_c": 148.4674, "ins_c": 1527.7778, "gsn_c": 199.2337, "C01601_c": 2351.5326, "5oxpro_c": 16988.5058, "ala_L_c": 25903.2567, "ttdca_c": 4770.1149, "hxan_c": 1039.272, "glyc_c": 17897.5096, "uacgam_c": 133.1418, "ura_c": 275.8621, "C01507_c": 2788.3142, "2hb_c": 1147.5096, "asn_L_c": 268.1992, "fru_c": 383.1418, "xan_c": 218.3908, "adpac_c": 529.6935, "cmp_c": 246.1686, "adn_c": 156.1303, "sbt_D_c": 126.4368, "udpglcur_c": 140.8046, "phe_L_c": 1311.3027, "ddca_c": 2334.2912, "yvite_c": 1018.1992, "thr_L_c": 1741.3793, "docosac_c": 470.3065, "pro_L_c": 3191.5709, "ncam_c": 407.0881, "pyr_c": 273.9464, "ser_L_c": 5258.6207}