{"ile_L_c": 3602.8513, "fum_c": 418.5336, "val_L_c": 7717.9226, "retinal_cis_9_c": 27633.4012, "met_L_c": 404.277, "ocdca_c": 242202.6477, "cys_L_c": 326.8839, "leu_L_c": 6263.7475, "hdcea_c": 4035.6415, "4mop_c": 1010.1833, "gly_c": 6418.5336, "dca_c": 124.2363, "uri_c": 498.9817, "CE2510_c": 163.9511, "rib_D_c": 237.2709, "hdca_c": 39178.2077, "arachd_c": 571.2831, "asp_L_c": 2017.3116, "spmd_c": 100.8147, "glyclt_c": 454.1752, "lys_L_c": 1971.4868, "glu_L_c": 3635.4379, "etha_c": 768.8391, "crtn_c": 10264.7658, "ptdca_c": 1849.2872, "arach_c": 2315.6823, "man_c": 608.9613, "taur_c": 6735.2342, "cit_c": 1179.2261, "CE5126_c": 1641.5479, "succ_c": 646.6395, "ocdcea_c": 9937.8819, "ala_B_c": 102.8513, "xylt_c": 350.3055, "citr_L_c": 238.2892, "urea_c": 14412.4236, "hpdca_c": 2907.3320000000003, "akg_c": 93.6864, "tyr_L_c": 2241.3442, "gln_L_c": 12098.778, "bz_c": 1589.6129999999998, "ethamp_c": 144.6029, "abt_c": 162.9328, "oxa_c": 64.1548, "urate_c": 900.2037, "his_L_c": 301.4257, "C08261_c": 77.3931, "octa_c": 610.998, "glyc_R_c": 372.7088, "trp_L_c": 961.3035, "gua_c": 185.33599999999998, "amp_c": 847.2505, "ins_c": 1253.5642, "gsn_c": 212.831, "C01601_c": 1793.279, "5oxpro_c": 18533.6049, "ala_L_c": 24543.7882, "ttdca_c": 8441.9552, "hxan_c": 1731.1609, "glyc_c": 18094.7047, "uacgam_c": 47.8615, "ura_c": 209.77599999999998, "C01507_c": 8526.4766, "2hb_c": 1063.1365, "asn_L_c": 269.8574, "fru_c": 239.3075, "xan_c": 131.3646, "adpac_c": 412.4236, "cmp_c": 507.1283, "adn_c": 219.9593, "sbt_D_c": 292.2607, "udpglcur_c": 405.2953, "phe_L_c": 1458.2485, "ddca_c": 1063.1365, "yvite_c": 4265.7841, "thr_L_c": 1531.5682, "docosac_c": 577.3931, "pro_L_c": 3358.4521, "ncam_c": 475.5601, "pyr_c": 330.9572, "ser_L_c": 4054.9898}