{"ile_L_c": 7764.34, "fum_c": 584.6579, "val_L_c": 18895.6462, "retinal_cis_9_c": 53329.302, "met_L_c": 651.0021, "ocdca_c": 201612.6469, "cys_L_c": 729.7858, "leu_L_c": 13371.4582, "hdcea_c": 1509.3296, "4mop_c": 928.8182, "gly_c": 7439.8756, "dca_c": 185.5563, "uri_c": 442.6399, "CE2510_c": 112.9924, "rib_D_c": 350.3801, "hdca_c": 37598.4796, "arachd_c": 703.8701, "asp_L_c": 2862.1285, "spmd_c": 313.0615, "glyclt_c": 381.4789, "lys_L_c": 6670.698, "glu_L_c": 5226.6759, "etha_c": 7066.6897, "crtn_c": 5170.698, "ptdca_c": 3086.0401, "arach_c": 1642.0179999999998, "man_c": 1842.0871, "taur_c": 4037.6641, "cit_c": 1660.6773, "CE5126_c": 2143.7457, "succ_c": 675.8811, "ocdcea_c": 6634.416, "ala_B_c": 154.4575, "xylt_c": 184.5197, "citr_L_c": 372.1493, "urea_c": 38024.5335, "hpdca_c": 2715.9641, "akg_c": 91.2232, "tyr_L_c": 5254.6648, "gln_L_c": 6437.4568, "bz_c": 2225.6393, "ethamp_c": 143.0546, "abt_c": 268.4865, "oxa_c": 212.5086, "urate_c": 2960.6082, "his_L_c": 1439.8756, "C08261_c": 131.6517, "octa_c": 709.0532, "glyc_R_c": 512.094, "trp_L_c": 3301.6586, "gua_c": 130.6151, "amp_c": 1034.5542, "ins_c": 1972.7021, "gsn_c": 175.19, "C01601_c": 3279.8894, "5oxpro_c": 50506.5653, "ala_L_c": 41778.1617, "ttdca_c": 10058.3967, "hxan_c": 2297.1666, "glyc_c": 33534.8998, "uacgam_c": 158.60399999999998, "ura_c": 404.2847, "C01507_c": 10617.1389, "2hb_c": 2091.9143, "asn_L_c": 434.3469, "fru_c": 411.5411, "xan_c": 170.0069, "adpac_c": 530.7533, "cmp_c": 500.6911, "adn_c": 267.4499, "sbt_D_c": 12242.5708, "udpglcur_c": 297.5121, "phe_L_c": 2997.9267, "ddca_c": 1838.9772, "yvite_c": 1327.9198, "thr_L_c": 3840.7049, "docosac_c": 694.5404, "pro_L_c": 11101.243999999999, "ncam_c": 641.6724, "pyr_c": 260.1935, "ser_L_c": 6439.5301}