{"ile_L_c": 3114.1414, "fum_c": 301.0101, "val_L_c": 6476.7677, "retinal_cis_9_c": 2749.4949, "met_L_c": 315.1515, "ocdca_c": 141872.7273, "cys_L_c": 181.8182, "leu_L_c": 5093.9394, "hdcea_c": 1478.7879, "4mop_c": 1021.2121, "gly_c": 3498.9899, "dca_c": 245.4545, "uri_c": 261.6162, "CE2510_c": 52.5253, "rib_D_c": 154.5455, "hdca_c": 24341.4141, "arachd_c": 368.6869, "asp_L_c": 1383.8384, "spmd_c": 129.2929, "glyclt_c": 129.2929, "lys_L_c": 1834.3434, "glu_L_c": 1419.1919, "etha_c": 2644.4444, "crtn_c": 916.1616, "ptdca_c": 1619.1919, "arach_c": 1342.4242, "man_c": 758.5859, "taur_c": 759.596, "cit_c": 628.2828, "CE5126_c": 1156.5657, "succ_c": 157.5758, "ocdcea_c": 526.2626, "ala_B_c": 156.5657, "xylt_c": 146.4646, "citr_L_c": 245.4545, "urea_c": 25149.495, "hpdca_c": 1745.4545, "akg_c": 102.0202, "tyr_L_c": 2292.9293, "gln_L_c": 1924.2424, "bz_c": 2129.2929, "ethamp_c": 72.7273, "abt_c": 208.0808, "oxa_c": 166.6667, "urate_c": 772.7273, "his_L_c": 330.30300000000005, "C08261_c": 105.0505, "octa_c": 835.3535, "glyc_R_c": 277.7778, "trp_L_c": 917.1717, "gua_c": 82.8283, "amp_c": 145.4545, "ins_c": 278.7879, "gsn_c": 150.5051, "C01601_c": 4954.5455, "5oxpro_c": 19912.1212, "ala_L_c": 13243.4343, "ttdca_c": 4535.3535, "hxan_c": 497.9798, "glyc_c": 4851.5152, "uacgam_c": 129.2929, "ura_c": 138.3838, "C01507_c": 779.798, "2hb_c": 1385.8586, "asn_L_c": 218.1818, "fru_c": 286.8687, "xan_c": 184.8485, "adpac_c": 482.8283, "cmp_c": 125.2525, "adn_c": 170.7071, "sbt_D_c": 287.8788, "udpglcur_c": 90.9091, "phe_L_c": 1542.4242, "ddca_c": 1709.0909, "yvite_c": 240.40400000000002, "thr_L_c": 1553.5354, "docosac_c": 631.3131, "pro_L_c": 3661.6162, "ncam_c": 155.5556, "pyr_c": 430.30300000000005, "ser_L_c": 5351.5152}