{"ile_L_c": 4556.6239, "fum_c": 318.3761, "val_L_c": 7862.1795, "retinal_cis_9_c": 11816.2393, "met_L_c": 252.1368, "ocdca_c": 150848.2906, "cys_L_c": 460.4701, "leu_L_c": 5194.4444, "hdcea_c": 948.7179, "4mop_c": 1368.5897, "gly_c": 5054.4872, "dca_c": 176.2821, "uri_c": 512.8205, "CE2510_c": 94.0171, "rib_D_c": 200.8547, "hdca_c": 31027.7778, "arachd_c": 714.7436, "asp_L_c": 2686.9658, "spmd_c": 151.7094, "glyclt_c": 1170.9402, "lys_L_c": 2071.5812, "glu_L_c": 3070.5128, "etha_c": 4165.5983, "crtn_c": 2342.9487, "ptdca_c": 1512.8205, "arach_c": 1070.5128, "man_c": 529.9145, "taur_c": 3263.8889, "cit_c": 1037.3932, "CE5126_c": 1134.6154, "succ_c": 423.0769, "ocdcea_c": 4339.7436, "ala_B_c": 285.2564, "xylt_c": 184.8291, "citr_L_c": 236.1111, "urea_c": 29928.4188, "hpdca_c": 2067.3077, "akg_c": 85.4701, "tyr_L_c": 2168.8034, "gln_L_c": 6445.5128, "bz_c": 1912.3932, "ethamp_c": 131.4103, "abt_c": 208.3333, "oxa_c": 84.4017, "urate_c": 973.2906, "his_L_c": 476.4957, "C08261_c": 63.0342, "octa_c": 697.6496, "glyc_R_c": 381.4103, "trp_L_c": 877.1368, "gua_c": 136.7521, "amp_c": 508.54699999999997, "ins_c": 1006.4103, "gsn_c": 134.6154, "C01601_c": 1755.3419, "5oxpro_c": 17798.0769, "ala_L_c": 16557.6923, "ttdca_c": 5683.7607, "hxan_c": 760.6838, "glyc_c": 12361.1111, "uacgam_c": 144.2308, "ura_c": 188.0342, "C01507_c": 4105.7692, "2hb_c": 2458.3333, "asn_L_c": 340.81199999999995, "fru_c": 510.6838, "xan_c": 158.1197, "adpac_c": 757.4786, "cmp_c": 264.9573, "adn_c": 117.5214, "sbt_D_c": 621.7949, "udpglcur_c": 167.735, "phe_L_c": 1122.8632, "ddca_c": 1053.4188, "yvite_c": 2760.6838, "thr_L_c": 2258.547, "docosac_c": 699.7863, "pro_L_c": 3670.9402, "ncam_c": 315.1709, "pyr_c": 267.094, "ser_L_c": 6783.1197}