{"ile_L_c": 6465.7407, "fum_c": 589.8148, "val_L_c": 13511.1111, "retinal_cis_9_c": 13792.5926, "met_L_c": 1159.2593, "ocdca_c": 170034.2593, "cys_L_c": 394.4444, "leu_L_c": 14522.2222, "hdcea_c": 1448.1481, "4mop_c": 782.4074, "gly_c": 4500.9259, "dca_c": 222.2222, "uri_c": 326.8519, "CE2510_c": 58.3333, "rib_D_c": 51.8519, "hdca_c": 27570.3704, "arachd_c": 1704.6296, "asp_L_c": 3523.1481, "spmd_c": 165.7407, "glyclt_c": 313.8889, "lys_L_c": 9649.0741, "glu_L_c": 6218.5185, "etha_c": 1245.3704, "crtn_c": 1276.8519, "ptdca_c": 1396.2963, "arach_c": 1581.4815, "man_c": 199.0741, "taur_c": 627.7778, "cit_c": 837.0369999999999, "CE5126_c": 362.037, "succ_c": 415.7407, "ocdcea_c": 2314.8148, "ala_B_c": 129.6296, "xylt_c": 150.9259, "citr_L_c": 377.7778, "urea_c": 10006.4815, "hpdca_c": 1956.4815, "akg_c": 71.2963, "tyr_L_c": 4820.3704, "gln_L_c": 3373.1481, "bz_c": 1910.1852, "ethamp_c": 136.1111, "abt_c": 124.0741, "oxa_c": 162.963, "urate_c": 482.4074, "his_L_c": 1651.8519, "C08261_c": 120.3704, "octa_c": 704.6296, "glyc_R_c": 603.7037, "trp_L_c": 2070.3704, "gua_c": 159.2593, "amp_c": 66.6667, "ins_c": 540.7407, "gsn_c": 181.4815, "C01601_c": 1890.7407, "5oxpro_c": 19834.2593, "ala_L_c": 30782.4074, "ttdca_c": 7031.4815, "hxan_c": 2274.0741, "glyc_c": 6620.3704, "uacgam_c": 85.1852, "ura_c": 410.1852, "C01507_c": 356.4815, "2hb_c": 1096.2963, "asn_L_c": 476.8519, "fru_c": 262.03700000000003, "xan_c": 212.963, "adpac_c": 598.1481, "cmp_c": 211.1111, "adn_c": 197.2222, "sbt_D_c": 226.8519, "udpglcur_c": 69.4444, "phe_L_c": 4009.2593, "ddca_c": 2953.7037, "yvite_c": 2413.8889, "thr_L_c": 3770.3704, "docosac_c": 447.2222, "pro_L_c": 7349.0741, "ncam_c": 200.0, "pyr_c": 256.4815, "ser_L_c": 8517.5926}