{"ile_L_c": 2817.3365, "fum_c": 499.4001, "val_L_c": 5942.4115, "retinal_cis_9_c": 2526.6947, "met_L_c": 124.1752, "ocdca_c": 115523.3953, "cys_L_c": 1143.6713, "leu_L_c": 4338.9322, "hdcea_c": 548.8902, "4mop_c": 978.1044, "gly_c": 8254.0492, "dca_c": 312.2376, "uri_c": 1068.0864, "CE2510_c": 82.7834, "rib_D_c": 352.7295, "hdca_c": 22561.1878, "arachd_c": 489.5021, "asp_L_c": 1777.1446, "spmd_c": 98.0804, "glyclt_c": 480.5039, "lys_L_c": 2854.2292, "glu_L_c": 937.6125, "etha_c": 4656.5687, "crtn_c": 3567.7864, "ptdca_c": 959.2082, "arach_c": 686.5627, "man_c": 298.7403, "taur_c": 584.883, "cit_c": 2380.9238, "CE5126_c": 372.5255, "succ_c": 655.9688, "ocdcea_c": 753.1494, "ala_B_c": 80.9838, "xylt_c": 169.1662, "citr_L_c": 139.4721, "urea_c": 11361.1278, "hpdca_c": 1215.6569, "akg_c": 102.5795, "tyr_L_c": 2829.0342, "gln_L_c": 2177.5645, "bz_c": 3177.2645, "ethamp_c": 179.0642, "abt_c": 316.7367, "oxa_c": 906.1188, "urate_c": 756.7487, "his_L_c": 386.0228, "C08261_c": 95.3809, "octa_c": 1271.4457, "glyc_R_c": 440.01199999999994, "trp_L_c": 274.4451, "gua_c": 105.2789, "amp_c": 470.6059, "ins_c": 2227.9544, "gsn_c": 105.2789, "C01601_c": 10422.6155, "5oxpro_c": 55175.165, "ala_L_c": 24354.5291, "ttdca_c": 4994.0012, "hxan_c": 1508.9982, "glyc_c": 20434.0132, "uacgam_c": 22.4955, "ura_c": 372.5255, "C01507_c": 10129.2741, "2hb_c": 1367.7265, "asn_L_c": 229.4541, "fru_c": 153.8692, "xan_c": 95.3809, "adpac_c": 762.1476, "cmp_c": 80.9838, "adn_c": 160.168, "sbt_D_c": 332.9334, "udpglcur_c": 215.05700000000002, "phe_L_c": 2121.7756, "ddca_c": 2258.5483, "yvite_c": 644.2711, "thr_L_c": 2499.7001, "docosac_c": 326.6347, "pro_L_c": 1367.7265, "ncam_c": 296.9406, "pyr_c": 327.5345, "ser_L_c": 6726.1548}