{"ile_L_c": 3122.408, "fum_c": 329.097, "val_L_c": 7100.6689, "retinal_cis_9_c": 22211.0368, "met_L_c": 427.4247, "ocdca_c": 151458.8629, "cys_L_c": 266.8896, "leu_L_c": 6680.2676, "hdcea_c": 988.2943, "4mop_c": 705.3512, "gly_c": 3567.893, "dca_c": 70.2341, "uri_c": 263.8796, "CE2510_c": 44.1472, "rib_D_c": 260.8696, "hdca_c": 28459.8662, "arachd_c": 2125.0836, "asp_L_c": 2742.1405, "spmd_c": 107.3579, "glyclt_c": 349.1639, "lys_L_c": 3266.8896, "glu_L_c": 2039.7993, "etha_c": 4883.2776, "crtn_c": 1862.2074, "ptdca_c": 1206.0201, "arach_c": 1307.3579, "man_c": 474.5819, "taur_c": 1354.515, "cit_c": 756.5217, "CE5126_c": 493.6455, "succ_c": 507.6923, "ocdcea_c": 5600.6689, "ala_B_c": 181.6054, "xylt_c": 177.592, "citr_L_c": 225.7525, "urea_c": 8482.2742, "hpdca_c": 2063.8796, "akg_c": 103.3445, "tyr_L_c": 2914.7157, "gln_L_c": 4873.2441, "bz_c": 1737.7926, "ethamp_c": 122.40799999999999, "abt_c": 126.4214, "oxa_c": 65.2174, "urate_c": 1503.01, "his_L_c": 627.0903, "C08261_c": 81.2709, "octa_c": 664.2139999999999, "glyc_R_c": 667.2241, "trp_L_c": 918.0602, "gua_c": 119.398, "amp_c": 80.2676, "ins_c": 1190.9699, "gsn_c": 16.0535, "C01601_c": 1490.9699, "5oxpro_c": 10575.2508, "ala_L_c": 18691.3043, "ttdca_c": 4259.1973, "hxan_c": 1381.6054, "glyc_c": 13863.2107, "uacgam_c": 116.38799999999999, "ura_c": 225.7525, "C01507_c": 1443.8127, "2hb_c": 965.2174, "asn_L_c": 310.0334, "fru_c": 236.7893, "xan_c": 174.5819, "adpac_c": 881.9398, "cmp_c": 366.2207, "adn_c": 180.602, "sbt_D_c": 287.9599, "udpglcur_c": 201.6722, "phe_L_c": 1708.6957, "ddca_c": 888.9632, "yvite_c": 3793.6455, "thr_L_c": 2180.2676, "docosac_c": 762.5418, "pro_L_c": 3863.8796, "ncam_c": 281.9398, "pyr_c": 318.0602, "ser_L_c": 6249.8328}