{"ile_L_c": 2737.3502, "fum_c": 559.2543, "val_L_c": 6988.6818, "retinal_cis_9_c": 76804.5939, "met_L_c": 559.2543, "ocdca_c": 171413.4487, "cys_L_c": 286.6178, "leu_L_c": 4382.1571, "hdcea_c": 1761.6511, "4mop_c": 737.0173, "gly_c": 4468.0426, "dca_c": 199.7337, "uri_c": 362.5166, "CE2510_c": 109.8535, "rib_D_c": 199.7337, "hdca_c": 31728.6951, "arachd_c": 897.8029, "asp_L_c": 2939.0812, "spmd_c": 167.7763, "glyclt_c": 249.6671, "lys_L_c": 3728.0293, "glu_L_c": 3884.8202, "etha_c": 5638.482, "crtn_c": 1377.1638, "ptdca_c": 1750.6658, "arach_c": 1503.9947, "man_c": 645.1398, "taur_c": 1162.4501, "cit_c": 2179.0945, "CE5126_c": 238.6818, "succ_c": 324.5672, "ocdcea_c": 5995.0067, "ala_B_c": 80.8921, "xylt_c": 139.8136, "citr_L_c": 240.6791, "urea_c": 24790.9454, "hpdca_c": 2302.9294, "akg_c": 109.8535, "tyr_L_c": 2535.6192, "gln_L_c": 2568.5752, "bz_c": 2242.0107, "ethamp_c": 81.8908, "abt_c": 190.7457, "oxa_c": 140.8123, "urate_c": 1165.4461, "his_L_c": 545.273, "C08261_c": 210.71900000000002, "octa_c": 1116.5113, "glyc_R_c": 339.5473, "trp_L_c": 1075.5659, "gua_c": 125.8322, "amp_c": 353.5286, "ins_c": 773.9680000000001, "gsn_c": 175.7656, "C01601_c": 7587.8828, "5oxpro_c": 27635.1531, "ala_L_c": 24074.9001, "ttdca_c": 7469.0413, "hxan_c": 1090.5459, "glyc_c": 23511.6511, "uacgam_c": 41.9441, "ura_c": 218.7084, "C01507_c": 3170.7723, "2hb_c": 809.9201, "asn_L_c": 464.3808, "fru_c": 179.7603, "xan_c": 108.8549, "adpac_c": 730.0266, "cmp_c": 234.6871, "adn_c": 97.8695, "sbt_D_c": 3098.8682, "udpglcur_c": 193.7417, "phe_L_c": 1516.9774, "ddca_c": 1712.7164, "yvite_c": 1764.6471, "thr_L_c": 2296.9374, "docosac_c": 389.4807, "pro_L_c": 4904.4607, "ncam_c": 192.743, "pyr_c": 282.6232, "ser_L_c": 5109.1878}