{"ile_L_c": 27128.0488, "fum_c": 2182.4578, "val_L_c": 49590.0563, "retinal_cis_9_c": 34604.1276, "met_L_c": 5126.1726, "ocdca_c": 247791.2758, "cys_L_c": 704.9719, "leu_L_c": 56560.9756, "hdcea_c": 2852.2514, "4mop_c": 1799.7186, "gly_c": 30855.5347, "dca_c": 427.7674, "uri_c": 2850.8443, "CE2510_c": 140.7129, "rib_D_c": 875.2345, "hdca_c": 44988.742999999995, "arachd_c": 2235.9287, "asp_L_c": 19106.0037, "spmd_c": 1756.0976, "glyclt_c": 486.8668, "lys_L_c": 24983.5835, "glu_L_c": 32157.1295, "etha_c": 24887.8987, "crtn_c": 11427.2983, "ptdca_c": 1037.0544, "arach_c": 2487.8049, "man_c": 2230.3002, "taur_c": 8976.0788, "cit_c": 7830.6754, "CE5126_c": 28756.0976, "succ_c": 2325.985, "ocdcea_c": 3406.6604, "ala_B_c": 509.3809, "xylt_c": 724.6717, "citr_L_c": 548.7805, "urea_c": 68217.636, "hpdca_c": 2643.9962, "akg_c": 222.3265, "tyr_L_c": 25777.2045, "gln_L_c": 16184.803, "bz_c": 4056.7542, "ethamp_c": 1630.8629999999998, "abt_c": 529.0807, "oxa_c": 540.3377, "urate_c": 3163.2270000000003, "his_L_c": 3941.3696, "C08261_c": 270.1689, "octa_c": 1540.8068, "glyc_R_c": 1097.5610000000001, "trp_L_c": 10613.9775, "gua_c": 330.6754, "amp_c": 550.1876, "ins_c": 15996.2476, "gsn_c": 1739.2120000000002, "C01601_c": 8590.5253, "5oxpro_c": 167262.6642, "ala_L_c": 103719.5122, "ttdca_c": 13065.197, "hxan_c": 12682.4578, "glyc_c": 50172.6079, "uacgam_c": 198.4053, "ura_c": 2389.3058, "C01507_c": 19034.2402, "2hb_c": 10532.364, "asn_L_c": 1277.6735, "fru_c": 361.6323, "xan_c": 946.9981, "adpac_c": 976.5478, "cmp_c": 818.9493, "adn_c": 561.4447, "sbt_D_c": 502.3452, "udpglcur_c": 209.6623, "phe_L_c": 21997.6548, "ddca_c": 4058.1614, "yvite_c": 5217.6359999999995, "thr_L_c": 14997.1857, "docosac_c": 876.6417, "pro_L_c": 28803.94, "ncam_c": 4111.6323, "pyr_c": 734.5216, "ser_L_c": 35856.4728}