{"ile_L_c": 9342.9781, "fum_c": 748.4121, "val_L_c": 19957.3042, "retinal_cis_9_c": 19455.5399, "met_L_c": 1857.7982, "ocdca_c": 216128.0875, "cys_L_c": 270.9951, "leu_L_c": 18435.0741, "hdcea_c": 2585.0388, "4mop_c": 1077.6288, "gly_c": 9499.6471, "dca_c": 200.0706, "uri_c": 437.1912, "CE2510_c": 119.6189, "rib_D_c": 679.6048, "hdca_c": 41127.7346, "arachd_c": 4372.9711, "asp_L_c": 7293.578, "spmd_c": 423.4298, "glyclt_c": 371.5596, "lys_L_c": 21735.7092, "glu_L_c": 10107.2689, "etha_c": 9533.5215, "crtn_c": 4527.5229, "ptdca_c": 2551.1644, "arach_c": 1738.1793, "man_c": 1398.3769, "taur_c": 3260.4093, "cit_c": 2706.7749, "CE5126_c": 9733.5921, "succ_c": 510.2329, "ocdcea_c": 5544.813, "ala_B_c": 153.4933, "xylt_c": 63.5145, "citr_L_c": 662.6676, "urea_c": 17286.5208, "hpdca_c": 2557.5159, "akg_c": 133.3804, "tyr_L_c": 11344.7424, "gln_L_c": 4870.5011, "bz_c": 2047.283, "ethamp_c": 246.6478, "abt_c": 291.108, "oxa_c": 129.1461, "urate_c": 2319.3366, "his_L_c": 4085.0388, "C08261_c": 169.3719, "octa_c": 997.1771, "glyc_R_c": 884.9682, "trp_L_c": 4493.6486, "gua_c": 290.0494, "amp_c": 425.5469, "ins_c": 2263.2322, "gsn_c": 231.8278, "C01601_c": 2217.7135, "5oxpro_c": 44755.4693, "ala_L_c": 39898.7297, "ttdca_c": 10634.438999999998, "hxan_c": 6020.1129, "glyc_c": 23810.5152, "uacgam_c": 127.0289, "ura_c": 483.7685, "C01507_c": 4836.6267, "2hb_c": 2165.8433, "asn_L_c": 802.3994, "fru_c": 452.0113, "xan_c": 208.5392, "adpac_c": 585.3917, "cmp_c": 252.9993, "adn_c": 204.3049, "sbt_D_c": 1824.9824, "udpglcur_c": 191.602, "phe_L_c": 7631.2632, "ddca_c": 3255.1164, "yvite_c": 3582.2159, "thr_L_c": 6432.956999999999, "docosac_c": 801.3409, "pro_L_c": 10127.3818, "ncam_c": 328.1581, "pyr_c": 481.6514, "ser_L_c": 15137.6147}