{"ile_L_c": 2990.9335, "fum_c": 517.7972, "val_L_c": 7822.3640000000005, "retinal_cis_9_c": 11955.675, "met_L_c": 195.4332, "ocdca_c": 251884.1504, "cys_L_c": 181.3298, "leu_L_c": 5772.3304, "hdcea_c": 7201.8133, "4mop_c": 1210.8798, "gly_c": 3516.7898, "dca_c": 133.9825, "uri_c": 718.2673, "CE2510_c": 413.0289, "rib_D_c": 103.7609, "hdca_c": 51414.0363, "arachd_c": 1093.0154, "asp_L_c": 1924.1101, "spmd_c": 114.8422, "glyclt_c": 314.3049, "lys_L_c": 2015.7824, "glu_L_c": 2409.6709, "etha_c": 2526.5279, "crtn_c": 1673.2707, "ptdca_c": 2367.3606, "arach_c": 2072.1961, "man_c": 436.1988, "taur_c": 1229.0128, "cit_c": 1103.0893, "CE5126_c": 3587.3069, "succ_c": 359.6373, "ocdcea_c": 27002.0148, "ala_B_c": 117.8643, "xylt_c": 144.0564, "citr_L_c": 314.3049, "urea_c": 22952.317000000003, "hpdca_c": 3415.0437, "akg_c": 148.086, "tyr_L_c": 1882.8073, "gln_L_c": 8269.6441, "bz_c": 1434.5198, "ethamp_c": 81.5984, "abt_c": 153.1229, "oxa_c": 121.8939, "urate_c": 737.4077, "his_L_c": 351.5782, "C08261_c": 101.7461, "octa_c": 495.6347, "glyc_R_c": 180.3224, "trp_L_c": 1536.2659, "gua_c": 118.8717, "amp_c": 110.8126, "ins_c": 1383.1429999999998, "gsn_c": 173.2707, "C01601_c": 1507.0517, "5oxpro_c": 13714.5735, "ala_L_c": 14161.8536, "ttdca_c": 10059.7717, "hxan_c": 1125.2518, "glyc_c": 10562.458, "uacgam_c": 34.2512, "ura_c": 333.4453, "C01507_c": 7838.4822, "2hb_c": 1549.362, "asn_L_c": 393.8885, "fru_c": 132.9752, "xan_c": 194.4258, "adpac_c": 682.0013, "cmp_c": 302.2163, "adn_c": 575.2183, "sbt_D_c": 550.0336, "udpglcur_c": 128.9456, "phe_L_c": 1222.9684, "ddca_c": 1205.8428, "yvite_c": 2264.6071, "thr_L_c": 1330.7589, "docosac_c": 551.0409999999999, "pro_L_c": 3010.0739, "ncam_c": 362.6595, "pyr_c": 268.9725, "ser_L_c": 4260.2418}