{"ile_L_c": 7660.604, "fum_c": 956.4173, "val_L_c": 15763.8984, "retinal_cis_9_c": 141613.5896, "met_L_c": 1388.8126, "ocdca_c": 251442.0041, "cys_L_c": 213.1091, "leu_L_c": 15560.0549, "hdcea_c": 5033.2876, "4mop_c": 821.5511, "gly_c": 8296.8428, "dca_c": 140.0137, "uri_c": 788.6067, "CE2510_c": 408.7165, "rib_D_c": 388.1263, "hdca_c": 55148.9362, "arachd_c": 1700.755, "asp_L_c": 7002.7454, "spmd_c": 136.9252, "glyclt_c": 211.0501, "lys_L_c": 12397.3919, "glu_L_c": 7124.2279, "etha_c": 9310.9128, "crtn_c": 5275.2231, "ptdca_c": 3777.2821, "arach_c": 2031.2286, "man_c": 838.0233, "taur_c": 3107.0693, "cit_c": 3067.9478, "CE5126_c": 2389.499, "succ_c": 519.9039, "ocdcea_c": 18955.3878, "ala_B_c": 246.0535, "xylt_c": 157.5154, "citr_L_c": 524.0219999999999, "urea_c": 31082.0178, "hpdca_c": 3656.8291, "akg_c": 127.6596, "tyr_L_c": 10246.7399, "gln_L_c": 4977.6939, "bz_c": 1823.267, "ethamp_c": 262.5257, "abt_c": 670.2128, "oxa_c": 62.8003, "urate_c": 2212.4228, "his_L_c": 3317.0899, "C08261_c": 135.8957, "octa_c": 840.0824, "glyc_R_c": 522.9925, "trp_L_c": 2330.8167, "gua_c": 436.5134, "amp_c": 245.024, "ins_c": 4281.7433, "gsn_c": 596.0879, "C01601_c": 2008.5793, "5oxpro_c": 44224.7769, "ala_L_c": 40791.3521, "ttdca_c": 16297.186000000002, "hxan_c": 5004.4612, "glyc_c": 35680.8511, "uacgam_c": 112.2169, "ura_c": 770.0755, "C01507_c": 8855.8682, "2hb_c": 1205.5594, "asn_L_c": 548.7303, "fru_c": 296.4997, "xan_c": 407.68699999999995, "adpac_c": 675.3603, "cmp_c": 188.4008, "adn_c": 303.7062, "sbt_D_c": 914.2073, "udpglcur_c": 237.8174, "phe_L_c": 5241.2491, "ddca_c": 2239.1901, "yvite_c": 2795.127, "thr_L_c": 4822.2375, "docosac_c": 448.8675, "pro_L_c": 10777.9684, "ncam_c": 956.4173, "pyr_c": 803.0199, "ser_L_c": 16555.5937}