{"ile_L_c": 2828.2528, "fum_c": 347.9554, "val_L_c": 6840.8922, "retinal_cis_9_c": 7728.6245, "met_L_c": 215.2416, "ocdca_c": 209058.7361, "cys_L_c": 163.9405, "leu_L_c": 4869.145, "hdcea_c": 1274.7212, "4mop_c": 1579.1822, "gly_c": 3244.2379, "dca_c": 235.31599999999997, "uri_c": 443.8662, "CE2510_c": 150.5576, "rib_D_c": 126.0223, "hdca_c": 34042.7509, "arachd_c": 655.7621, "asp_L_c": 1369.5167, "spmd_c": 143.8662, "glyclt_c": 341.2639, "lys_L_c": 1312.6394, "glu_L_c": 2541.6357, "etha_c": 4078.4387, "crtn_c": 4922.6766, "ptdca_c": 1444.2379, "arach_c": 1979.5539, "man_c": 394.7955, "taur_c": 1185.5019, "cit_c": 569.8885, "CE5126_c": 1999.6283, "succ_c": 593.3086, "ocdcea_c": 5649.8141, "ala_B_c": 89.2193, "xylt_c": 234.2007, "citr_L_c": 126.0223, "urea_c": 18624.5353, "hpdca_c": 2377.6952, "akg_c": 151.6729, "tyr_L_c": 1885.8736, "gln_L_c": 2232.7138, "bz_c": 1976.2082, "ethamp_c": 126.0223, "abt_c": 188.4758, "oxa_c": 167.2862, "urate_c": 618.9591, "his_L_c": 226.3941, "C08261_c": 74.7212, "octa_c": 671.3755, "glyc_R_c": 184.0149, "trp_L_c": 663.5688, "gua_c": 103.7175, "amp_c": 177.3234, "ins_c": 1056.1338, "gsn_c": 132.7138, "C01601_c": 3285.5019, "5oxpro_c": 20024.1636, "ala_L_c": 10444.2379, "ttdca_c": 5372.119000000001, "hxan_c": 656.8773, "glyc_c": 8698.8848, "uacgam_c": 52.4164, "ura_c": 206.3197, "C01507_c": 5218.2156, "2hb_c": 1212.2677, "asn_L_c": 337.9182, "fru_c": 192.9368, "xan_c": 155.0186, "adpac_c": 789.5911, "cmp_c": 308.9219, "adn_c": 215.2416, "sbt_D_c": 360.223, "udpglcur_c": 231.9703, "phe_L_c": 753.9033, "ddca_c": 2112.2677, "yvite_c": 1257.9926, "thr_L_c": 1590.3346, "docosac_c": 504.0892, "pro_L_c": 1854.6468, "ncam_c": 350.1859, "pyr_c": 213.0112, "ser_L_c": 3050.1859}