{"ile_L_c": 6356.6359, "fum_c": 1308.3747, "val_L_c": 13959.9006, "retinal_cis_9_c": 10807.665, "met_L_c": 679.2051, "ocdca_c": 208787.4379, "cys_L_c": 166.0752, "leu_L_c": 11118.5238, "hdcea_c": 4040.0994, "4mop_c": 1275.3726, "gly_c": 8875.4436, "dca_c": 745.2094, "uri_c": 1435.0603, "CE2510_c": 194.81900000000002, "rib_D_c": 463.0944, "hdca_c": 37686.3023, "arachd_c": 1030.5181, "asp_L_c": 4607.5231, "spmd_c": 88.3605, "glyclt_c": 541.8737, "lys_L_c": 4739.5316, "glu_L_c": 4543.648, "etha_c": 4177.4308, "crtn_c": 6608.9425, "ptdca_c": 2115.33, "arach_c": 1864.088, "man_c": 1471.2562, "taur_c": 1859.8297, "cit_c": 4655.4294, "CE5126_c": 7363.7331, "succ_c": 996.4514, "ocdcea_c": 9530.1632, "ala_B_c": 132.0085, "xylt_c": 249.1128, "citr_L_c": 358.7651, "urea_c": 38820.0852, "hpdca_c": 2437.8992, "akg_c": 174.5919, "tyr_L_c": 4111.4265, "gln_L_c": 3916.6075, "bz_c": 4039.0348, "ethamp_c": 330.0213, "abt_c": 199.0774, "oxa_c": 265.0816, "urate_c": 1677.7857, "his_L_c": 869.7658, "C08261_c": 170.3336, "octa_c": 1449.9645, "glyc_R_c": 627.0405, "trp_L_c": 1715.0461, "gua_c": 279.9858, "amp_c": 1189.1412, "ins_c": 1715.0461, "gsn_c": 15.9688, "C01601_c": 9657.9134, "5oxpro_c": 56756.2101, "ala_L_c": 41238.8219, "ttdca_c": 12735.6281, "hxan_c": 2725.3371, "glyc_c": 22921.5756, "uacgam_c": 70.2626, "ura_c": 273.5983, "C01507_c": 29942.5124, "2hb_c": 2930.802, "asn_L_c": 460.9652, "fru_c": 225.692, "xan_c": 198.0128, "adpac_c": 952.8034, "cmp_c": 420.51099999999997, "adn_c": 191.6253, "sbt_D_c": 358.7651, "udpglcur_c": 330.0213, "phe_L_c": 2664.6558, "ddca_c": 5863.7331, "yvite_c": 1394.6061, "thr_L_c": 3732.4344, "docosac_c": 580.1987, "pro_L_c": 5676.3662, "ncam_c": 962.3847, "pyr_c": 1286.0185, "ser_L_c": 11562.4556}