{"ile_L_c": 3758.8614, "fum_c": 468.8507, "val_L_c": 8589.1514, "retinal_cis_9_c": 36552.6316, "met_L_c": 10140.7089, "ocdca_c": 289269.6026, "cys_L_c": 211.0634, "leu_L_c": 6718.5822, "hdcea_c": 977.9807, "4mop_c": 1466.1654, "gly_c": 5597.2073, "dca_c": 370.5693, "uri_c": 594.5219999999999, "CE2510_c": 133.7272, "rib_D_c": 165.9506, "hdca_c": 47115.4672, "arachd_c": 725.0269, "asp_L_c": 1978.5177, "spmd_c": 149.8389, "glyclt_c": 642.8571, "lys_L_c": 3059.6133, "glu_L_c": 5020.4082, "etha_c": 1914.0709, "crtn_c": 3931.2567, "ptdca_c": 2460.2578, "arach_c": 2743.8238, "man_c": 165.9506, "taur_c": 1127.8195, "cit_c": 837.8088, "CE5126_c": 122.449, "succ_c": 826.5306, "ocdcea_c": 4872.1805, "ala_B_c": 272.2879, "xylt_c": 225.5639, "citr_L_c": 359.2911, "urea_c": 50378.0881, "hpdca_c": 3409.2374, "akg_c": 235.2309, "tyr_L_c": 2674.5435, "gln_L_c": 5661.6541, "bz_c": 4641.782999999999, "ethamp_c": 162.7282, "abt_c": 380.2363, "oxa_c": 475.2954, "urate_c": 915.145, "his_L_c": 513.9635, "C08261_c": 377.014, "octa_c": 1636.9495, "glyc_R_c": 528.464, "trp_L_c": 837.8088, "gua_c": 146.6165, "amp_c": 211.0634, "ins_c": 713.7487, "gsn_c": 230.3974, "C01601_c": 10773.899, "5oxpro_c": 20018.797, "ala_L_c": 35012.3523, "ttdca_c": 13988.1848, "hxan_c": 1287.3255, "glyc_c": 32469.9248, "uacgam_c": 217.5081, "ura_c": 800.7519, "C01507_c": 1854.4576, "2hb_c": 1018.2599, "asn_L_c": 415.6821, "fru_c": 396.348, "xan_c": 285.1772, "adpac_c": 940.9237, "cmp_c": 170.7841, "adn_c": 238.4533, "sbt_D_c": 372.1805, "udpglcur_c": 277.1214, "phe_L_c": 2645.5424, "ddca_c": 5621.3749, "yvite_c": 1715.8969, "thr_L_c": 2958.1096, "docosac_c": 908.7003, "pro_L_c": 8278.1955, "ncam_c": 338.3459, "pyr_c": 505.9076, "ser_L_c": 6074.1139}