{"ile_L_c": 1502.0747, "fum_c": 185.6846, "val_L_c": 3558.0913, "retinal_cis_9_c": 1090.249, "met_L_c": 148.3402, "ocdca_c": 150129.668, "cys_L_c": 634.8548, "leu_L_c": 2060.166, "hdcea_c": 601.6598, "4mop_c": 1250.0, "gly_c": 3049.7925, "dca_c": 391.0788, "uri_c": 613.0705, "CE2510_c": 151.4523, "rib_D_c": 98.5477, "hdca_c": 25266.5975, "arachd_c": 350.6224, "asp_L_c": 484.4398, "spmd_c": 79.8755, "glyclt_c": 586.0996, "lys_L_c": 918.0498, "glu_L_c": 1483.4025, "etha_c": 846.4730000000001, "crtn_c": 3076.7635, "ptdca_c": 1130.7054, "arach_c": 1360.9959, "man_c": 110.9959, "taur_c": 334.0249, "cit_c": 367.2199, "CE5126_c": 551.8672, "succ_c": 290.4564, "ocdcea_c": 902.4896, "ala_B_c": 139.0041, "xylt_c": 100.6224, "citr_L_c": 84.0249, "urea_c": 14552.9046, "hpdca_c": 1654.5643, "akg_c": 97.5104, "tyr_L_c": 1294.6058, "gln_L_c": 3009.3361, "bz_c": 3316.39, "ethamp_c": 85.0622, "abt_c": 161.8257, "oxa_c": 199.1701, "urate_c": 501.0373, "his_L_c": 141.0788, "C08261_c": 124.4813, "octa_c": 1254.1494, "glyc_R_c": 259.3361, "trp_L_c": 337.1369, "gua_c": 104.7718, "amp_c": 68.4647, "ins_c": 811.2033, "gsn_c": 90.249, "C01601_c": 9254.1494, "5oxpro_c": 12094.3983, "ala_L_c": 10470.9544, "ttdca_c": 6350.6224, "hxan_c": 904.5643, "glyc_c": 10462.6556, "uacgam_c": 117.2199, "ura_c": 310.166, "C01507_c": 3036.3071, "2hb_c": 1286.3071, "asn_L_c": 288.3817, "fru_c": 196.0581, "xan_c": 129.668, "adpac_c": 750.0, "cmp_c": 72.6141, "adn_c": 128.6307, "sbt_D_c": 244.8133, "udpglcur_c": 145.2282, "phe_L_c": 846.4730000000001, "ddca_c": 3432.5726, "yvite_c": 207.4689, "thr_L_c": 1108.9212, "docosac_c": 720.9544, "pro_L_c": 1137.9668, "ncam_c": 304.9793, "pyr_c": 319.5021, "ser_L_c": 3628.6307}