{"ile_L_c": 4283.8765, "fum_c": 602.0583, "val_L_c": 11945.9691, "retinal_cis_9_c": 53585.7633, "met_L_c": 824.6141, "ocdca_c": 332345.1973, "cys_L_c": 466.9811, "leu_L_c": 8670.669, "hdcea_c": 593.0532, "4mop_c": 1880.789, "gly_c": 6927.53, "dca_c": 838.765, "uri_c": 544.1681, "CE2510_c": 104.2024, "rib_D_c": 259.8628, "hdca_c": 52550.1715, "arachd_c": 890.2230000000001, "asp_L_c": 3400.0858, "spmd_c": 225.1286, "glyclt_c": 647.0840000000001, "lys_L_c": 5616.6381, "glu_L_c": 5354.2024, "etha_c": 8320.7547, "crtn_c": 4074.1852, "ptdca_c": 2764.5798, "arach_c": 3055.3173, "man_c": 532.5901, "taur_c": 4418.9537, "cit_c": 1797.1698, "CE5126_c": 551.8868, "succ_c": 586.6209, "ocdcea_c": 6403.9451, "ala_B_c": 189.1081, "xylt_c": 280.44599999999997, "citr_L_c": 302.3156, "urea_c": 53153.5163, "hpdca_c": 3719.1252, "akg_c": 129.9314, "tyr_L_c": 3580.1887, "gln_L_c": 9847.7702, "bz_c": 3182.6758, "ethamp_c": 167.2384, "abt_c": 401.3722, "oxa_c": 90.0515, "urate_c": 1314.7513, "his_L_c": 1178.3876, "C08261_c": 129.9314, "octa_c": 1202.8302, "glyc_R_c": 814.3225, "trp_L_c": 2100.7719, "gua_c": 142.7959, "amp_c": 469.55400000000003, "ins_c": 1649.2281, "gsn_c": 151.80100000000002, "C01601_c": 2400.5146, "5oxpro_c": 233477.7015, "ala_L_c": 31169.3825, "ttdca_c": 10358.4906, "hxan_c": 1606.7753, "glyc_c": 30131.2178, "uacgam_c": 212.2642, "ura_c": 530.0172, "C01507_c": 4807.4614, "2hb_c": 1889.7942, "asn_L_c": 464.4082, "fru_c": 349.9142, "xan_c": 225.1286, "adpac_c": 1065.1801, "cmp_c": 738.422, "adn_c": 353.7736, "sbt_D_c": 883.7907, "udpglcur_c": 257.2899, "phe_L_c": 2782.5901, "ddca_c": 2015.8662, "yvite_c": 4092.1955, "thr_L_c": 3609.777, "docosac_c": 810.4631, "pro_L_c": 6969.9828, "ncam_c": 437.3928, "pyr_c": 396.2264, "ser_L_c": 8212.693000000001}