{"ile_L_c": 2295.7938, "fum_c": 602.4423, "val_L_c": 5026.1194, "retinal_cis_9_c": 2015.943, "met_L_c": 122.1167, "ocdca_c": 148178.4261, "cys_L_c": 362.2795, "leu_L_c": 2370.0814, "hdcea_c": 716.4179, "4mop_c": 921.9810000000001, "gly_c": 5751.6961, "dca_c": 401.9674, "uri_c": 540.3664, "CE2510_c": 88.5346, "rib_D_c": 154.6811, "hdca_c": 22218.113999999998, "arachd_c": 332.76800000000003, "asp_L_c": 1380.9362, "spmd_c": 85.4817, "glyclt_c": 383.6499, "lys_L_c": 1731.0041, "glu_L_c": 962.6866, "etha_c": 839.5522, "crtn_c": 1511.194, "ptdca_c": 990.1628, "arach_c": 1573.27, "man_c": 515.943, "taur_c": 139.4166, "cit_c": 3423.3379, "CE5126_c": 11699.7965, "succ_c": 805.9701, "ocdcea_c": 734.7354, "ala_B_c": 133.3107, "xylt_c": 48.8467, "citr_L_c": 124.152, "urea_c": 6842.6052, "hpdca_c": 1744.2334, "akg_c": 118.0461, "tyr_L_c": 1605.8345, "gln_L_c": 3706.2415, "bz_c": 3856.8521, "ethamp_c": 143.4871, "abt_c": 169.9457, "oxa_c": 130.2578, "urate_c": 800.882, "his_L_c": 251.3569, "C08261_c": 79.3758, "octa_c": 1413.5007, "glyc_R_c": 218.7924, "trp_L_c": 337.8562, "gua_c": 138.3989, "amp_c": 162.8223, "ins_c": 939.2809, "gsn_c": 114.9932, "C01601_c": 11122.7951, "5oxpro_c": 13166.2144, "ala_L_c": 14329.3759, "ttdca_c": 5583.7856, "hxan_c": 633.9891, "glyc_c": 20456.5807, "uacgam_c": 108.8874, "ura_c": 291.0448, "C01507_c": 4369.7422, "2hb_c": 1899.9322, "asn_L_c": 259.498, "fru_c": 295.1153, "xan_c": 87.51700000000001, "adpac_c": 448.7788, "cmp_c": 89.5522, "adn_c": 82.4288, "sbt_D_c": 218.7924, "udpglcur_c": 113.9756, "phe_L_c": 630.9362, "ddca_c": 2677.4084, "yvite_c": 763.2293, "thr_L_c": 1639.4166, "docosac_c": 687.924, "pro_L_c": 738.806, "ncam_c": 233.0393, "pyr_c": 238.1275, "ser_L_c": 4928.4261}