{"ile_L_c": 14343.0307, "fum_c": 694.3734, "val_L_c": 22289.0026, "retinal_cis_9_c": 2885.8696, "met_L_c": 1349.4246, "ocdca_c": 88772.3785, "cys_L_c": 271.4194, "leu_L_c": 20609.6547, "hdcea_c": 1719.6292, "4mop_c": 1486.5729, "gly_c": 12436.3811, "dca_c": 325.1279, "uri_c": 354.8593, "CE2510_c": 55.6266, "rib_D_c": 351.9821, "hdca_c": 15575.4476, "arachd_c": 1927.7494, "asp_L_c": 3343.3504, "spmd_c": 164.0026, "glyclt_c": 456.5217, "lys_L_c": 6972.5064, "glu_L_c": 3695.3325, "etha_c": 7914.3223, "crtn_c": 2176.1509, "ptdca_c": 1335.0384, "arach_c": 1036.7647, "man_c": 194.6931, "taur_c": 1936.3811, "cit_c": 1500.0, "CE5126_c": 1848.1458, "succ_c": 607.0972, "ocdcea_c": 2367.9668, "ala_B_c": 134.2711, "xylt_c": 208.1202, "citr_L_c": 358.6957, "urea_c": 27282.9284, "hpdca_c": 1294.757, "akg_c": 123.7212, "tyr_L_c": 6766.3043, "gln_L_c": 10936.3811, "bz_c": 3319.3734, "ethamp_c": 97.8261, "abt_c": 178.3887, "oxa_c": 217.71099999999998, "urate_c": 997.4425, "his_L_c": 947.5703, "C08261_c": 61.3811, "octa_c": 1104.8593, "glyc_R_c": 591.7519, "trp_L_c": 1522.0588, "gua_c": 106.4578, "amp_c": 170.7161, "ins_c": 1872.1228, "gsn_c": 221.5473, "C01601_c": 8170.3964, "5oxpro_c": 39953.3248, "ala_L_c": 57451.7263, "ttdca_c": 4855.8184, "hxan_c": 2041.8798, "glyc_c": 26396.7391, "uacgam_c": 140.0256, "ura_c": 685.7417, "C01507_c": 1476.023, "2hb_c": 2995.2046, "asn_L_c": 302.11, "fru_c": 903.4527, "xan_c": 182.2251, "adpac_c": 362.532, "cmp_c": 208.1202, "adn_c": 140.0256, "sbt_D_c": 272.3785, "udpglcur_c": 133.312, "phe_L_c": 3984.9744, "ddca_c": 2387.1483, "yvite_c": 273.3376, "thr_L_c": 4549.8721, "docosac_c": 710.6777, "pro_L_c": 9773.976999999999, "ncam_c": 507.3529, "pyr_c": 274.2967, "ser_L_c": 7429.0281}