{"ile_L_c": 3358.6142, "fum_c": 476.5918, "val_L_c": 11731.2734, "retinal_cis_9_c": 16450.3745, "met_L_c": 642.3221, "ocdca_c": 146502.809, "cys_L_c": 202.2472, "leu_L_c": 9272.4719, "hdcea_c": 2338.9513, "4mop_c": 928.8389999999999, "gly_c": 3343.633, "dca_c": 197.5655, "uri_c": 376.4045, "CE2510_c": 156.36700000000002, "rib_D_c": 99.2509, "hdca_c": 28061.7978, "arachd_c": 514.0449, "asp_L_c": 1276.2172, "spmd_c": 66.4794, "glyclt_c": 527.1536, "lys_L_c": 2851.1236, "glu_L_c": 2650.7491, "etha_c": 897.9401, "crtn_c": 5875.4682, "ptdca_c": 1602.9963, "arach_c": 1674.1573, "man_c": 623.5955, "taur_c": 2719.1011, "cit_c": 444.7566, "CE5126_c": 4599.2509, "succ_c": 339.8876, "ocdcea_c": 6694.7566, "ala_B_c": 136.7041, "xylt_c": 144.1948, "citr_L_c": 206.9288, "urea_c": 35506.5543, "hpdca_c": 1932.5843, "akg_c": 129.2135, "tyr_L_c": 3243.4457, "gln_L_c": 6104.8689, "bz_c": 2424.1573, "ethamp_c": 146.0674, "abt_c": 193.8202, "oxa_c": 147.9401, "urate_c": 2180.7116, "his_L_c": 321.161, "C08261_c": 17.7903, "octa_c": 751.8727, "glyc_R_c": 212.5468, "trp_L_c": 1266.8539, "gua_c": 73.0337, "amp_c": 198.5019, "ins_c": 2154.4944, "gsn_c": 156.36700000000002, "C01601_c": 2592.6966, "5oxpro_c": 12974.7191, "ala_L_c": 21636.7041, "ttdca_c": 7856.7416, "hxan_c": 1889.5131, "glyc_c": 16286.5168, "uacgam_c": 113.2959, "ura_c": 139.5131, "C01507_c": 1945.6929, "2hb_c": 2698.5019, "asn_L_c": 189.1386, "fru_c": 188.2022, "xan_c": 255.618, "adpac_c": 328.6517, "cmp_c": 573.97, "adn_c": 260.2996, "sbt_D_c": 212.5468, "udpglcur_c": 130.1498, "phe_L_c": 1668.5393, "ddca_c": 2779.9625, "yvite_c": 3246.2547, "thr_L_c": 1872.6592, "docosac_c": 367.9775, "pro_L_c": 6215.3558, "ncam_c": 382.9588, "pyr_c": 248.1273, "ser_L_c": 4714.4195}