{"ile_L_c": 2425.5797, "fum_c": 210.92, "val_L_c": 4922.9619, "retinal_cis_9_c": 6876.2154, "met_L_c": 112.1915, "ocdca_c": 124274.4951, "cys_L_c": 125.6545, "leu_L_c": 3995.1384, "hdcea_c": 563.2012, "4mop_c": 877.3373, "gly_c": 3614.8093, "dca_c": 172.7749, "uri_c": 378.0853, "CE2510_c": 42.6328, "rib_D_c": 131.264, "hdca_c": 23169.7831, "arachd_c": 397.1578, "asp_L_c": 1473.0739999999998, "spmd_c": 157.0681, "glyclt_c": 315.258, "lys_L_c": 2007.1055, "glu_L_c": 1430.4413, "etha_c": 2930.4413, "crtn_c": 1347.4196, "ptdca_c": 1264.3979, "arach_c": 1258.7883, "man_c": 204.1885, "taur_c": 1280.1047, "cit_c": 672.0269, "CE5126_c": 525.0561, "succ_c": 361.2565, "ocdcea_c": 2933.8070000000002, "ala_B_c": 192.9693, "xylt_c": 141.3613, "citr_L_c": 246.8212, "urea_c": 7819.7457, "hpdca_c": 1689.6036, "akg_c": 133.5079, "tyr_L_c": 1961.1070000000002, "gln_L_c": 4814.1361, "bz_c": 1602.0942, "ethamp_c": 125.6545, "abt_c": 133.5079, "oxa_c": 109.9476, "urate_c": 722.5131, "his_L_c": 765.1458, "C08261_c": 89.7532, "octa_c": 523.9342, "glyc_R_c": 315.258, "trp_L_c": 981.6754, "gua_c": 141.3613, "amp_c": 178.3844, "ins_c": 590.1272, "gsn_c": 103.2162, "C01601_c": 1296.9334, "5oxpro_c": 9999.626, "ala_L_c": 14478.3096, "ttdca_c": 3989.5288, "hxan_c": 1090.5011, "glyc_c": 11648.8407, "uacgam_c": 108.8257, "ura_c": 151.4585, "C01507_c": 747.1952, "2hb_c": 1694.0912, "asn_L_c": 255.7966, "fru_c": 151.4585, "xan_c": 120.0449, "adpac_c": 691.0995, "cmp_c": 182.8721, "adn_c": 188.4817, "sbt_D_c": 245.6993, "udpglcur_c": 120.0449, "phe_L_c": 961.4809, "ddca_c": 858.2648, "yvite_c": 1109.5737, "thr_L_c": 1898.2797, "docosac_c": 742.7076, "pro_L_c": 2887.8085, "ncam_c": 136.8736, "pyr_c": 253.5527, "ser_L_c": 6271.5034}