{"ile_L_c": 59423.0769, "fum_c": 3012.8205, "val_L_c": 149856.1254, "retinal_cis_9_c": 18113.9601, "met_L_c": 8133.9031, "ocdca_c": 464786.3248, "cys_L_c": 1039.886, "leu_L_c": 147366.0969, "hdcea_c": 22428.7749, "4mop_c": 2505.698, "gly_c": 31938.7464, "dca_c": 1603.9886, "uri_c": 1707.9772, "CE2510_c": 508.54699999999997, "rib_D_c": 2754.9858, "hdca_c": 128675.2137, "arachd_c": 64266.3818, "asp_L_c": 30715.0997, "spmd_c": 829.0598, "glyclt_c": 904.5584, "lys_L_c": 38099.7151, "glu_L_c": 44660.9687, "etha_c": 3341.8803, "crtn_c": 12027.0655, "ptdca_c": 4376.0684, "arach_c": 4820.5128, "man_c": 4841.8803, "taur_c": 13911.6809, "cit_c": 4579.7721, "CE5126_c": 19015.6695, "succ_c": 2405.9829, "ocdcea_c": 45280.6268, "ala_B_c": 407.4074, "xylt_c": 386.0399, "citr_L_c": 1029.9145, "urea_c": 100068.3761, "hpdca_c": 6314.8148, "akg_c": 217.9487, "tyr_L_c": 38811.9658, "gln_L_c": 29495.7265, "bz_c": 13676.6382, "ethamp_c": 216.5242, "abt_c": 749.2877, "oxa_c": 1841.8803, "urate_c": 7488.604, "his_L_c": 5783.4758, "C08261_c": 152.4217, "octa_c": 2814.8148, "glyc_R_c": 5527.0655, "trp_L_c": 18927.3504, "gua_c": 257.8348, "amp_c": 772.0798, "ins_c": 10547.0086, "gsn_c": 1326.2108, "C01601_c": 19519.943, "5oxpro_c": 155421.6524, "ala_L_c": 162944.4444, "ttdca_c": 42478.6325, "hxan_c": 14105.4131, "glyc_c": 60622.5071, "uacgam_c": 115.3846, "ura_c": 3223.6467, "C01507_c": 5119.6581, "2hb_c": 13841.8803, "asn_L_c": 749.2877, "fru_c": 1182.3362, "xan_c": 1141.0256, "adpac_c": 1042.735, "cmp_c": 514.245, "adn_c": 2896.0114, "sbt_D_c": 917.3789, "udpglcur_c": 699.4302, "phe_L_c": 26921.6524, "ddca_c": 23240.7407, "yvite_c": 2980.0570000000002, "thr_L_c": 23149.5726, "docosac_c": 2061.2536, "pro_L_c": 65881.7664, "ncam_c": 3421.6524, "pyr_c": 629.6296, "ser_L_c": 55364.6724}