{"ile_L_c": 5938.6581, "fum_c": 790.7348, "val_L_c": 13941.853000000001, "retinal_cis_9_c": 42577.9553, "met_L_c": 1029.393, "ocdca_c": 194969.3291, "cys_L_c": 1107.0288, "leu_L_c": 10279.5527, "hdcea_c": 5049.2013, "4mop_c": 2180.5112, "gly_c": 11030.032, "dca_c": 166.7732, "uri_c": 905.7508, "CE2510_c": 308.6262, "rib_D_c": 164.8562, "hdca_c": 42419.8083, "arachd_c": 552.0767, "asp_L_c": 2756.5495, "spmd_c": 93.9297, "glyclt_c": 517.5719, "lys_L_c": 5957.8275, "glu_L_c": 6484.984, "etha_c": 8686.5815, "crtn_c": 12399.6805, "ptdca_c": 2687.5399, "arach_c": 2623.3227, "man_c": 415.01599999999996, "taur_c": 6611.5016, "cit_c": 2086.5815, "CE5126_c": 2617.5719, "succ_c": 1030.3514, "ocdcea_c": 14654.9521, "ala_B_c": 499.361, "xylt_c": 244.4089, "citr_L_c": 160.0639, "urea_c": 34824.9201, "hpdca_c": 3099.6805, "akg_c": 169.6486, "tyr_L_c": 4758.7859, "gln_L_c": 25846.9649, "bz_c": 2692.3323, "ethamp_c": 327.7955, "abt_c": 370.9265, "oxa_c": 231.9489, "urate_c": 2573.4824, "his_L_c": 1322.6837, "C08261_c": 46.9649, "octa_c": 945.0479, "glyc_R_c": 607.6677, "trp_L_c": 2804.4728, "gua_c": 228.115, "amp_c": 917.2524, "ins_c": 3106.3898, "gsn_c": 273.1629, "C01601_c": 1430.0319, "5oxpro_c": 37585.3035, "ala_L_c": 59167.0926, "ttdca_c": 15633.5463, "hxan_c": 6272.2045, "glyc_c": 55504.7923, "uacgam_c": 59.4249, "ura_c": 903.8339, "C01507_c": 4782.7476, "2hb_c": 2057.8275, "asn_L_c": 535.7827, "fru_c": 203.1949, "xan_c": 309.5847, "adpac_c": 498.4026, "cmp_c": 664.2173, "adn_c": 293.2907, "sbt_D_c": 168.6901, "udpglcur_c": 394.8882, "phe_L_c": 3092.9712, "ddca_c": 1638.9776, "yvite_c": 1753.0351, "thr_L_c": 4867.0927, "docosac_c": 862.6198, "pro_L_c": 11980.8307, "ncam_c": 515.655, "pyr_c": 1049.5208, "ser_L_c": 9372.8435}