{"ile_L_c": 5883.6773, "fum_c": 651.0319, "val_L_c": 17196.06, "retinal_cis_9_c": 14357.4109, "met_L_c": 1216.6979, "ocdca_c": 116024.3902, "cys_L_c": 156.6604, "leu_L_c": 11995.3096, "hdcea_c": 343.3396, "4mop_c": 928.7054, "gly_c": 5704.5028, "dca_c": 168.8555, "uri_c": 439.9625, "CE2510_c": 103.1895, "rib_D_c": 235.4597, "hdca_c": 22652.9081, "arachd_c": 1532.8329999999999, "asp_L_c": 3472.7955, "spmd_c": 96.6229, "glyclt_c": 181.9887, "lys_L_c": 6230.7692, "glu_L_c": 4964.3527, "etha_c": 1142.5891, "crtn_c": 3789.8687, "ptdca_c": 1089.1182, "arach_c": 1111.6323, "man_c": 492.4953, "taur_c": 2191.3696, "cit_c": 2590.9944, "CE5126_c": 10242.9644, "succ_c": 448.4053, "ocdcea_c": 1504.6904, "ala_B_c": 48.7805, "xylt_c": 216.6979, "citr_L_c": 228.8931, "urea_c": 42010.319, "hpdca_c": 1398.6867, "akg_c": 251.4071, "tyr_L_c": 4672.6079, "gln_L_c": 10792.6829, "bz_c": 3647.2796, "ethamp_c": 72.2326, "abt_c": 303.0019, "oxa_c": 178.2364, "urate_c": 1834.8968, "his_L_c": 898.6867, "C08261_c": 50.6567, "octa_c": 832.0826, "glyc_R_c": 553.4709, "trp_L_c": 2394.9343, "gua_c": 102.2514, "amp_c": 305.8161, "ins_c": 587.242, "gsn_c": 226.0788, "C01601_c": 2874.2964, "5oxpro_c": 22081.6135, "ala_L_c": 30533.7711, "ttdca_c": 6359.2871, "hxan_c": 1146.3415, "glyc_c": 23163.227000000003, "uacgam_c": 113.5084, "ura_c": 205.4409, "C01507_c": 1184.803, "2hb_c": 2863.0394, "asn_L_c": 436.2101, "fru_c": 209.1932, "xan_c": 204.5028, "adpac_c": 492.4953, "cmp_c": 368.6679, "adn_c": 681.0507, "sbt_D_c": 181.9887, "udpglcur_c": 151.0319, "phe_L_c": 4021.5759999999996, "ddca_c": 2524.3902, "yvite_c": 1686.6792, "thr_L_c": 3900.5629, "docosac_c": 743.9024, "pro_L_c": 8644.4653, "ncam_c": 522.5141, "pyr_c": 909.0056, "ser_L_c": 8394.9343}