{"ile_L_c": 2875.9399, "fum_c": 797.676, "val_L_c": 6955.5707, "retinal_cis_9_c": 13503.0759, "met_L_c": 587.4915, "ocdca_c": 227188.9952, "cys_L_c": 270.6767, "leu_L_c": 7329.8018, "hdcea_c": 11639.0977, "4mop_c": 2020.8476, "gly_c": 5909.7744, "dca_c": 299.3848, "uri_c": 596.7191, "CE2510_c": 158.92, "rib_D_c": 133.2878, "hdca_c": 55626.1107, "arachd_c": 920.7109, "asp_L_c": 2782.6384, "spmd_c": 208.13400000000001, "glyclt_c": 260.4238, "lys_L_c": 2607.3137, "glu_L_c": 3428.5714, "etha_c": 5030.0752, "crtn_c": 5419.6856, "ptdca_c": 2467.8742, "arach_c": 1814.7642, "man_c": 401.9139, "taur_c": 3744.3609, "cit_c": 761.7908, "CE5126_c": 1389.2686, "succ_c": 636.7054, "ocdcea_c": 17338.6876, "ala_B_c": 222.488, "xylt_c": 149.6924, "citr_L_c": 178.4005, "urea_c": 14323.3083, "hpdca_c": 3006.1517, "akg_c": 151.743, "tyr_L_c": 2825.7006, "gln_L_c": 8173.6159, "bz_c": 1788.1066, "ethamp_c": 180.4511, "abt_c": 167.1224, "oxa_c": 247.095, "urate_c": 981.203, "his_L_c": 491.1141, "C08261_c": 54.3404, "octa_c": 904.3062, "glyc_R_c": 326.0424, "trp_L_c": 1800.4101, "gua_c": 213.2604, "amp_c": 367.05400000000003, "ins_c": 2038.2775, "gsn_c": 176.35, "C01601_c": 1627.136, "5oxpro_c": 14500.6835, "ala_L_c": 24304.5113, "ttdca_c": 12287.0813, "hxan_c": 3395.7621, "glyc_c": 29910.7997, "uacgam_c": 52.2898, "ura_c": 363.9781, "C01507_c": 7580.9979, "2hb_c": 3277.8537, "asn_L_c": 292.2078, "fru_c": 142.5154, "xan_c": 262.4744, "adpac_c": 920.7109, "cmp_c": 469.583, "adn_c": 341.4217, "sbt_D_c": 323.9918, "udpglcur_c": 147.6418, "phe_L_c": 2228.9815, "ddca_c": 1538.961, "yvite_c": 925.8373, "thr_L_c": 1923.445, "docosac_c": 815.1059, "pro_L_c": 6520.8476, "ncam_c": 307.5871, "pyr_c": 287.0813, "ser_L_c": 5814.4224}