{"ile_L_c": 3361.6352, "fum_c": 266.2474, "val_L_c": 8836.478000000001, "retinal_cis_9_c": 5683.4382, "met_L_c": 366.8763, "ocdca_c": 173561.8449, "cys_L_c": 356.3941, "leu_L_c": 7464.3606, "hdcea_c": 1075.4717, "4mop_c": 669.8113, "gly_c": 3833.3333, "dca_c": 188.6792, "uri_c": 247.3795, "CE2510_c": 100.6289, "rib_D_c": 248.4277, "hdca_c": 29950.7337, "arachd_c": 574.4235, "asp_L_c": 1300.8386, "spmd_c": 183.4382, "glyclt_c": 234.8008, "lys_L_c": 4863.7317, "glu_L_c": 3113.2075, "etha_c": 2736.8973, "crtn_c": 1383.6478, "ptdca_c": 1644.6541, "arach_c": 1512.5786, "man_c": 342.7673, "taur_c": 1177.1488, "cit_c": 610.0629, "CE5126_c": 1592.2432, "succ_c": 327.04400000000004, "ocdcea_c": 1278.826, "ala_B_c": 193.9203, "xylt_c": 69.1824, "citr_L_c": 253.6688, "urea_c": 12031.4465, "hpdca_c": 2068.1342, "akg_c": 150.9434, "tyr_L_c": 3342.7673, "gln_L_c": 2946.5409, "bz_c": 1678.1971, "ethamp_c": 154.0881, "abt_c": 206.49900000000002, "oxa_c": 170.8595, "urate_c": 464.3606, "his_L_c": 727.4633, "C08261_c": 251.5723, "octa_c": 609.0147, "glyc_R_c": 468.5535, "trp_L_c": 1401.4675, "gua_c": 118.4486, "amp_c": 133.1237, "ins_c": 272.5367, "gsn_c": 142.5577, "C01601_c": 1051.3627, "5oxpro_c": 20601.6771, "ala_L_c": 17216.9811, "ttdca_c": 5744.2348, "hxan_c": 840.6709, "glyc_c": 5996.8553, "uacgam_c": 75.4717, "ura_c": 276.7296, "C01507_c": 293.501, "2hb_c": 742.1384, "asn_L_c": 295.5975, "fru_c": 626.8344, "xan_c": 129.97899999999998, "adpac_c": 454.9266, "cmp_c": 186.5828, "adn_c": 102.7254, "sbt_D_c": 159.3291, "udpglcur_c": 330.1887, "phe_L_c": 2279.8742, "ddca_c": 1370.021, "yvite_c": 1034.5912, "thr_L_c": 2184.4864, "docosac_c": 400.4193, "pro_L_c": 3966.4570000000003, "ncam_c": 164.5702, "pyr_c": 339.6226, "ser_L_c": 5100.6289}