{"ile_L_c": 6727.3352, "fum_c": 304.9451, "val_L_c": 15523.3517, "retinal_cis_9_c": 20438.5302, "met_L_c": 560.4396, "ocdca_c": 260051.1676, "cys_L_c": 787.0879, "leu_L_c": 14209.8214, "hdcea_c": 7605.0824, "4mop_c": 789.1484, "gly_c": 8669.2995, "dca_c": 121.5659, "uri_c": 936.4698, "CE2510_c": 227.6786, "rib_D_c": 325.5495, "hdca_c": 57637.706, "arachd_c": 946.7719999999999, "asp_L_c": 2187.1566, "spmd_c": 197.8022, "glyclt_c": 350.2747, "lys_L_c": 4116.7582, "glu_L_c": 6431.6621, "etha_c": 8677.5412, "crtn_c": 7429.9451, "ptdca_c": 2596.1538, "arach_c": 2133.5852, "man_c": 876.717, "taur_c": 9138.0495, "cit_c": 601.6484, "CE5126_c": 7371.2225, "succ_c": 330.7005, "ocdcea_c": 34731.7994, "ala_B_c": 214.2857, "xylt_c": 259.6154, "citr_L_c": 309.0659, "urea_c": 39406.9368, "hpdca_c": 3675.8242, "akg_c": 172.0467, "tyr_L_c": 4981.1126, "gln_L_c": 10940.9341, "bz_c": 1686.4698, "ethamp_c": 181.3187, "abt_c": 129.8077, "oxa_c": 64.9038, "urate_c": 3783.9973, "his_L_c": 1047.7335, "C08261_c": 203.9835, "octa_c": 705.7005, "glyc_R_c": 228.7088, "trp_L_c": 2599.2445, "gua_c": 432.6923, "amp_c": 262.70599999999996, "ins_c": 4259.9588, "gsn_c": 518.2005, "C01601_c": 1413.4615, "5oxpro_c": 28559.7527, "ala_L_c": 20396.2912, "ttdca_c": 7423.7637, "hxan_c": 4263.0495, "glyc_c": 19364.011000000002, "uacgam_c": 66.9643, "ura_c": 693.3379, "C01507_c": 13054.9451, "2hb_c": 3214.2857, "asn_L_c": 530.5632, "fru_c": 151.4423, "xan_c": 158.6538, "adpac_c": 431.6621, "cmp_c": 1275.4121, "adn_c": 282.2802, "sbt_D_c": 277.1291, "udpglcur_c": 252.4038, "phe_L_c": 2644.5742, "ddca_c": 1562.8434, "yvite_c": 2178.9148, "thr_L_c": 2672.3901, "docosac_c": 494.5055, "pro_L_c": 4241.4148, "ncam_c": 686.1264, "pyr_c": 395.6044, "ser_L_c": 6908.6538}