{"ile_L_c": 2784.0237, "fum_c": 500.9862, "val_L_c": 7182.4458, "retinal_cis_9_c": 16632.1499, "met_L_c": 364.8915, "ocdca_c": 181602.5641, "cys_L_c": 342.2091, "leu_L_c": 5122.288, "hdcea_c": 1474.359, "4mop_c": 1141.0256, "gly_c": 5463.5108, "dca_c": 139.0533, "uri_c": 790.927, "CE2510_c": 100.5917, "rib_D_c": 86.785, "hdca_c": 34182.4458, "arachd_c": 636.0947, "asp_L_c": 1726.8245, "spmd_c": 175.5424, "glyclt_c": 189.3491, "lys_L_c": 2772.1893, "glu_L_c": 3114.3984, "etha_c": 4749.5069, "crtn_c": 3270.217, "ptdca_c": 1517.7515, "arach_c": 1557.1992, "man_c": 156.8047, "taur_c": 2207.1006, "cit_c": 737.6726, "CE5126_c": 271.2032, "succ_c": 561.144, "ocdcea_c": 6520.7101, "ala_B_c": 300.789, "xylt_c": 117.35700000000001, "citr_L_c": 174.5562, "urea_c": 8888.5602, "hpdca_c": 2344.1815, "akg_c": 90.7298, "tyr_L_c": 2892.5049, "gln_L_c": 7976.3314, "bz_c": 1713.0178, "ethamp_c": 79.8817, "abt_c": 190.3353, "oxa_c": 133.1361, "urate_c": 594.6746, "his_L_c": 579.8817, "C08261_c": 68.0473, "octa_c": 711.0454, "glyc_R_c": 477.3176, "trp_L_c": 1512.8205, "gua_c": 117.35700000000001, "amp_c": 168.6391, "ins_c": 1169.6252, "gsn_c": 148.9152, "C01601_c": 1606.5089, "5oxpro_c": 19725.8383, "ala_L_c": 22916.1736, "ttdca_c": 7556.213000000001, "hxan_c": 2374.7535, "glyc_c": 18733.7278, "uacgam_c": 60.1578, "ura_c": 786.9822, "C01507_c": 2714.9901, "2hb_c": 1412.2288, "asn_L_c": 349.1124, "fru_c": 209.07299999999998, "xan_c": 309.6647, "adpac_c": 512.8205, "cmp_c": 525.641, "adn_c": 189.3491, "sbt_D_c": 283.0375, "udpglcur_c": 208.0868, "phe_L_c": 1557.1992, "ddca_c": 1814.5957, "yvite_c": 1512.8205, "thr_L_c": 2914.2012, "docosac_c": 494.0828, "pro_L_c": 5593.6884, "ncam_c": 375.7396, "pyr_c": 270.217, "ser_L_c": 7642.0118}