{"ile_L_c": 3108.6815, "fum_c": 345.6266, "val_L_c": 7078.9817, "retinal_cis_9_c": 6651.1097, "met_L_c": 447.4543, "ocdca_c": 278073.7598, "cys_L_c": 295.6919, "leu_L_c": 5803.1984, "hdcea_c": 6104.765, "4mop_c": 752.9373, "gly_c": 3307.4413, "dca_c": 734.3342, "uri_c": 376.9582, "CE2510_c": 277.0888, "rib_D_c": 130.2219, "hdca_c": 54838.1201, "arachd_c": 825.3916, "asp_L_c": 2217.6893, "spmd_c": 111.6188, "glyclt_c": 533.6162, "lys_L_c": 2359.6606, "glu_L_c": 3211.4883, "etha_c": 1479.4386, "crtn_c": 2918.7337, "ptdca_c": 2609.3342, "arach_c": 2579.9608, "man_c": 389.6867, "taur_c": 661.8799, "cit_c": 806.7885, "CE5126_c": 2079.6345, "succ_c": 436.6841, "ocdcea_c": 19134.7911, "ala_B_c": 158.6162, "xylt_c": 138.0548, "citr_L_c": 149.8042, "urea_c": 36359.3342, "hpdca_c": 3499.3473, "akg_c": 93.9948, "tyr_L_c": 2008.1593, "gln_L_c": 5998.0418, "bz_c": 6142.9504, "ethamp_c": 176.2402, "abt_c": 223.2376, "oxa_c": 89.0992, "urate_c": 1527.4151, "his_L_c": 256.5274, "C08261_c": 185.0522, "octa_c": 2526.1097, "glyc_R_c": 418.0809, "trp_L_c": 859.6606, "gua_c": 154.6997, "amp_c": 327.0235, "ins_c": 1922.9765, "gsn_c": 113.57700000000001, "C01601_c": 13841.7102, "5oxpro_c": 14490.8616, "ala_L_c": 16273.8251, "ttdca_c": 16866.188000000002, "hxan_c": 1480.4178, "glyc_c": 53117.8198, "uacgam_c": 65.6005, "ura_c": 182.1149, "C01507_c": 1913.1854, "2hb_c": 1886.7493, "asn_L_c": 420.0392, "fru_c": 245.7572, "xan_c": 141.9713, "adpac_c": 548.3029, "cmp_c": 269.2559, "adn_c": 138.0548, "sbt_D_c": 27165.47, "udpglcur_c": 130.2219, "phe_L_c": 1638.0548, "ddca_c": 4481.3969, "yvite_c": 800.9138, "thr_L_c": 1454.9608, "docosac_c": 593.342, "pro_L_c": 4518.6031, "ncam_c": 1125.9791, "pyr_c": 254.5692, "ser_L_c": 3324.0862}