{"ile_L_c": 2934.0452, "fum_c": 251.5704, "val_L_c": 8172.7387, "retinal_cis_9_c": 3751.8844, "met_L_c": 125.3141, "ocdca_c": 110746.5452, "cys_L_c": 642.5879, "leu_L_c": 5701.3191, "hdcea_c": 2026.6960000000001, "4mop_c": 995.9171, "gly_c": 5240.5779, "dca_c": 340.1382, "uri_c": 850.8166, "CE2510_c": 83.8568, "rib_D_c": 105.5276, "hdca_c": 22853.3292, "arachd_c": 300.5653, "asp_L_c": 821.6080000000001, "spmd_c": 111.1809, "glyclt_c": 423.0528, "lys_L_c": 1548.995, "glu_L_c": 1424.6231, "etha_c": 943.1533, "crtn_c": 8628.7688, "ptdca_c": 1011.9347, "arach_c": 1140.0754, "man_c": 400.4397, "taur_c": 2329.1457, "cit_c": 645.4146, "CE5126_c": 5045.5402, "succ_c": 465.4523, "ocdcea_c": 5211.3693, "ala_B_c": 114.0075, "xylt_c": 153.5804, "citr_L_c": 167.7136, "urea_c": 23898.2412, "hpdca_c": 1424.6231, "akg_c": 189.3844, "tyr_L_c": 1850.5025, "gln_L_c": 5181.2186, "bz_c": 2870.9171, "ethamp_c": 110.2387, "abt_c": 237.4372, "oxa_c": 196.9221, "urate_c": 1680.9045, "his_L_c": 146.0427, "C08261_c": 55.5905, "octa_c": 1221.1055, "glyc_R_c": 243.0905, "trp_L_c": 855.5276, "gua_c": 108.3543, "amp_c": 266.6457, "ins_c": 1684.6734, "gsn_c": 113.0653, "C01601_c": 8925.5653, "5oxpro_c": 16589.5101, "ala_L_c": 16608.3543, "ttdca_c": 7327.5754, "hxan_c": 1130.6533, "glyc_c": 19713.8819, "uacgam_c": 54.6482, "ura_c": 353.3291, "C01507_c": 1241.8342, "2hb_c": 1765.7035, "asn_L_c": 259.108, "fru_c": 155.4648, "xan_c": 153.5804, "adpac_c": 699.1206, "cmp_c": 83.8568, "adn_c": 130.9673, "sbt_D_c": 180.9045, "udpglcur_c": 196.9221, "phe_L_c": 1060.9296, "ddca_c": 3000.0, "yvite_c": 491.8342, "thr_L_c": 1565.9548, "docosac_c": 665.201, "pro_L_c": 2532.6633, "ncam_c": 345.7915, "pyr_c": 207.2864, "ser_L_c": 2808.7312}