{"ile_L_c": 5843.946999999999, "fum_c": 406.6835, "val_L_c": 12306.4313, "retinal_cis_9_c": 1567.1501, "met_L_c": 1027.1122, "ocdca_c": 145072.5095, "cys_L_c": 146.5952, "leu_L_c": 12131.4628, "hdcea_c": 831.3367, "4mop_c": 808.6381, "gly_c": 6937.2636, "dca_c": 345.2081, "uri_c": 806.7465, "CE2510_c": 91.7402, "rib_D_c": 119.1677, "hdca_c": 22903.8462, "arachd_c": 1101.8285, "asp_L_c": 2906.3682, "spmd_c": 194.8298, "glyclt_c": 426.5448, "lys_L_c": 6331.9672, "glu_L_c": 5339.8487, "etha_c": 1222.8878, "crtn_c": 3803.9092, "ptdca_c": 1066.8348, "arach_c": 1443.2535, "man_c": 195.7755, "taur_c": 1491.4879999999998, "cit_c": 1571.8789, "CE5126_c": 8329.4451, "succ_c": 868.2219, "ocdcea_c": 1362.8625, "ala_B_c": 278.058, "xylt_c": 159.8361, "citr_L_c": 204.2875, "urea_c": 19588.9029, "hpdca_c": 1737.3897, "akg_c": 146.5952, "tyr_L_c": 3995.9016, "gln_L_c": 8619.7982, "bz_c": 4666.4565, "ethamp_c": 215.6368, "abt_c": 285.6242, "oxa_c": 182.5347, "urate_c": 859.71, "his_L_c": 745.2711, "C08261_c": 181.5889, "octa_c": 1094.2623, "glyc_R_c": 504.0984, "trp_L_c": 717.8436, "gua_c": 119.1677, "amp_c": 102.1438, "ins_c": 2847.7301, "gsn_c": 231.715, "C01601_c": 4537.831, "5oxpro_c": 38007.8815, "ala_L_c": 37290.9836, "ttdca_c": 6563.6822, "hxan_c": 3109.71, "glyc_c": 34208.7011, "uacgam_c": 120.1135, "ura_c": 574.0858, "C01507_c": 3422.7617, "2hb_c": 1857.5032, "asn_L_c": 322.5095, "fru_c": 157.9445, "xan_c": 199.5586, "adpac_c": 406.6835, "cmp_c": 242.1185, "adn_c": 154.1614, "sbt_D_c": 307.377, "udpglcur_c": 160.7818, "phe_L_c": 3271.4376, "ddca_c": 3176.86, "yvite_c": 499.3695, "thr_L_c": 3200.5044, "docosac_c": 903.2156, "pro_L_c": 7420.5549, "ncam_c": 1171.8159, "pyr_c": 480.454, "ser_L_c": 7450.8197}