{"ile_L_c": 2930.9278, "fum_c": 226.8041, "val_L_c": 5974.2268, "retinal_cis_9_c": 3248.4536, "met_L_c": 281.4433, "ocdca_c": 158900.0, "cys_L_c": 607.2165, "leu_L_c": 4745.3608, "hdcea_c": 10643.298999999999, "4mop_c": 917.5258, "gly_c": 5393.8144, "dca_c": 284.5361, "uri_c": 967.0103, "CE2510_c": 209.2784, "rib_D_c": 126.8041, "hdca_c": 31235.0516, "arachd_c": 700.0, "asp_L_c": 1051.5464, "spmd_c": 88.6598, "glyclt_c": 339.1753, "lys_L_c": 2301.0309, "glu_L_c": 2028.866, "etha_c": 1483.5052, "crtn_c": 3135.0515, "ptdca_c": 1535.0515, "arach_c": 1621.6495, "man_c": 865.9794, "taur_c": 1171.134, "cit_c": 512.3711, "CE5126_c": 1918.5567, "succ_c": 337.1134, "ocdcea_c": 8915.4639, "ala_B_c": 123.7113, "xylt_c": 190.7216, "citr_L_c": 169.0722, "urea_c": 33810.3093, "hpdca_c": 2059.7938, "akg_c": 100.0, "tyr_L_c": 3493.8144, "gln_L_c": 7212.3711, "bz_c": 2728.866, "ethamp_c": 203.0928, "abt_c": 118.5567, "oxa_c": 281.4433, "urate_c": 1824.7423, "his_L_c": 459.7938, "C08261_c": 85.56700000000001, "octa_c": 1391.7526, "glyc_R_c": 294.8454, "trp_L_c": 1498.9691, "gua_c": 131.9588, "amp_c": 304.1237, "ins_c": 2292.7835, "gsn_c": 168.0412, "C01601_c": 3741.2371, "5oxpro_c": 23314.432999999997, "ala_L_c": 22447.4227, "ttdca_c": 10542.268, "hxan_c": 1234.0206, "glyc_c": 45441.2371, "uacgam_c": 53.6082, "ura_c": 296.9072, "C01507_c": 2110.3093, "2hb_c": 1132.9897, "asn_L_c": 319.5876, "fru_c": 313.4021, "xan_c": 259.7938, "adpac_c": 262.8866, "cmp_c": 161.8557, "adn_c": 158.7629, "sbt_D_c": 202.0619, "udpglcur_c": 195.8763, "phe_L_c": 1376.2887, "ddca_c": 2660.8247, "yvite_c": 311.3402, "thr_L_c": 1844.3299, "docosac_c": 386.5979, "pro_L_c": 3143.2990000000004, "ncam_c": 318.5567, "pyr_c": 169.0722, "ser_L_c": 3555.6701}