{"ile_L_c": 6678.0538, "fum_c": 844.7205, "val_L_c": 13523.8095, "retinal_cis_9_c": 7281.5735, "met_L_c": 1547.619, "ocdca_c": 156963.7681, "cys_L_c": 372.6708, "leu_L_c": 13515.5279, "hdcea_c": 4122.1532, "4mop_c": 746.3768, "gly_c": 8783.6439, "dca_c": 307.4534, "uri_c": 1226.7081, "CE2510_c": 215.3209, "rib_D_c": 632.5052, "hdca_c": 31586.9565, "arachd_c": 1362.3188, "asp_L_c": 6481.3665, "spmd_c": 361.2836, "glyclt_c": 155.2795, "lys_L_c": 9039.3375, "glu_L_c": 10484.4721, "etha_c": 18142.8571, "crtn_c": 3004.1408, "ptdca_c": 2772.2567, "arach_c": 1493.7888, "man_c": 1297.1014, "taur_c": 5161.4907, "cit_c": 3078.6749, "CE5126_c": 810.559, "succ_c": 711.1801, "ocdcea_c": 6545.5487, "ala_B_c": 327.1222, "xylt_c": 172.8778, "citr_L_c": 471.0145, "urea_c": 32504.1408, "hpdca_c": 2181.1594, "akg_c": 113.8716, "tyr_L_c": 8616.9772, "gln_L_c": 4734.9896, "bz_c": 3465.8385, "ethamp_c": 144.9275, "abt_c": 492.7536, "oxa_c": 178.0538, "urate_c": 2055.9006, "his_L_c": 1611.8012, "C08261_c": 92.1325, "octa_c": 1673.9129999999998, "glyc_R_c": 516.5631, "trp_L_c": 2674.9482, "gua_c": 233.9545, "amp_c": 339.5445, "ins_c": 5312.6294, "gsn_c": 563.1469999999999, "C01601_c": 9043.4783, "5oxpro_c": 56379.9172, "ala_L_c": 47167.7019, "ttdca_c": 10258.7992, "hxan_c": 4478.2609, "glyc_c": 39457.5569, "uacgam_c": 64.1822, "ura_c": 791.9255, "C01507_c": 7272.2567, "2hb_c": 1451.3458, "asn_L_c": 504.1408, "fru_c": 379.9172, "xan_c": 362.3188, "adpac_c": 574.5342, "cmp_c": 218.4265, "adn_c": 152.1739, "sbt_D_c": 521.7391, "udpglcur_c": 240.1656, "phe_L_c": 5080.7453, "ddca_c": 3305.383, "yvite_c": 2621.118, "thr_L_c": 4600.4141, "docosac_c": 648.0331, "pro_L_c": 10238.0952, "ncam_c": 862.3188, "pyr_c": 632.5052, "ser_L_c": 10346.7909}